id_cliente,periodo,sucursal,provincia,fecha_alta,edad,tipo_empleo,ingreso_declarado,antiguedad_laboral,deuda_actual,cant_productos,consumo_tarjeta_mensual,mora_historica,score_buro,cant_consultas_recientes,saldo_promedio,limite_tarjeta,cant_atrasos_12m,monto_prestamo_solicitado
CL202304359,2023,Córdoba Shopping,Santa Fe,03/02/2019,41,s/d,272000.0,8.9,153000.0,3,137000.0,1,595.0,3,169000.0,591000.0,1,740000.0
CL202302163,2023,Mendoza Sur,Mendoza,12/24/2017,37,monotributo,911000.0,,164000.0,3,249000.0,0,642.0,0,201000.0,1488000.0,0,1897000.0
CL202304386,2023,Central,Mendoza,17/02/2016,53,s/d,264000.0,13.4,99000.0,3,149000.0,0,,3,176000.0,433000.0,2,1885000.0
CL202305394,2023,Central,Buenos Aires,2016-01-08,43,Monotributo,,8.1,196000.0,2,233000.0,Sí,584.0,1,152000.0,996000.0,0,2968000.0
CL202303465,2023,Central,Tucumán,06/24/2018,35,monotributo,1228000.0,6.3,141000.0,3,418000.0,No,810.0,0,671000.0,1827000.0,0,3334000.0
CL202300941,2023,Canal Digital,Buenos Aires,07/28/2019,50,relacion de dependencia,1269000.0,14.1,191000.0,2,552.0,N,788.0,1,185000.0,1564000.0,0,9924000.0
CL202306504,2023,Mendoza Sur,Córdoba,06/03/2018,53,monotrib.,601000.0,16.3,226000.0,2,221000.0,0,576.0,2,342000.0,952000.0,0,3158000.0
CL202304106,2023,Canal Digital,Neuquén,2016-08-14,24,MT,318000.0,,47000.0,1,145.0,Sí,634.0,2,145000.0,492000.0,0,880000.0
CL202300754,2023,Palermo,Neuquén,04/13/2020,41,Rel. Dependencia,850000.0,10.6,289000.0,6,175000.0,Sí,630.0,0,453000.0,1342000.0,1,2030000.0
CL202301687,2023,Canal Digital,Mendoza,30/08/2021,64,s/d,197000.0,12.9,106000.0,5,63.0,1,574.0,1,120000.0,278000.0,1,391000.0
CL202301284,2023,Microcentro,Tucumán,05/03/2016,29,monotributo,240000.0,2.3,106000.0,4,72000.0,no,573.0,2,90000.0,229000.0,0,525000.0
CL202302126,2023,Mendoza Sur,Córdoba,2020-11-13,57,relacion de dependencia,1477000.0,22.2,277000.0,4,185000.0,si,682.0,0,959000.0,1604000.0,0,9461000.0
CL202304042,2023,Canal Digital,Córdoba,03/12/2020,30,MT,257000.0,11.7,86000.0,4,38.0,si,644.0,1,109000.0,386000.0,1,1702000.0
CL202302324,2023,La Plata,Mendoza,2017-05-15,42,Relación de Dependencia,,14.1,139000.0,3,163000.0,No,636.0,2,485000.0,798000.0,0,1094000.0
CL202301390,2023,Canal Digital,Mendoza,11/02/2021,51,Relación de Dependencia,1649000.0,,270000.0,7,585.0,no,621.0,0,1159000.0,3542000.0,1,10943000.0
CL202303266,2023,Canal Digital,Tucumán,29/09/2021,23,monotrib.,708000.0,,73000.0,1,160.0,No,,1,512000.0,1452000.0,1,4624000.0
CL202302865,2023,Córdoba Shopping,Buenos Aires,04/12/2019,39,RD,752000.0,10.0,311000.0,4,252000.0,si,565.0,0,420000.0,1013000.0,2,4831000.0
CL202303019,2023,Rosario Norte,Tucumán,2016-09-23,18,monotributo,490000.0,0.0,129000.0,1,58000.0,Sí,670.0,3,0.0,511000.0,1,2960000.0
CL202303178,2023,Palermo,Salta,28/01/2020,42,changas,175000.0,8.8,118000.0,4,55000.0,Sí,563.0,3,187000.0,331000.0,5,797000.0
CL202302011,2023,La Plata,Mendoza,02/08/2021,56,s/d,122000.0,,52000.0,1,49000.0,1,655.0,1,66000.0,175000.0,1,866000.0
CL202303553,2023,Palermo,Neuquén,2016-11-15,28,MT,629000.0,2.4,140000.0,1,202000.0,0,727.0,0,386000.0,1277000.0,0,1829000.0
CL202305841,2023,Mendoza Sur,Tucumán,09/08/2017,55,Relación de Dependencia,617000.0,15.8,100000.0,4,209000.0,N,677.0,1,315000.0,1193000.0,0,4500000.0
CL202306223,2023,Córdoba Shopping,Buenos Aires,24/11/2017,23,relacion de dependencia,942000.0,4.0,97000.0,5,469000.0,N,721.0,2,522000.0,1540000.0,1,5348000.0
CL202302045,2023,La Plata,Córdoba,2016-12-10,25,Rel. Dependencia,655000.0,5.1,311000.0,2,223000.0,si,606.0,0,171000.0,566000.0,0,4538000.0
CL202305563,2023,La Plata,Mendoza,03/28/2018,29,Relación de Dependencia,1288000.0,2.2,302000.0,4,432000.0,N,,2,1034000.0,1485000.0,1,4352000.0
CL202301068,2023,Rosario Norte,CABA,2020-09-11,38,Relación de Dependencia,1219000.0,4.4,169000.0,3,345000.0,0,745.0,1,661000.0,1782000.0,0,6534000.0
CL202300884,2023,Canal Digital,Córdoba,02/02/2016,44,monotributo,329000.0,,49000.0,2,126.0,1,675.0,1,172000.0,513000.0,0,1536000.0
CL202302887,2023,Córdoba Shopping,Salta,01/11/2021,42,MT,250000.0,9.8,120000.0,5,82000.0,0,653.0,1,254000.0,288000.0,1,1311000.0
CL202302104,2023,La Plata,Mendoza,09/14/2016,48,MT,435000.0,15.0,29000.0,3,163000.0,1,727.0,0,229000.0,935000.0,2,1718000.0
CL202303004,2023,Mendoza Sur,Córdoba,2019-11-14,70,changas,467000.0,,68000.0,2,156000.0,S,740.0,0,105000.0,688000.0,0,2427000.0
CL202301337,2023,Palermo,Córdoba,2016-06-25,21,Monotributo,478000.0,,176000.0,4,149000.0,No,641.0,0,48000.0,874000.0,1,1876000.0
CL202303401,2023,Palermo,Buenos Aires,20/10/2018,41,MT,581000.0,,70000.0,2,224000.0,N,733.0,0,187000.0,1198000.0,0,2137000.0
CL202303358,2023,Microcentro,Tucumán,2020-07-12,39,changas,,8.8,62000.0,2,66000.0,no,833.0,0,363000.0,630000.0,0,541000.0
CL202304099,2023,La Plata,Santa Fe,12/03/2021,46,relacion de dependencia,,13.1,415000.0,5,1014000.0,N,736.0,0,893000.0,3514000.0,1,16308000.0
CL202306516,2023,Palermo,Mendoza,2020-10-13,34,RD,,9.3,292000.0,4,691000.0,0,807.0,1,637000.0,3020000.0,0,11159000.0
CL202300286,2023,Microcentro,Córdoba,2020-11-22,26,MT,,2.7,162000.0,3,83000.0,No,605.0,1,335000.0,702000.0,0,873000.0
CL202300948,2023,Mendoza Sur,Mendoza,02/06/2017,59,Relación de Dependencia,1231000.0,16.1,161000.0,7,361000.0,1,801.0,1,359000.0,1903000.0,1,9752000.0
CL202302574,2023,Palermo,Tucumán,11/05/2016,71,Rel. Dependencia,555000.0,26.0,241000.0,2,115000.0,si,619.0,0,93000.0,1064000.0,2,3796000.0
CL202301006,2023,Palermo,Salta,2016-09-12,41,MT,1224000.0,8.7,336000.0,3,329000.0,no,722.0,0,391000.0,1184000.0,1,6697000.0
CL202301861,2023,La Plata,CABA,13/12/2018,52,relacion de dependencia,596000.0,13.4,196000.0,4,71000.0,si,666.0,1,231000.0,733000.0,0,1909000.0
CL202306589,2023,Central,Mendoza,27/01/2016,29,Informal,260000.0,4.8,89000.0,3,67000.0,no,,0,26000.0,363000.0,0,1704000.0
CL202302287,2023,Canal Digital,Salta,14/02/2020,63,RD,1456000.0,,235000.0,3,780.0,N,673.0,0,866000.0,2852000.0,0,6725000.0
CL202302931,2023,Palermo,CABA,05/25/2016,58,RD,953000.0,13.7,214000.0,6,204000.0,N,697.0,0,435000.0,1343000.0,0,5200000.0
CL202306225,2023,Palermo,Santa Fe,23/02/2016,48,Relación de Dependencia,,16.8,173000.0,4,329000.0,Sí,701.0,0,276000.0,2431000.0,0,7295000.0
CL202300633,2023,Mendoza Sur,Santa Fe,18/05/2021,46,relacion de dependencia,,6.6,129000.0,2,486000.0,no,640.0,0,530000.0,2088000.0,0,8881000.0
CL202304614,2023,Central,Buenos Aires,06/23/2018,37,relacion de dependencia,576000.0,8.0,310000.0,4,162000.0,Sí,634.0,0,615000.0,955000.0,0,2369000.0
CL202301198,2023,La Plata,Córdoba,05/01/2018,39,Informal,366000.0,10.1,89000.0,2,145000.0,0,647.0,0,248000.0,730000.0,0,2024000.0
CL202306239,2023,Córdoba Shopping,Neuquén,06/02/2016,21,Rel. Dependencia,655000.0,4.9,210000.0,5,381000.0,no,613.0,1,352000.0,1430000.0,1,1337000.0
CL202300241,2023,La Plata,Salta,16/05/2021,52,MT,332000.0,16.4,104000.0,2,67000.0,Sí,610.0,1,129000.0,590000.0,0,2093000.0
CL202302724,2023,La Plata,Tucumán,13/04/2021,34,monotributo,343000.0,3.9,80000.0,3,144000.0,Sí,727.0,1,200000.0,660000.0,1,2706000.0
CL202305077,2023,Palermo,Buenos Aires,17/08/2018,52,RD,881000.0,15.4,134000.0,4,121000.0,N,665.0,0,155000.0,1522000.0,0,4489000.0
CL202301326,2023,Canal Digital,Córdoba,2018-06-14,39,monotrib.,293000.0,8.4,53000.0,4,106.0,no,674.0,0,159000.0,503000.0,0,1127000.0
CL202305126,2023,Córdoba Shopping,Tucumán,05/21/2018,50,relacion de dependencia,966000.0,12.2,146000.0,7,256000.0,No,715.0,0,354000.0,820000.0,0,5981000.0
CL202302860,2023,Córdoba Shopping,Neuquén,25/08/2020,29,Informal,274000.0,,188000.0,3,66000.0,si,607.0,3,144000.0,372000.0,2,1277000.0
CL202306582,2023,Palermo,Buenos Aires,04/24/2020,52,monotributo,522000.0,,86000.0,3,36000.0,No,834.0,1,227000.0,715000.0,0,2272000.0
CL202300163,2023,Microcentro,Santa Fe,18/11/2019,30,monotrib.,535000.0,4.1,135000.0,5,6000.0,S,724.0,4,629000.0,844000.0,0,2721000.0
CL202300060,2023,Palermo,Buenos Aires,10/08/2018,18,changas,192000.0,3.3,54000.0,7,31000.0,no,697.0,1,214000.0,180000.0,1,1262000.0
CL202303396,2023,La Plata,Neuquén,06/26/2019,25,RD,919000.0,5.6,88000.0,2,256000.0,1,675.0,3,416000.0,1366000.0,0,1617000.0
CL202300814,2023,Mendoza Sur,Santa Fe,2021-10-02,65,Relación de Dependencia,775000.0,21.7,141000.0,4,194000.0,N,704.0,1,426000.0,738000.0,0,5023000.0
CL202303624,2023,Microcentro,Córdoba,07/06/2019,33,Rel. Dependencia,512000.0,8.4,174000.0,4,153000.0,0,608.0,0,259000.0,835000.0,0,2505000.0
CL202300520,2023,Córdoba Shopping,Mendoza,30/07/2019,31,Rel. Dependencia,1082000.0,5.1,158000.0,4,308000.0,0,719.0,0,806000.0,1535000.0,0,3333000.0
CL202304726,2023,Canal Digital,Mendoza,25/01/2016,62,Monotributo,,,202000.0,4,121.0,1,635.0,0,225000.0,383000.0,0,1432000.0
CL202300796,2023,Mendoza Sur,Córdoba,2021-08-26,48,Informal,144000.0,7.1,46000.0,2,44000.0,Sí,593.0,1,93000.0,185000.0,0,1137000.0
CL202301151,2023,Mendoza Sur,Buenos Aires,11/12/2016,43,Relación de Dependencia,617000.0,16.9,107000.0,7,77000.0,no,698.0,0,362000.0,1134000.0,1,3416000.0
CL202303438,2023,Córdoba Shopping,Santa Fe,08/06/2021,41,monotrib.,304000.0,5.9,123000.0,4,11000.0,S,691.0,2,143000.0,448000.0,0,1246000.0
CL202302748,2023,Córdoba Shopping,Mendoza,2019-04-04,55,monotrib.,611000.0,16.6,148000.0,1,173000.0,no,666.0,2,265000.0,611000.0,0,4442000.0
CL202303618,2023,Central,Salta,17/03/2019,46,RD,985000.0,9.8,188000.0,2,99000.0,No,709.0,0,653000.0,1196000.0,1,5105000.0
CL202304430,2023,Rosario Norte,Salta,2019-08-26,47,monotributo,,,122000.0,3,93000.0,Sí,538.0,2,159000.0,492000.0,1,1250000.0
CL202300118,2023,Microcentro,Tucumán,08/05/2017,33,Relación de Dependencia,577000.0,10.4,29000.0,2,143000.0,0,684.0,2,592000.0,1137000.0,0,1327000.0
CL202304859,2023,Palermo,Mendoza,2018-03-20,49,monotrib.,,9.2,41000.0,1,130000.0,No,,1,241000.0,839000.0,1,3527000.0
CL202301875,2023,Rosario Norte,Neuquén,08/05/2018,51,Informal,,10.2,26000.0,2,14000.0,no,,0,216000.0,249000.0,2,1347000.0
CL202302925,2023,La Plata,Tucumán,01/04/2017,52,RD,,19.4,41000.0,4,61000.0,N,789.0,3,250000.0,662000.0,1,3284000.0
CL202304578,2023,Canal Digital,Santa Fe,2018-06-18,30,Rel. Dependencia,1259000.0,3.9,348000.0,4,199.0,si,663.0,0,0.0,1684000.0,0,2674000.0
CL202300920,2023,Central,Neuquén,03/16/2018,58,s/d,336000.0,13.3,139000.0,4,33000.0,Sí,597.0,2,301000.0,335000.0,0,1760000.0
CL202304533,2023,Palermo,Salta,2016-05-20,36,monotributo,505000.0,3.8,50000.0,3,78000.0,No,660.0,2,137000.0,804000.0,0,2898000.0
CL202306271,2023,Microcentro,Neuquén,23/05/2021,35,monotributo,598000.0,,93000.0,1,190000.0,No,699.0,2,374000.0,812000.0,0,2744000.0
CL202301787,2023,La Plata,Córdoba,06/07/2021,42,Monotributo,303000.0,,203000.0,2,106000.0,si,503.0,0,216000.0,527000.0,1,1495000.0
CL202301440,2023,Rosario Norte,Tucumán,23/08/2019,38,relacion de dependencia,,9.2,689000.0,7,404000.0,si,548.0,2,581000.0,1453000.0,1,5409000.0
CL202301768,2023,Rosario Norte,Neuquén,02/01/2018,35,monotributo,442000.0,,81000.0,3,218000.0,no,,1,210000.0,779000.0,0,1758000.0
CL202305793,2023,La Plata,CABA,04/01/2016,37,monotributo,439000.0,,6000.0,2,267000.0,No,763.0,0,221000.0,612000.0,0,979000.0
CL202303765,2023,Palermo,CABA,05/07/2017,32,Monotributo,210000.0,,72000.0,5,102000.0,No,565.0,2,119000.0,439000.0,0,1569000.0
CL202300059,2023,Rosario Norte,Mendoza,02/04/2020,21,RD,1968000.0,2.3,501000.0,4,640000.0,no,834.0,1,795000.0,2997000.0,0,8131000.0
CL202302392,2023,Córdoba Shopping,Buenos Aires,27/11/2018,27,RD,798000.0,6.2,193000.0,2,178000.0,0,673.0,1,340000.0,1070000.0,0,2202000.0
CL202303638,2023,Mendoza Sur,Buenos Aires,04/07/2016,53,monotributo,433000.0,,154000.0,6,122000.0,Sí,689.0,0,388000.0,596000.0,1,1708000.0
CL202302221,2023,Córdoba Shopping,Córdoba,2018-06-26,35,s/d,416000.0,8.0,95000.0,2,53000.0,no,675.0,2,427000.0,686000.0,0,2075000.0
CL202305346,2023,La Plata,Neuquén,2017-02-26,40,Relación de Dependencia,326000.0,8.6,59000.0,6,104000.0,N,670.0,0,149000.0,588000.0,0,847000.0
CL202304622,2023,Central,Tucumán,26/10/2019,41,RD,694000.0,12.7,111000.0,3,68000.0,N,709.0,0,434000.0,951000.0,0,2188000.0
CL202301839,2023,Mendoza Sur,Neuquén,08/03/2017,25,s/d,266000.0,0.0,152000.0,3,36000.0,Sí,539.0,0,181000.0,218000.0,0,1835000.0
CL202301882,2023,Mendoza Sur,Buenos Aires,04/05/2017,26,monotributo,279000.0,3.2,44000.0,3,113000.0,0,688.0,0,266000.0,431000.0,1,1854000.0
CL202301025,2023,Rosario Norte,Tucumán,2020-11-21,18,MT,514000.0,,58000.0,2,103000.0,No,,2,252000.0,621000.0,0,2616000.0
CL202301438,2023,Rosario Norte,Santa Fe,2020-01-08,57,Monotributo,,,71000.0,5,94000.0,0,624.0,0,58000.0,333000.0,0,942000.0
CL202301532,2023,Microcentro,Tucumán,2021-08-02,26,monotributo,513000.0,4.6,100000.0,1,86000.0,no,645.0,1,485000.0,1061000.0,0,1979000.0
CL202300280,2023,Córdoba Shopping,Córdoba,28/09/2021,51,Rel. Dependencia,,14.8,273000.0,3,435000.0,no,718.0,0,825000.0,2809000.0,0,3626000.0
CL202303402,2023,Córdoba Shopping,CABA,09/04/2020,58,Rel. Dependencia,874000.0,19.6,217000.0,5,185000.0,N,641.0,0,755000.0,1160000.0,0,3885000.0
CL202303119,2023,La Plata,Neuquén,11/02/2016,75,relacion de dependencia,953000.0,23.2,38000.0,2,5000.0,N,759.0,1,258000.0,1233000.0,1,7540000.0
CL202304940,2023,Central,CABA,10/07/2016,38,RD,435000.0,12.6,113000.0,5,105000.0,Sí,589.0,1,102000.0,821000.0,2,3252000.0
CL202302236,2023,Córdoba Shopping,Neuquén,2020-12-26,47,RD,1145000.0,17.0,183000.0,3,365000.0,N,701.0,2,866000.0,2319000.0,0,8045000.0
CL202304811,2023,Canal Digital,CABA,15/08/2019,47,RD,653000.0,7.2,228000.0,7,264.0,Sí,675.0,0,617000.0,1023000.0,0,1346000.0
CL202305737,2023,Mendoza Sur,Mendoza,2019-11-05,38,Monotributo,686000.0,8.6,116000.0,3,192000.0,N,661.0,1,285000.0,807000.0,0,2335000.0
CL202306706,2023,Central,Tucumán,06/05/2020,48,RD,1624000.0,15.1,262000.0,4,280000.0,no,718.0,2,492000.0,3018000.0,0,6846000.0
CL202300875,2023,Palermo,CABA,21/09/2016,45,relacion de dependencia,737000.0,13.5,370000.0,6,216000.0,S,603.0,0,410000.0,1601000.0,1,4253000.0
CL202301028,2023,Córdoba Shopping,Neuquén,12/28/2021,23,s/d,218000.0,,111000.0,8,38000.0,S,575.0,1,117000.0,287000.0,4,940000.0
CL202303052,2023,La Plata,CABA,2018-02-24,44,monotributo,334000.0,8.8,163000.0,3,116000.0,si,635.0,3,180000.0,621000.0,0,1638000.0
CL202304312,2023,Palermo,Córdoba,2021-10-21,22,MT,169000.0,1.7,54000.0,1,35000.0,1,609.0,2,112000.0,215000.0,0,812000.0
CL202302495,2023,Mendoza Sur,CABA,2018-09-02,53,relacion de dependencia,579000.0,13.8,116000.0,2,127000.0,0,708.0,1,406000.0,481000.0,0,1933000.0
CL202304035,2023,Canal Digital,CABA,12/27/2019,37,monotrib.,,7.4,83000.0,5,149.0,S,633.0,2,185000.0,419000.0,1,2144000.0
CL202304342,2023,Córdoba Shopping,Mendoza,18/10/2019,41,Relación de Dependencia,870000.0,10.5,189000.0,4,88000.0,no,708.0,1,958000.0,703000.0,0,2594000.0
CL202300321,2023,Mendoza Sur,Salta,22/02/2021,45,informal,484000.0,7.6,66000.0,1,137000.0,No,695.0,2,46000.0,420000.0,0,3811000.0
CL202306048,2023,La Plata,Santa Fe,06/03/2019,53,Relación de Dependencia,475000.0,15.7,249000.0,3,5000.0,si,637.0,3,139000.0,862000.0,1,1468000.0
CL202305592,2023,Palermo,Córdoba,29/01/2019,49,Informal,240000.0,,65000.0,2,84000.0,No,686.0,0,144000.0,242000.0,0,642000.0
CL202301179,2023,Central,Córdoba,26/06/2020,27,Relación de Dependencia,1659000.0,4.6,281000.0,4,661000.0,no,733.0,1,1220000.0,2814000.0,0,13048000.0
CL202301980,2023,Palermo,Tucumán,19/10/2021,30,s/d,136000.0,7.3,116000.0,4,63000.0,S,429.0,4,110000.0,199000.0,2,1031000.0
CL202306478,2023,Palermo,Buenos Aires,09/07/2017,23,Relación de Dependencia,1060000.0,7.1,124000.0,3,57000.0,No,735.0,0,427000.0,1326000.0,0,7693000.0
CL202304228,2023,Microcentro,CABA,2021-03-11,45,Relación de Dependencia,425000.0,11.2,249000.0,7,174000.0,S,571.0,3,177000.0,566000.0,4,2271000.0
CL202304120,2023,La Plata,Salta,2020-04-14,25,RD,,1.8,385000.0,2,900000.0,no,684.0,0,1411000.0,6037000.0,0,14895000.0
CL202301795,2023,Central,Tucumán,05/18/2019,46,relacion de dependencia,,9.0,332000.0,5,293000.0,No,772.0,1,460000.0,1984000.0,0,1770000.0
CL202304338,2023,Rosario Norte,Santa Fe,28/05/2020,41,monotributo,229000.0,,178000.0,1,5000.0,si,569.0,3,107000.0,287000.0,0,591000.0
CL202305482,2023,Central,CABA,20/02/2018,40,RD,817000.0,10.6,155000.0,7,165000.0,No,757.0,1,216000.0,1494000.0,0,5411000.0
CL202302919,2023,Mendoza Sur,Tucumán,01/03/2020,66,Monotributo,,16.9,86000.0,3,118000.0,S,601.0,2,94000.0,414000.0,0,2437000.0
CL202306374,2023,Palermo,Tucumán,26/09/2021,40,monotrib.,211000.0,5.8,102000.0,3,108000.0,si,571.0,2,126000.0,221000.0,0,364000.0
CL202306250,2023,Canal Digital,Mendoza,15/08/2021,32,relacion de dependencia,225000.0,10.1,59000.0,2,32.0,1,655.0,1,91000.0,429000.0,1,1776000.0
CL202300121,2023,Mendoza Sur,Tucumán,27/12/2020,18,MT,768000.0,0.0,148000.0,3,168000.0,0,715.0,0,376000.0,639000.0,1,3498000.0
CL202304257,2023,Rosario Norte,Córdoba,2017-09-06,42,monotrib.,,9.4,123000.0,6,5000.0,no,684.0,1,101000.0,758000.0,0,2791000.0
CL202300616,2023,Central,Mendoza,22/06/2019,18,monotrib.,203000.0,0.0,93000.0,3,82000.0,si,568.0,2,96000.0,266000.0,0,1520000.0
CL202301853,2023,Palermo,Mendoza,20/01/2019,40,relacion de dependencia,479000.0,12.9,189000.0,5,182000.0,Sí,603.0,4,226000.0,775000.0,1,3184000.0
CL202301493,2023,Rosario Norte,Santa Fe,01/12/2019,35,relacion de dependencia,588000.0,9.4,72000.0,4,115000.0,S,710.0,2,251000.0,1190000.0,0,2807000.0
CL202302979,2023,Mendoza Sur,Neuquén,12/21/2016,75,informal,173000.0,22.7,92000.0,3,74000.0,N,592.0,0,0.0,333000.0,1,1314000.0
CL202304213,2023,Canal Digital,Córdoba,08/10/2021,66,RD,,22.1,54000.0,4,72.0,N,595.0,0,229000.0,564000.0,1,2141000.0
CL202305220,2023,Rosario Norte,Buenos Aires,10/01/2018,35,monotrib.,651000.0,9.4,258000.0,4,107000.0,Sí,644.0,0,475000.0,1238000.0,0,3580000.0
CL202306402,2023,Central,Santa Fe,01/25/2016,22,Rel. Dependencia,732000.0,3.0,10000.0,4,439000.0,Sí,652.0,0,199000.0,1513000.0,0,3070000.0
CL202300316,2023,Palermo,Tucumán,23/07/2017,26,Relación de Dependencia,652000.0,6.5,264000.0,2,252000.0,Sí,675.0,0,53000.0,904000.0,0,1928000.0
CL202303455,2023,Canal Digital,Tucumán,2020-10-11,45,Rel. Dependencia,1125000.0,12.3,198000.0,7,347.0,si,742.0,2,735000.0,1470000.0,0,4684000.0
CL202300835,2023,Córdoba Shopping,Salta,22/06/2018,37,Relación de Dependencia,792000.0,11.1,297000.0,5,255000.0,Sí,609.0,1,504000.0,1242000.0,0,4338000.0
CL202305830,2023,Rosario Norte,CABA,2017-04-02,37,Monotributo,410000.0,8.0,54000.0,3,116000.0,No,769.0,0,81000.0,544000.0,0,2629000.0
CL202303282,2023,Mendoza Sur,Neuquén,03/11/2021,43,Rel. Dependencia,927000.0,11.5,137000.0,6,300000.0,No,740.0,0,321000.0,1369000.0,0,2214000.0
CL202303280,2023,Rosario Norte,Córdoba,11/10/2017,54,changas,129000.0,,18000.0,4,61000.0,1,617.0,1,22000.0,179000.0,0,543000.0
CL202306109,2023,Córdoba Shopping,Tucumán,29/12/2020,70,Monotributo,345000.0,16.8,104000.0,2,66000.0,0,618.0,1,235000.0,587000.0,1,1271000.0
CL202305340,2023,Mendoza Sur,Neuquén,01/30/2020,31,Relación de Dependencia,587000.0,6.2,173000.0,3,323000.0,No,709.0,1,408000.0,736000.0,0,4507000.0
CL202303337,2023,Rosario Norte,CABA,19/02/2016,36,relacion de dependencia,1732000.0,9.5,384000.0,3,451000.0,N,839.0,1,1585000.0,3773000.0,0,8305000.0
CL202303537,2023,Mendoza Sur,CABA,2021-08-02,44,Relación de Dependencia,750000.0,9.0,176000.0,4,155000.0,0,731.0,2,132000.0,768000.0,0,3356000.0
CL202304071,2023,Microcentro,Tucumán,17/03/2018,57,s/d,195000.0,15.9,19000.0,4,60000.0,N,652.0,0,110000.0,264000.0,0,1289000.0
CL202302958,2023,Microcentro,Neuquén,08/09/2020,51,monotrib.,629000.0,16.2,64000.0,2,225000.0,Sí,744.0,1,259000.0,968000.0,1,2456000.0
CL202302882,2023,Mendoza Sur,Mendoza,2021-08-18,40,MT,1087000.0,4.1,219000.0,1,336000.0,No,696.0,1,836000.0,1246000.0,0,2886000.0
CL202303790,2023,Microcentro,Neuquén,07/06/2019,20,relacion de dependencia,637000.0,2.0,219000.0,1,129000.0,no,609.0,2,382000.0,1300000.0,1,1316000.0
CL202300234,2023,Mendoza Sur,Córdoba,28/11/2017,38,s/d,270000.0,5.2,129000.0,4,84000.0,Sí,604.0,2,52000.0,367000.0,0,1327000.0
CL202304776,2023,Canal Digital,Salta,01/10/2016,44,informal,261000.0,11.5,46000.0,3,35.0,0,696.0,0,128000.0,385000.0,0,1155000.0
CL202304217,2023,Canal Digital,Tucumán,24/08/2016,29,MT,,5.7,96000.0,2,83.0,0,630.0,4,268000.0,635000.0,0,1903000.0
CL202302332,2023,Córdoba Shopping,Buenos Aires,12/10/2019,61,RD,771000.0,16.5,183000.0,7,292000.0,0,668.0,1,361000.0,1669000.0,0,3850000.0
CL202300025,2023,Palermo,Salta,24/06/2020,30,Relación de Dependencia,,9.6,115000.0,3,272000.0,no,703.0,0,348000.0,1298000.0,2,1166000.0
CL202306385,2023,Central,Salta,2016-06-08,41,Monotributo,292000.0,,90000.0,3,59000.0,N,627.0,0,136000.0,479000.0,0,567000.0
CL202302494,2023,Córdoba Shopping,Córdoba,07/12/2018,41,relacion de dependencia,735000.0,14.2,81000.0,4,332000.0,no,,1,675000.0,841000.0,0,1726000.0
CL202303960,2023,Canal Digital,Salta,09/29/2019,43,changas,230000.0,10.1,45000.0,4,106.0,No,706.0,2,110000.0,261000.0,0,485000.0
CL202306180,2023,Mendoza Sur,Neuquén,2018-01-14,78,MT,,,87000.0,1,59000.0,si,,1,139000.0,395000.0,0,605000.0
CL202305916,2023,La Plata,Neuquén,12/01/2017,38,relacion de dependencia,589000.0,13.3,86000.0,3,230000.0,S,733.0,3,273000.0,845000.0,0,4278000.0
CL202301548,2023,Microcentro,Salta,04/10/2017,57,Relación de Dependencia,371000.0,21.0,75000.0,5,109000.0,No,654.0,0,196000.0,347000.0,0,2274000.0
CL202305836,2023,Microcentro,Neuquén,2021-05-28,21,Relación de Dependencia,836000.0,2.2,243000.0,3,235000.0,no,680.0,0,338000.0,1425000.0,0,5715000.0
CL202300449,2023,La Plata,Mendoza,27/11/2019,29,relacion de dependencia,679000.0,3.0,222000.0,6,330000.0,No,649.0,0,403000.0,1201000.0,1,4671000.0
CL202306576,2023,Mendoza Sur,Córdoba,21/02/2019,52,Rel. Dependencia,699000.0,15.4,259000.0,4,354000.0,No,692.0,1,256000.0,980000.0,1,2398000.0
CL202302503,2023,La Plata,CABA,21/10/2021,60,RD,695000.0,16.5,0.0,3,232000.0,0,661.0,0,339000.0,1029000.0,0,3374000.0
CL202306507,2023,Rosario Norte,Salta,06/12/2021,45,Relación de Dependencia,1401000.0,18.3,148000.0,4,591000.0,No,731.0,2,745000.0,1900000.0,0,10374000.0
CL202305295,2023,Microcentro,Neuquén,03/02/2018,36,MT,333000.0,8.7,108000.0,3,133000.0,1,593.0,3,159000.0,653000.0,1,1613000.0
CL202301015,2023,Canal Digital,Mendoza,2016-10-02,30,relacion de dependencia,,6.5,312000.0,4,393.0,N,636.0,0,853000.0,1290000.0,0,6510000.0
CL202303272,2023,La Plata,Santa Fe,04/09/2021,25,MT,543000.0,,65000.0,3,32000.0,No,711.0,2,337000.0,744000.0,1,1645000.0
CL202300351,2023,Canal Digital,Tucumán,06/12/2019,56,monotrib.,346000.0,15.0,102000.0,1,56.0,0,691.0,0,207000.0,367000.0,1,2597000.0
CL202301318,2023,La Plata,Santa Fe,01/31/2021,34,Rel. Dependencia,1037000.0,12.8,284000.0,4,404000.0,0,685.0,1,787000.0,2017000.0,1,3527000.0
CL202303006,2023,Mendoza Sur,Salta,2021-03-10,46,MT,146000.0,,49000.0,3,56000.0,si,650.0,0,118000.0,207000.0,0,1007000.0
CL202305067,2023,La Plata,Santa Fe,24/12/2016,58,RD,1141000.0,19.3,217000.0,5,386000.0,N,749.0,0,352000.0,1943000.0,0,4575000.0
CL202304536,2023,Microcentro,Buenos Aires,16/02/2021,31,changas,216000.0,4.7,114000.0,4,55000.0,S,543.0,5,119000.0,452000.0,0,603000.0
CL202300428,2023,Palermo,Neuquén,12/04/2018,29,monotributo,484000.0,,172000.0,1,102000.0,No,605.0,1,355000.0,495000.0,0,1852000.0
CL202305686,2023,Rosario Norte,Neuquén,2016-10-06,45,relacion de dependencia,706000.0,12.4,224000.0,6,131000.0,0,604.0,1,170000.0,1479000.0,2,4956000.0
CL202302521,2023,Mendoza Sur,Salta,2021-12-21,21,RD,992000.0,2.7,204000.0,6,364000.0,no,760.0,0,614000.0,886000.0,0,6148000.0
CL202300260,2023,Microcentro,Mendoza,03/03/2017,26,s/d,142000.0,2.3,26000.0,4,5000.0,0,667.0,1,79000.0,178000.0,1,984000.0
CL202305986,2023,La Plata,Santa Fe,21/09/2020,44,relacion de dependencia,,10.8,314000.0,6,502000.0,Sí,746.0,0,1600000.0,2661000.0,0,11689000.0
CL202306218,2023,Palermo,Córdoba,21/02/2019,28,informal,94000.0,1.8,26000.0,3,48000.0,0,624.0,1,36000.0,142000.0,0,303000.0
CL202303225,2023,La Plata,Tucumán,2016-05-13,28,monotributo,429000.0,7.4,109000.0,3,178000.0,S,,1,256000.0,703000.0,0,2189000.0
CL202303187,2023,Córdoba Shopping,CABA,18/08/2021,34,RD,1522000.0,8.2,288000.0,5,726000.0,no,625.0,0,737000.0,1281000.0,0,4327000.0
CL202305287,2023,Rosario Norte,Mendoza,12/30/2017,24,informal,290000.0,3.2,65000.0,2,68000.0,No,690.0,0,116000.0,246000.0,0,722000.0
CL202302800,2023,Central,Salta,01/08/2019,38,changas,165000.0,,71000.0,2,64000.0,1,568.0,1,71000.0,324000.0,2,1271000.0
CL202305714,2023,Córdoba Shopping,Córdoba,17/12/2016,41,Monotributo,608000.0,,212000.0,3,185000.0,si,680.0,2,304000.0,847000.0,0,1437000.0
CL202302487,2023,Palermo,Mendoza,18/03/2019,34,RD,409000.0,9.2,219000.0,7,148000.0,N,,3,362000.0,860000.0,1,1441000.0
CL202300005,2023,Central,Neuquén,2016-07-19,33,monotrib.,285000.0,8.5,84000.0,2,92000.0,no,646.0,0,170000.0,525000.0,1,800000.0
CL202301193,2023,Microcentro,Santa Fe,2016-08-23,37,MT,479000.0,5.2,246000.0,3,144000.0,0,613.0,0,266000.0,942000.0,1,3732000.0
CL202304707,2023,Microcentro,Buenos Aires,25/01/2019,40,Rel. Dependencia,812000.0,10.4,420000.0,5,281000.0,1,532.0,0,398000.0,1627000.0,1,5355000.0
CL202303325,2023,Microcentro,Tucumán,2016-05-12,47,Rel. Dependencia,1500000.0,14.7,530000.0,1,536000.0,N,693.0,2,822000.0,3079000.0,1,9515000.0
CL202302051,2023,Microcentro,Córdoba,22/02/2021,45,relacion de dependencia,679000.0,12.5,218000.0,6,175000.0,S,608.0,1,478000.0,1026000.0,0,2828000.0
CL202303915,2023,Microcentro,Córdoba,05/10/2016,38,Rel. Dependencia,723000.0,13.4,209000.0,6,117000.0,S,591.0,2,308000.0,1216000.0,0,1897000.0
CL202305125,2023,Central,Santa Fe,2019-12-23,37,Monotributo,592000.0,3.6,230000.0,3,288000.0,Sí,619.0,3,217000.0,779000.0,0,1309000.0
CL202306134,2023,Microcentro,Córdoba,15/04/2018,36,Monotributo,443000.0,10.4,228000.0,3,91000.0,1,,2,170000.0,561000.0,0,1727000.0
CL202304379,2023,Córdoba Shopping,Córdoba,20/01/2018,55,Relación de Dependencia,647000.0,18.3,114000.0,3,60000.0,0,696.0,0,282000.0,1213000.0,1,3437000.0
CL202305473,2023,Palermo,Córdoba,2021-11-21,39,MT,691000.0,7.4,109000.0,2,316000.0,no,669.0,1,367000.0,968000.0,0,1747000.0
CL202301387,2023,Central,Córdoba,2020-11-26,59,Rel. Dependencia,854000.0,16.7,267000.0,3,284000.0,no,641.0,0,424000.0,1476000.0,0,1526000.0
CL202303802,2023,Córdoba Shopping,Buenos Aires,13/04/2021,28,Relación de Dependencia,283000.0,5.5,172000.0,2,108000.0,1,615.0,3,24000.0,287000.0,0,1150000.0
CL202300331,2023,Mendoza Sur,Buenos Aires,2017-06-28,24,RD,403000.0,7.8,215000.0,2,105000.0,si,663.0,0,127000.0,448000.0,0,2920000.0
CL202304151,2023,Córdoba Shopping,Santa Fe,2018-10-12,18,monotributo,,0.0,38000.0,2,75000.0,Sí,681.0,1,105000.0,205000.0,0,412000.0
CL202300659,2023,Córdoba Shopping,Tucumán,2021-07-29,18,Relación de Dependencia,795000.0,3.9,176000.0,2,193000.0,No,622.0,0,493000.0,1113000.0,1,3131000.0
CL202301098,2023,Córdoba Shopping,Salta,04/04/2021,48,Informal,121000.0,8.9,88000.0,2,42000.0,si,526.0,2,62000.0,196000.0,0,963000.0
CL202303900,2023,Rosario Norte,CABA,2018-06-25,51,monotrib.,,11.9,291000.0,2,435000.0,0,775.0,0,1151000.0,1970000.0,0,2984000.0
CL202301783,2023,Mendoza Sur,Mendoza,29/03/2016,23,Relación de Dependencia,693000.0,5.4,152000.0,3,174000.0,0,,0,568000.0,1458000.0,1,1727000.0
CL202304458,2023,La Plata,Buenos Aires,2017-02-02,35,Monotributo,548000.0,9.0,115000.0,2,144000.0,No,752.0,0,532000.0,839000.0,1,2361000.0
CL202304198,2023,Palermo,Córdoba,04/08/2018,47,MT,306000.0,,81000.0,3,86000.0,0,586.0,2,140000.0,269000.0,1,1461000.0
CL202302804,2023,Palermo,Tucumán,09/30/2017,36,Monotributo,316000.0,,49000.0,3,45000.0,no,692.0,1,56000.0,507000.0,1,2473000.0
CL202300246,2023,Palermo,Mendoza,31/08/2016,31,monotrib.,721000.0,,20000.0,2,150000.0,No,814.0,1,338000.0,886000.0,0,4117000.0
CL202305978,2023,Córdoba Shopping,Neuquén,10/11/2018,54,monotrib.,650000.0,,65000.0,3,218000.0,No,717.0,0,578000.0,530000.0,2,2295000.0
CL202303681,2023,Rosario Norte,CABA,13/05/2017,32,Monotributo,,5.1,275000.0,4,342000.0,No,748.0,0,375000.0,1749000.0,0,6415000.0
CL202301540,2023,La Plata,CABA,03/09/2021,25,Monotributo,653000.0,,244000.0,3,130000.0,Sí,568.0,3,325000.0,625000.0,0,1376000.0
CL202306653,2023,Palermo,CABA,02/04/2017,18,Monotributo,412000.0,0.0,71000.0,3,104000.0,0,650.0,0,299000.0,757000.0,0,1172000.0
CL202302043,2023,Microcentro,Tucumán,14/05/2016,32,RD,,12.4,158000.0,2,266000.0,S,747.0,0,496000.0,1345000.0,0,4007000.0
CL202303886,2023,Canal Digital,Tucumán,11/04/2020,49,MT,1003000.0,,20000.0,4,173.0,N,695.0,1,178000.0,1104000.0,0,4279000.0
CL202305964,2023,La Plata,Tucumán,11/16/2017,71,Monotributo,227000.0,15.7,56000.0,4,93000.0,no,648.0,0,287000.0,392000.0,2,1806000.0
CL202306691,2023,Rosario Norte,Tucumán,2021-05-21,27,Relación de Dependencia,,3.3,421000.0,3,471000.0,0,615.0,1,287000.0,1405000.0,2,5502000.0
CL202300161,2023,La Plata,Neuquén,17/08/2019,32,relacion de dependencia,781000.0,9.5,223000.0,3,341000.0,Sí,596.0,0,702000.0,649000.0,1,5818000.0
CL202300927,2023,Córdoba Shopping,Mendoza,07/10/2016,61,Monotributo,316000.0,13.0,84000.0,3,63000.0,0,645.0,3,78000.0,430000.0,0,2498000.0
CL202306330,2023,Microcentro,Santa Fe,21/09/2016,48,MT,,10.4,146000.0,5,149000.0,No,678.0,5,139000.0,337000.0,2,2111000.0
CL202304906,2023,La Plata,Tucumán,05/03/2019,59,Monotributo,,12.2,247000.0,3,145000.0,Sí,543.0,11,166000.0,272000.0,4,2171000.0
CL202300503,2023,Mendoza Sur,Buenos Aires,2018-02-24,50,relacion de dependencia,762000.0,15.8,308000.0,2,345000.0,no,683.0,1,122000.0,1342000.0,0,5947000.0
CL202301712,2023,Mendoza Sur,Tucumán,11/20/2019,30,Rel. Dependencia,,4.6,179000.0,3,465000.0,N,743.0,0,0.0,1293000.0,0,3292000.0
CL202302258,2023,Microcentro,Córdoba,2021-10-07,27,Monotributo,318000.0,4.3,131000.0,4,130000.0,1,565.0,1,281000.0,512000.0,1,2482000.0
CL202306281,2023,Rosario Norte,Tucumán,09/09/2016,41,changas,377000.0,11.1,78000.0,2,158000.0,0,,2,264000.0,600000.0,0,1290000.0
CL202302169,2023,Central,Neuquén,07/02/2021,42,s/d,223000.0,,109000.0,4,53000.0,S,608.0,1,93000.0,459000.0,2,487000.0
CL202306677,2023,Microcentro,Salta,2017-12-01,38,monotrib.,218000.0,6.2,97000.0,3,65000.0,no,564.0,0,59000.0,408000.0,2,1534000.0
CL202303381,2023,Palermo,Salta,24/12/2016,24,Monotributo,612000.0,1.4,38000.0,4,238000.0,Sí,778.0,1,294000.0,1135000.0,0,3969000.0
CL202303772,2023,Palermo,CABA,29/11/2019,52,Monotributo,363000.0,9.3,315000.0,5,98000.0,1,466.0,4,173000.0,627000.0,3,1820000.0
CL202300014,2023,Microcentro,Córdoba,30/06/2021,45,Monotributo,701000.0,12.5,149000.0,4,169000.0,N,759.0,2,454000.0,1309000.0,0,2913000.0
CL202302637,2023,Mendoza Sur,Santa Fe,21/03/2020,57,relacion de dependencia,2038000.0,,325000.0,4,1125000.0,No,820.0,1,1201000.0,2711000.0,1,9826000.0
CL202305548,2023,Mendoza Sur,Salta,03/03/2017,28,Rel. Dependencia,621000.0,8.3,222000.0,4,112000.0,Sí,601.0,0,427000.0,703000.0,0,4751000.0
CL202306052,2023,Mendoza Sur,Neuquén,2020-12-04,50,Rel. Dependencia,862000.0,18.1,80000.0,4,314000.0,no,720.0,0,406000.0,1567000.0,0,5969000.0
CL202301866,2023,Palermo,Mendoza,12/03/2021,18,changas,496000.0,0.0,102000.0,3,166000.0,1,699.0,0,70000.0,593000.0,0,1565000.0
CL202306605,2023,Córdoba Shopping,Santa Fe,2018-10-10,18,MT,1362000.0,0.0,364000.0,3,244000.0,0,731.0,0,1047000.0,2444000.0,0,2444000.0
CL202300484,2023,Mendoza Sur,Tucumán,2019-04-21,42,s/d,172000.0,,44000.0,1,45000.0,no,611.0,2,42000.0,299000.0,0,824000.0
CL202304285,2023,Rosario Norte,Mendoza,19/07/2017,18,RD,1095000.0,3.7,3000.0,5,492000.0,No,833.0,1,95000.0,1212000.0,1,3087000.0
CL202305469,2023,Central,Salta,12/01/2016,62,monotributo,326000.0,18.8,260000.0,6,137000.0,si,493.0,7,199000.0,684000.0,3,834000.0
CL202304348,2023,Mendoza Sur,Neuquén,2020-04-21,18,Rel. Dependencia,767000.0,2.5,372000.0,2,247000.0,Sí,597.0,2,665000.0,1673000.0,1,4329000.0
CL202303056,2023,Rosario Norte,Salta,16/02/2017,40,monotrib.,,8.6,126000.0,4,195000.0,S,659.0,1,293000.0,490000.0,0,2198000.0
CL202300426,2023,La Plata,Santa Fe,03/08/2018,36,relacion de dependencia,820000.0,11.4,141000.0,4,114000.0,No,724.0,1,614000.0,1026000.0,0,3017000.0
CL202302654,2023,Microcentro,Tucumán,30/05/2018,35,informal,225000.0,4.0,136000.0,2,110000.0,si,531.0,1,202000.0,440000.0,2,1125000.0
CL202304116,2023,Córdoba Shopping,Córdoba,03/28/2018,23,Relación de Dependencia,914000.0,4.9,35000.0,3,205000.0,no,792.0,0,490000.0,833000.0,2,6759000.0
CL202305723,2023,Rosario Norte,Salta,28/07/2017,66,s/d,,,63000.0,5,65000.0,si,624.0,0,53000.0,326000.0,1,764000.0
CL202303635,2023,Palermo,Tucumán,2016-11-02,39,relacion de dependencia,696000.0,10.7,233000.0,3,308000.0,N,602.0,1,449000.0,1364000.0,0,1627000.0
CL202301191,2023,Córdoba Shopping,Buenos Aires,23/09/2018,65,Informal,90000.0,11.4,63000.0,4,20000.0,si,537.0,5,61000.0,106000.0,2,486000.0
CL202303656,2023,Microcentro,Buenos Aires,09/08/2018,44,Monotributo,638000.0,,81000.0,2,282000.0,No,836.0,2,212000.0,576000.0,1,4545000.0
CL202304866,2023,Canal Digital,Tucumán,07/07/2019,44,Informal,,,53000.0,7,40.0,si,649.0,5,65000.0,188000.0,0,185000.0
CL202302622,2023,Rosario Norte,Córdoba,09/05/2016,52,monotrib.,431000.0,10.3,135000.0,2,176000.0,S,592.0,1,163000.0,554000.0,0,2293000.0
CL202304615,2023,Canal Digital,Neuquén,05/31/2018,48,Relación de Dependencia,,,89000.0,3,359.0,0,829.0,0,362000.0,1945000.0,0,7209000.0
CL202301531,2023,Central,Buenos Aires,09/22/2020,47,relacion de dependencia,1244000.0,11.5,424000.0,4,349000.0,no,635.0,3,708000.0,2529000.0,0,4241000.0
CL202301947,2023,Microcentro,Neuquén,24/05/2018,45,Relación de Dependencia,464000.0,16.4,105000.0,4,139000.0,1,755.0,0,98000.0,979000.0,1,1481000.0
CL202301293,2023,Rosario Norte,Córdoba,21/03/2016,55,Relación de Dependencia,787000.0,16.1,172000.0,2,98000.0,si,626.0,1,363000.0,1140000.0,0,5218000.0
CL202304792,2023,Canal Digital,Neuquén,11/06/2019,55,s/d,,6.5,153000.0,2,60.0,S,525.0,2,167000.0,246000.0,0,612000.0
CL202306220,2023,Microcentro,Córdoba,26/03/2020,53,monotributo,648000.0,12.9,69000.0,7,258000.0,N,692.0,2,364000.0,1234000.0,0,2931000.0
CL202304567,2023,La Plata,Córdoba,2020-01-21,63,relacion de dependencia,520000.0,19.7,136000.0,3,91000.0,No,740.0,0,73000.0,885000.0,1,2924000.0
CL202300074,2023,Canal Digital,Buenos Aires,2021-03-22,45,RD,1443000.0,12.6,208000.0,6,595.0,0,728.0,1,1138000.0,2840000.0,0,7797000.0
CL202303073,2023,Palermo,Córdoba,08/11/2020,60,monotributo,435000.0,16.3,64000.0,5,221000.0,no,661.0,0,302000.0,511000.0,0,2223000.0
CL202305904,2023,Mendoza Sur,Neuquén,29/11/2017,47,Relación de Dependencia,712000.0,16.4,217000.0,4,366000.0,Sí,626.0,2,490000.0,808000.0,1,1943000.0
CL202305537,2023,Palermo,CABA,30/03/2018,49,RD,757000.0,15.6,318000.0,4,333000.0,N,559.0,2,510000.0,755000.0,1,4690000.0
CL202300868,2023,Central,Córdoba,2020-04-10,44,MT,269000.0,14.0,43000.0,2,85000.0,N,722.0,1,103000.0,484000.0,0,1040000.0
CL202306410,2023,La Plata,Tucumán,20/03/2016,19,Rel. Dependencia,,4.6,265000.0,2,205000.0,no,564.0,2,393000.0,1952000.0,0,3367000.0
CL202304140,2023,La Plata,Neuquén,04/11/2018,37,changas,189000.0,4.4,48000.0,6,32000.0,N,770.0,1,138000.0,364000.0,0,1295000.0
CL202304541,2023,Microcentro,Buenos Aires,06/30/2019,39,RD,,8.2,269000.0,6,499000.0,N,730.0,3,659000.0,1636000.0,0,2728000.0
CL202306620,2023,La Plata,Salta,08/01/2018,37,Informal,229000.0,2.9,52000.0,1,35000.0,1,652.0,1,149000.0,417000.0,0,1630000.0
CL202300940,2023,Mendoza Sur,Tucumán,27/04/2020,64,Relación de Dependencia,1641000.0,19.2,732000.0,4,482000.0,si,605.0,0,1227000.0,1689000.0,0,4237000.0
CL202301484,2023,Palermo,Santa Fe,2019-02-09,55,Rel. Dependencia,,18.8,79000.0,7,373000.0,no,720.0,1,227000.0,1396000.0,0,6468000.0
CL202301004,2023,La Plata,Neuquén,30/12/2020,47,monotributo,479000.0,10.1,104000.0,2,125000.0,N,,1,180000.0,921000.0,1,1333000.0
CL202300267,2023,Microcentro,Santa Fe,07/05/2021,47,Relación de Dependencia,762000.0,16.8,174000.0,1,206000.0,no,679.0,0,701000.0,909000.0,1,6058000.0
CL202300664,2023,Microcentro,Neuquén,04/04/2017,18,MT,1902000.0,,117000.0,3,552000.0,no,744.0,0,960000.0,1971000.0,0,5590000.0
CL202303937,2023,Central,CABA,2020-12-27,62,relacion de dependencia,,21.7,110000.0,3,132000.0,1,715.0,2,156000.0,913000.0,0,2550000.0
CL202303441,2023,Palermo,Buenos Aires,06/01/2018,34,MT,698000.0,8.9,185000.0,3,275000.0,1,730.0,0,0.0,698000.0,0,1159000.0
CL202305024,2023,Rosario Norte,Buenos Aires,17/05/2018,47,changas,,10.3,86000.0,3,71000.0,S,489.0,0,47000.0,302000.0,2,632000.0
CL202302874,2023,Canal Digital,Córdoba,2017-09-18,31,monotrib.,331000.0,4.9,91000.0,5,73.0,no,699.0,0,157000.0,614000.0,1,1153000.0
CL202303548,2023,La Plata,Santa Fe,18/11/2016,31,relacion de dependencia,581000.0,8.4,70000.0,3,323000.0,N,751.0,0,537000.0,792000.0,0,4410000.0
CL202305277,2023,Central,Tucumán,2016-11-06,49,monotributo,176000.0,12.8,31000.0,5,41000.0,0,,0,73000.0,150000.0,0,469000.0
CL202300898,2023,Mendoza Sur,Buenos Aires,06/09/2018,41,MT,800000.0,5.8,155000.0,4,210000.0,No,,0,799000.0,1596000.0,1,6194000.0
CL202306495,2023,Mendoza Sur,Neuquén,22/10/2016,45,informal,213000.0,7.2,93000.0,2,29000.0,si,648.0,0,12000.0,464000.0,1,803000.0
CL202301615,2023,Microcentro,Salta,14/11/2021,27,Rel. Dependencia,1245000.0,6.3,186000.0,4,480000.0,Sí,726.0,1,117000.0,2126000.0,0,6474000.0
CL202302018,2023,Palermo,Neuquén,2016-07-01,39,Relación de Dependencia,,13.6,263000.0,3,609000.0,0,,0,338000.0,1563000.0,0,7737000.0
CL202300666,2023,La Plata,Tucumán,05/18/2016,50,Informal,108000.0,11.9,77000.0,3,30000.0,Sí,513.0,4,81000.0,135000.0,2,854000.0
CL202301102,2023,Canal Digital,Buenos Aires,30/10/2021,52,MT,,12.2,252000.0,4,161.0,No,648.0,0,268000.0,1052000.0,1,1140000.0
CL202304971,2023,Rosario Norte,Tucumán,2019-07-16,53,Rel. Dependencia,1469000.0,14.0,240000.0,7,506000.0,N,754.0,1,1139000.0,2011000.0,1,3634000.0
CL202303095,2023,Córdoba Shopping,Córdoba,28/11/2017,34,Rel. Dependencia,714000.0,12.0,156000.0,6,159000.0,S,702.0,2,144000.0,637000.0,1,2052000.0
CL202302361,2023,Rosario Norte,CABA,02/17/2016,28,Relación de Dependencia,492000.0,7.9,119000.0,6,89000.0,Sí,632.0,2,356000.0,703000.0,0,1400000.0
CL202305998,2023,Rosario Norte,Santa Fe,2016-02-01,52,Relación de Dependencia,828000.0,16.7,100000.0,7,460000.0,N,727.0,0,359000.0,1396000.0,0,6096000.0
CL202302299,2023,Central,Santa Fe,05/16/2019,25,changas,658000.0,,72000.0,4,197000.0,N,681.0,2,405000.0,1184000.0,1,4675000.0
CL202302715,2023,Mendoza Sur,Buenos Aires,27/08/2020,28,monotrib.,247000.0,1.6,51000.0,2,47000.0,0,,4,183000.0,297000.0,1,1659000.0
CL202305549,2023,Palermo,Salta,17/10/2018,57,MT,,11.3,206000.0,5,347000.0,No,625.0,2,51000.0,579000.0,0,1598000.0
CL202304574,2023,La Plata,Neuquén,28/03/2016,57,Informal,175000.0,,78000.0,2,79000.0,S,633.0,1,61000.0,144000.0,1,884000.0
CL202304877,2023,Córdoba Shopping,Santa Fe,2018-02-16,29,informal,295000.0,3.5,73000.0,5,71000.0,0,692.0,0,191000.0,600000.0,1,1887000.0
CL202305189,2023,Microcentro,Tucumán,26/04/2016,31,RD,823000.0,4.5,251000.0,5,65000.0,si,622.0,4,674000.0,1545000.0,0,4985000.0
CL202300837,2023,Córdoba Shopping,Buenos Aires,29/09/2016,53,RD,,13.5,230000.0,3,263000.0,0,680.0,0,437000.0,1349000.0,0,1791000.0
CL202303249,2023,Córdoba Shopping,Córdoba,29/11/2021,39,Relación de Dependencia,895000.0,8.7,170000.0,6,159000.0,no,739.0,2,417000.0,1686000.0,0,6888000.0
CL202304517,2023,Central,Neuquén,28/06/2018,58,Rel. Dependencia,1394000.0,19.7,164000.0,3,519000.0,No,648.0,1,637000.0,2778000.0,0,10336000.0
CL202303663,2023,Rosario Norte,CABA,03/23/2019,49,Rel. Dependencia,509000.0,14.6,159000.0,5,125000.0,S,,1,326000.0,1107000.0,0,3562000.0
CL202302285,2023,La Plata,Salta,31/05/2016,54,s/d,392000.0,15.5,89000.0,4,45000.0,0,641.0,0,148000.0,712000.0,1,3116000.0
CL202304705,2023,Microcentro,CABA,18/04/2019,32,monotrib.,719000.0,7.7,133000.0,2,193000.0,1,709.0,0,457000.0,655000.0,0,3800000.0
CL202300596,2023,Mendoza Sur,Santa Fe,06/30/2016,61,Rel. Dependencia,485000.0,17.0,315000.0,7,20000.0,1,618.0,6,216000.0,511000.0,2,3283000.0
CL202306696,2023,La Plata,Mendoza,11/01/2017,40,Monotributo,336000.0,9.3,58000.0,3,110000.0,0,698.0,0,140000.0,593000.0,0,2004000.0
CL202303515,2023,Central,Salta,10/26/2019,50,Relación de Dependencia,,10.6,143000.0,4,416000.0,no,676.0,0,714000.0,703000.0,0,5630000.0
CL202301252,2023,La Plata,CABA,08/03/2016,63,changas,113000.0,14.1,26000.0,7,25000.0,si,655.0,0,56000.0,193000.0,1,439000.0
CL202306785,2023,Canal Digital,Neuquén,29/06/2018,43,Relación de Dependencia,564000.0,12.3,149000.0,3,25.0,No,752.0,2,443000.0,1041000.0,2,1472000.0
CL202304788,2023,La Plata,Santa Fe,2018-11-24,38,Monotributo,284000.0,7.6,100000.0,3,50000.0,no,625.0,0,101000.0,258000.0,0,855000.0
CL202303912,2023,La Plata,Buenos Aires,2018-09-16,27,relacion de dependencia,,9.9,220000.0,2,180000.0,N,730.0,1,683000.0,1187000.0,0,6178000.0
CL202302524,2023,Central,Tucumán,25/07/2020,52,monotrib.,235000.0,7.9,91000.0,3,22000.0,No,,0,98000.0,383000.0,0,476000.0
CL202305069,2023,La Plata,CABA,30/07/2018,49,Monotributo,462000.0,,97000.0,1,37000.0,S,623.0,0,297000.0,868000.0,0,2131000.0
CL202303156,2023,Rosario Norte,Neuquén,16/04/2020,36,Monotributo,565000.0,,135000.0,6,252000.0,N,665.0,2,259000.0,686000.0,1,1099000.0
CL202301805,2023,Canal Digital,Tucumán,10/05/2017,49,Relación de Dependencia,1082000.0,13.3,220000.0,5,386.0,0,794.0,2,499000.0,1849000.0,1,1647000.0
CL202303531,2023,Palermo,Mendoza,01/07/2021,29,monotributo,309000.0,0.8,146000.0,3,131000.0,N,616.0,3,112000.0,441000.0,2,1109000.0
CL202301599,2023,Córdoba Shopping,Neuquén,03/12/2019,49,Rel. Dependencia,733000.0,13.1,181000.0,4,218000.0,Sí,641.0,0,423000.0,1153000.0,1,1694000.0
CL202300918,2023,Mendoza Sur,Córdoba,18/01/2019,48,monotributo,373000.0,,94000.0,1,102000.0,1,644.0,1,175000.0,752000.0,0,1322000.0
CL202303439,2023,Mendoza Sur,Santa Fe,2020-05-24,52,Informal,183000.0,,109000.0,2,67000.0,1,536.0,4,78000.0,309000.0,1,1333000.0
CL202300851,2023,Central,Córdoba,03/08/2017,51,Relación de Dependencia,,11.8,95000.0,4,102000.0,no,688.0,0,0.0,445000.0,1,2557000.0
CL202304088,2023,Central,Córdoba,15/11/2017,47,monotrib.,1351000.0,6.4,38000.0,3,852000.0,N,724.0,2,51000.0,2655000.0,0,8555000.0
CL202301422,2023,La Plata,Córdoba,02/05/2019,37,informal,105000.0,,10000.0,3,31000.0,1,747.0,0,20000.0,214000.0,0,314000.0
CL202301286,2023,Rosario Norte,CABA,2017-07-25,59,s/d,281000.0,,84000.0,2,73000.0,0,,1,276000.0,422000.0,1,2166000.0
CL202300812,2023,Córdoba Shopping,Buenos Aires,28/08/2018,60,changas,,15.0,56000.0,3,74000.0,No,647.0,3,155000.0,250000.0,2,1224000.0
CL202305371,2023,Rosario Norte,Neuquén,01/03/2016,68,MT,621000.0,18.2,40000.0,1,199000.0,No,638.0,0,537000.0,1087000.0,1,2764000.0
CL202302670,2023,Rosario Norte,Santa Fe,18/02/2020,40,Relación de Dependencia,2189000.0,,250000.0,4,1036000.0,No,769.0,0,1171000.0,3745000.0,0,16529000.0
CL202301172,2023,La Plata,Neuquén,01/12/2018,42,Rel. Dependencia,550000.0,9.7,189000.0,5,160000.0,S,596.0,1,346000.0,533000.0,0,4196000.0
CL202304695,2023,Canal Digital,Neuquén,23/02/2018,38,RD,595000.0,7.8,358000.0,7,224.0,Sí,544.0,4,255000.0,1263000.0,1,1687000.0
CL202301682,2023,Rosario Norte,Santa Fe,2021-11-09,63,monotrib.,390000.0,,70000.0,1,106000.0,N,684.0,0,92000.0,326000.0,0,1508000.0
CL202303872,2023,La Plata,Santa Fe,04/03/2021,45,MT,605000.0,,123000.0,3,180000.0,Sí,688.0,1,517000.0,905000.0,1,920000.0
CL202305317,2023,Palermo,CABA,22/02/2019,37,relacion de dependencia,458000.0,7.8,126000.0,4,195000.0,S,614.0,2,106000.0,703000.0,1,2976000.0
CL202306474,2023,Rosario Norte,Tucumán,17/08/2018,43,relacion de dependencia,721000.0,9.2,244000.0,5,280000.0,Sí,645.0,0,253000.0,1570000.0,1,1545000.0
CL202301641,2023,Mendoza Sur,CABA,2017-04-09,67,relacion de dependencia,,26.4,118000.0,4,215000.0,N,741.0,0,107000.0,1082000.0,0,3080000.0
CL202301162,2023,Mendoza Sur,Tucumán,24/01/2016,38,Rel. Dependencia,,9.6,638000.0,5,433000.0,N,704.0,1,1354000.0,5039000.0,1,15475000.0
CL202300256,2023,Palermo,CABA,11/22/2019,52,Rel. Dependencia,689000.0,13.9,127000.0,6,21000.0,No,698.0,0,387000.0,563000.0,1,3846000.0
CL202303688,2023,La Plata,Salta,02/08/2017,49,relacion de dependencia,805000.0,16.2,263000.0,6,191000.0,Sí,681.0,1,439000.0,883000.0,1,4811000.0
CL202301264,2023,Central,CABA,09/06/2020,43,RD,1340000.0,11.1,368000.0,5,434000.0,N,763.0,0,797000.0,2594000.0,0,2624000.0
CL202302420,2023,Rosario Norte,Mendoza,2017-04-28,35,monotrib.,,,109000.0,3,101000.0,N,,1,397000.0,1553000.0,0,5366000.0
CL202305234,2023,Mendoza Sur,Buenos Aires,25/05/2021,18,RD,1075000.0,9.5,241000.0,6,454000.0,S,684.0,1,740000.0,1583000.0,0,3414000.0
CL202300319,2023,Central,Buenos Aires,18/08/2020,19,monotrib.,248000.0,1.1,58000.0,2,58000.0,N,632.0,0,76000.0,426000.0,1,1500000.0
CL202306293,2023,Canal Digital,Salta,13/07/2018,47,MT,,12.2,60000.0,7,67.0,N,735.0,0,298000.0,526000.0,0,2027000.0
CL202301344,2023,Córdoba Shopping,Tucumán,22/05/2017,32,monotributo,305000.0,5.4,144000.0,2,108000.0,Sí,646.0,0,243000.0,615000.0,0,896000.0
CL202305788,2023,Córdoba Shopping,Buenos Aires,04/12/2017,22,Rel. Dependencia,1464000.0,8.6,287000.0,4,540000.0,0,722.0,1,1049000.0,1510000.0,0,3084000.0
CL202303063,2023,Córdoba Shopping,Neuquén,2020-12-31,32,monotrib.,901000.0,4.7,207000.0,2,376000.0,si,664.0,1,604000.0,913000.0,2,4204000.0
CL202301766,2023,Palermo,Salta,2019-09-03,42,relacion de dependencia,973000.0,10.4,245000.0,5,140000.0,No,812.0,3,520000.0,1115000.0,1,2886000.0
CL202304025,2023,Microcentro,Mendoza,02/11/2018,37,monotributo,,5.1,102000.0,3,81000.0,si,632.0,3,189000.0,511000.0,0,1765000.0
CL202301407,2023,Central,Salta,2021-05-25,35,Rel. Dependencia,927000.0,6.6,112000.0,4,393000.0,si,712.0,1,298000.0,1407000.0,0,4032000.0
CL202302764,2023,Microcentro,Mendoza,2021-05-31,56,RD,927000.0,16.8,267000.0,2,325000.0,No,636.0,0,756000.0,902000.0,1,7295000.0
CL202305935,2023,Microcentro,CABA,07/11/2020,44,MT,199000.0,6.0,94000.0,3,68000.0,Sí,569.0,1,177000.0,225000.0,0,607000.0
CL202301797,2023,Central,Córdoba,2018-04-19,52,informal,223000.0,19.2,38000.0,3,87000.0,0,,0,180000.0,409000.0,0,414000.0
CL202305880,2023,Palermo,Salta,18/06/2017,49,relacion de dependencia,,13.9,35000.0,5,177000.0,N,645.0,0,46000.0,670000.0,1,3469000.0
CL202301707,2023,Palermo,Tucumán,2017-11-29,39,monotrib.,,9.3,127000.0,5,62000.0,Sí,550.0,3,43000.0,249000.0,2,970000.0
CL202301841,2023,Córdoba Shopping,Santa Fe,14/10/2018,39,relacion de dependencia,951000.0,14.6,126000.0,5,298000.0,N,692.0,1,484000.0,1769000.0,1,1660000.0
CL202304256,2023,Córdoba Shopping,Buenos Aires,2018-06-11,43,Monotributo,,,89000.0,2,159000.0,no,604.0,1,183000.0,765000.0,1,1750000.0
CL202302563,2023,Mendoza Sur,Tucumán,12/07/2021,23,Informal,160000.0,1.6,55000.0,2,54000.0,0,585.0,3,106000.0,256000.0,0,568000.0
CL202306349,2023,Canal Digital,Tucumán,03/07/2020,43,Relación de Dependencia,170000.0,10.0,104000.0,4,17.0,Sí,540.0,4,100000.0,180000.0,3,898000.0
CL202306380,2023,La Plata,Buenos Aires,05/08/2016,33,MT,,0.4,79000.0,1,273000.0,No,684.0,1,285000.0,847000.0,0,4633000.0
CL202302684,2023,Córdoba Shopping,Neuquén,25/03/2021,60,MT,,17.9,101000.0,5,206000.0,si,690.0,0,411000.0,670000.0,0,4041000.0
CL202304176,2023,Mendoza Sur,Santa Fe,12/31/2019,55,relacion de dependencia,928000.0,11.2,8000.0,9,237000.0,No,778.0,0,968000.0,1813000.0,0,2266000.0
CL202306125,2023,La Plata,Neuquén,25/03/2018,56,informal,283000.0,14.5,18000.0,4,78000.0,N,675.0,0,216000.0,542000.0,1,722000.0
CL202306556,2023,La Plata,Buenos Aires,27/10/2016,37,Rel. Dependencia,,11.9,144000.0,3,267000.0,no,659.0,0,466000.0,900000.0,0,5883000.0
CL202303603,2023,Rosario Norte,Buenos Aires,11/03/2016,48,informal,230000.0,,106000.0,3,48000.0,1,616.0,0,98000.0,264000.0,1,1803000.0
CL202302667,2023,Mendoza Sur,Neuquén,2016-05-09,52,MT,470000.0,13.9,50000.0,3,132000.0,No,694.0,0,314000.0,754000.0,0,3401000.0
CL202300414,2023,Canal Digital,Tucumán,2017-11-30,32,RD,,10.7,210000.0,5,44.0,si,,3,314000.0,451000.0,1,833000.0
CL202306448,2023,Canal Digital,Neuquén,2018-07-26,39,Relación de Dependencia,,6.8,124000.0,6,159.0,No,678.0,2,489000.0,390000.0,1,2653000.0
CL202304941,2023,Canal Digital,Buenos Aires,12/02/2016,29,monotributo,470000.0,,97000.0,4,194.0,Sí,671.0,0,478000.0,831000.0,1,3256000.0
CL202300165,2023,Central,Córdoba,12/29/2019,37,Monotributo,191000.0,5.8,96000.0,5,49000.0,si,611.0,3,65000.0,243000.0,1,331000.0
CL202301245,2023,Mendoza Sur,CABA,05/05/2016,40,informal,287000.0,7.3,82000.0,2,101000.0,0,592.0,1,156000.0,406000.0,1,991000.0
CL202303410,2023,Microcentro,Mendoza,11/22/2018,40,Relación de Dependencia,343000.0,9.5,269000.0,5,38000.0,1,523.0,4,235000.0,720000.0,4,1907000.0
CL202300857,2023,Canal Digital,Neuquén,07/13/2019,42,s/d,273000.0,5.9,159000.0,5,58.0,Sí,550.0,2,133000.0,387000.0,2,477000.0
CL202300913,2023,Palermo,Neuquén,23/04/2017,42,s/d,264000.0,12.3,21000.0,3,96000.0,No,689.0,1,78000.0,566000.0,0,775000.0
CL202304291,2023,Palermo,Buenos Aires,13/08/2018,43,Monotributo,305000.0,,160000.0,3,88000.0,si,538.0,1,161000.0,314000.0,2,1993000.0
CL202300607,2023,Mendoza Sur,Neuquén,16/09/2021,36,Monotributo,,6.7,68000.0,3,198000.0,No,692.0,2,135000.0,1116000.0,0,3676000.0
CL202301278,2023,Canal Digital,Buenos Aires,28/11/2020,41,changas,271000.0,11.3,77000.0,2,128.0,N,628.0,2,127000.0,265000.0,0,1310000.0
CL202306681,2023,Palermo,CABA,2019-09-13,56,monotributo,442000.0,,129000.0,2,113000.0,N,659.0,0,80000.0,698000.0,0,3193000.0
CL202301053,2023,Microcentro,Tucumán,22/03/2021,48,Relación de Dependencia,490000.0,15.5,147000.0,1,137000.0,Sí,673.0,0,355000.0,435000.0,2,2518000.0
CL202304970,2023,Rosario Norte,Salta,10/06/2017,60,monotributo,,15.1,74000.0,3,48000.0,Sí,537.0,2,72000.0,223000.0,4,525000.0
CL202301078,2023,Central,Neuquén,07/05/2019,24,Rel. Dependencia,376000.0,9.6,79000.0,6,190000.0,1,644.0,2,212000.0,547000.0,0,1494000.0
CL202302903,2023,Microcentro,Salta,2019-07-09,30,monotributo,912000.0,5.8,262000.0,1,165000.0,no,,1,63000.0,1797000.0,1,4040000.0
CL202300227,2023,Mendoza Sur,Tucumán,20/04/2019,34,s/d,226000.0,3.7,75000.0,2,83000.0,1,630.0,1,165000.0,459000.0,0,1116000.0
CL202305446,2023,Córdoba Shopping,Neuquén,2016-05-23,44,MT,423000.0,5.8,123000.0,2,206000.0,no,673.0,0,67000.0,683000.0,2,1492000.0
CL202304996,2023,Córdoba Shopping,CABA,2016-08-25,26,monotrib.,706000.0,0.0,84000.0,5,187000.0,no,665.0,3,561000.0,985000.0,0,1490000.0
CL202304292,2023,La Plata,Santa Fe,2017-07-24,42,Monotributo,293000.0,,102000.0,4,204000.0,N,644.0,1,311000.0,626000.0,0,1364000.0
CL202300488,2023,Mendoza Sur,Santa Fe,17/09/2017,37,s/d,91000.0,6.1,51000.0,3,5000.0,no,599.0,1,48000.0,150000.0,1,353000.0
CL202300147,2023,Córdoba Shopping,Santa Fe,12/06/2020,62,relacion de dependencia,,22.3,196000.0,4,687000.0,No,751.0,1,487000.0,2660000.0,1,7718000.0
CL202302676,2023,La Plata,Santa Fe,05/07/2021,35,relacion de dependencia,515000.0,9.0,201000.0,5,182000.0,1,643.0,1,228000.0,606000.0,1,940000.0
CL202300397,2023,Mendoza Sur,Santa Fe,2016-09-21,24,relacion de dependencia,,8.1,161000.0,4,316000.0,N,718.0,1,437000.0,889000.0,0,2482000.0
CL202301349,2023,Córdoba Shopping,Neuquén,18/09/2018,44,Monotributo,712000.0,11.1,118000.0,2,362000.0,N,757.0,1,694000.0,1393000.0,0,1239000.0
CL202305821,2023,Microcentro,Neuquén,12/10/2019,42,informal,212000.0,,26000.0,3,66000.0,No,747.0,0,107000.0,389000.0,0,640000.0
CL202302930,2023,Mendoza Sur,Neuquén,14/07/2020,56,monotrib.,346000.0,11.2,46000.0,3,117000.0,0,659.0,0,402000.0,408000.0,1,1260000.0
CL202300563,2023,Córdoba Shopping,Buenos Aires,03/18/2016,36,MT,249000.0,,52000.0,3,114000.0,si,664.0,0,169000.0,206000.0,0,453000.0
CL202300230,2023,Canal Digital,Mendoza,12/06/2018,21,changas,211000.0,,104000.0,2,32.0,N,588.0,3,161000.0,353000.0,0,1333000.0
CL202301930,2023,Mendoza Sur,CABA,2021-11-30,49,RD,1285000.0,12.7,227000.0,4,626000.0,no,727.0,1,1050000.0,1760000.0,1,7625000.0
CL202303694,2023,Rosario Norte,Tucumán,30/03/2018,26,Monotributo,,,134000.0,1,342000.0,No,741.0,0,649000.0,1452000.0,0,3214000.0
CL202306016,2023,Rosario Norte,Santa Fe,2021-06-11,44,relacion de dependencia,1027000.0,,174000.0,4,391000.0,1,700.0,0,767000.0,2050000.0,0,6868000.0
CL202303307,2023,La Plata,CABA,04/02/2019,43,relacion de dependencia,640000.0,9.8,61000.0,7,174000.0,no,695.0,1,149000.0,871000.0,0,4913000.0
CL202300808,2023,Microcentro,Salta,01/10/2019,22,RD,850000.0,5.5,149000.0,4,305000.0,N,656.0,1,0.0,1309000.0,1,6483000.0
CL202303306,2023,Central,Neuquén,22/07/2020,38,Rel. Dependencia,616000.0,12.4,111000.0,2,93000.0,0,814.0,1,357000.0,1202000.0,0,1263000.0
CL202302987,2023,Córdoba Shopping,Santa Fe,29/05/2020,49,Rel. Dependencia,1054000.0,13.7,23000.0,1,394000.0,N,,2,639000.0,1857000.0,0,7987000.0
CL202301364,2023,Canal Digital,Salta,30/10/2018,38,relacion de dependencia,450000.0,9.8,106000.0,6,126.0,N,647.0,0,318000.0,785000.0,0,2839000.0
CL202302506,2023,Central,Buenos Aires,2017-07-19,42,relacion de dependencia,1145000.0,7.8,46000.0,5,452000.0,N,755.0,0,283000.0,1778000.0,1,8372000.0
CL202300408,2023,Palermo,Buenos Aires,2017-08-23,36,Rel. Dependencia,833000.0,13.6,111000.0,2,223000.0,No,609.0,0,343000.0,1567000.0,0,1971000.0
CL202306265,2023,Central,Salta,01/11/2016,26,Rel. Dependencia,413000.0,6.6,185000.0,2,148000.0,S,584.0,2,414000.0,603000.0,0,679000.0
CL202303294,2023,Canal Digital,Salta,16/02/2016,48,Relación de Dependencia,1061000.0,15.1,233000.0,1,433.0,No,668.0,1,366000.0,1785000.0,0,5377000.0
CL202300352,2023,Central,Buenos Aires,27/11/2018,50,Monotributo,401000.0,8.8,101000.0,2,213000.0,Sí,,2,322000.0,756000.0,0,762000.0
CL202300787,2023,Microcentro,Córdoba,06/05/2021,44,relacion de dependencia,715000.0,12.8,227000.0,3,292000.0,N,642.0,2,772000.0,1154000.0,0,4421000.0
CL202304243,2023,La Plata,Neuquén,2019-12-08,30,Monotributo,760000.0,5.9,94000.0,3,182000.0,N,664.0,0,268000.0,1329000.0,0,5763000.0
CL202306132,2023,Rosario Norte,Tucumán,25/09/2019,64,s/d,112000.0,15.1,33000.0,4,24000.0,S,675.0,3,25000.0,97000.0,0,668000.0
CL202301832,2023,Microcentro,Córdoba,09/09/2016,25,Rel. Dependencia,,6.8,119000.0,5,304000.0,No,711.0,0,740000.0,680000.0,0,6083000.0
CL202304258,2023,Central,Neuquén,08/15/2019,59,relacion de dependencia,,16.9,482000.0,4,313000.0,N,679.0,2,363000.0,1902000.0,0,6251000.0
CL202300671,2023,Palermo,Santa Fe,26/03/2021,40,Relación de Dependencia,496000.0,8.4,73000.0,3,170000.0,N,668.0,2,429000.0,1056000.0,0,3553000.0
CL202300936,2023,Canal Digital,Buenos Aires,17/07/2016,40,relacion de dependencia,396000.0,11.2,110000.0,4,54.0,si,585.0,1,343000.0,330000.0,1,756000.0
CL202300058,2023,Rosario Norte,Mendoza,10/03/2017,54,relacion de dependencia,434000.0,13.3,211000.0,8,221000.0,no,570.0,4,333000.0,583000.0,0,1583000.0
CL202305160,2023,Rosario Norte,CABA,20/05/2017,47,Monotributo,,6.3,168000.0,2,257000.0,si,610.0,0,568000.0,780000.0,0,4931000.0
CL202303378,2023,Rosario Norte,Mendoza,26/03/2020,61,Rel. Dependencia,786000.0,15.5,126000.0,3,211000.0,0,779.0,1,673000.0,799000.0,0,1736000.0
CL202304453,2023,Microcentro,Córdoba,03/11/2018,66,changas,189000.0,,52000.0,2,52000.0,1,668.0,0,27000.0,292000.0,0,750000.0
CL202300155,2023,Mendoza Sur,Buenos Aires,06/11/2016,45,Monotributo,353000.0,10.2,43000.0,3,73000.0,N,694.0,0,51000.0,546000.0,0,2136000.0
CL202301913,2023,Canal Digital,Mendoza,19/11/2018,50,relacion de dependencia,476000.0,21.7,192000.0,7,149.0,no,546.0,2,324000.0,542000.0,1,3379000.0
CL202302504,2023,Córdoba Shopping,Neuquén,14/07/2017,22,Relación de Dependencia,578000.0,2.4,148000.0,3,46000.0,N,575.0,0,246000.0,587000.0,0,2490000.0
CL202300289,2023,Central,Tucumán,24/04/2021,37,RD,991000.0,10.5,275000.0,6,217000.0,no,730.0,1,172000.0,1194000.0,0,6423000.0
CL202300442,2023,Microcentro,Buenos Aires,2016-03-11,49,Relación de Dependencia,1220000.0,,173000.0,3,351000.0,1,651.0,0,158000.0,2071000.0,0,2195000.0
CL202301809,2023,Mendoza Sur,Córdoba,20/04/2017,18,RD,740000.0,,106000.0,2,294000.0,No,686.0,0,414000.0,1494000.0,0,2438000.0
CL202306149,2023,Central,Tucumán,04/08/2016,61,monotrib.,999000.0,17.0,303000.0,2,195000.0,N,667.0,1,1080000.0,1171000.0,0,4785000.0
CL202301770,2023,Mendoza Sur,Córdoba,08/08/2016,61,relacion de dependencia,,18.3,180000.0,1,196000.0,si,625.0,0,27000.0,615000.0,1,1582000.0
CL202306127,2023,Canal Digital,Neuquén,23/06/2016,54,RD,1006000.0,15.5,1000.0,2,272.0,No,699.0,0,1088000.0,1831000.0,0,4267000.0
CL202302416,2023,Canal Digital,Buenos Aires,23/11/2019,43,Relación de Dependencia,1035000.0,9.2,414000.0,5,500.0,N,580.0,2,398000.0,1359000.0,0,8146000.0
CL202302105,2023,Mendoza Sur,Santa Fe,12/06/2019,27,monotributo,246000.0,5.3,43000.0,3,70000.0,si,685.0,2,0.0,352000.0,0,1232000.0
CL202302937,2023,Rosario Norte,Córdoba,20/06/2021,25,RD,,7.6,226000.0,4,582000.0,No,662.0,0,253000.0,1616000.0,0,3390000.0
CL202305298,2023,Mendoza Sur,Santa Fe,2021-09-26,30,s/d,209000.0,,55000.0,2,18000.0,Sí,696.0,1,106000.0,205000.0,0,459000.0
CL202305198,2023,Mendoza Sur,Buenos Aires,2021-01-31,28,relacion de dependencia,,5.9,122000.0,6,197000.0,S,640.0,4,284000.0,638000.0,1,2506000.0
CL202302002,2023,Central,Tucumán,09/14/2017,56,informal,105000.0,,45000.0,1,30000.0,no,549.0,0,59000.0,108000.0,0,371000.0
CL202302054,2023,Central,Mendoza,09/24/2017,31,relacion de dependencia,440000.0,8.9,258000.0,5,199000.0,Sí,571.0,2,458000.0,423000.0,2,1055000.0
CL202304239,2023,Rosario Norte,Buenos Aires,03/09/2018,60,MT,275000.0,,99000.0,4,48000.0,Sí,622.0,1,165000.0,255000.0,2,1512000.0
CL202306288,2023,Rosario Norte,Córdoba,2021-12-06,25,RD,791000.0,1.6,249000.0,6,206000.0,si,687.0,0,522000.0,849000.0,0,4633000.0
CL202301105,2023,Córdoba Shopping,Buenos Aires,22/09/2016,43,relacion de dependencia,412000.0,10.2,20000.0,5,112000.0,0,692.0,2,163000.0,392000.0,0,2222000.0
CL202302057,2023,La Plata,Salta,08/15/2021,49,MT,212000.0,13.2,44000.0,2,89000.0,No,731.0,1,148000.0,273000.0,1,1473000.0
CL202302869,2023,Rosario Norte,Córdoba,2016-10-30,33,relacion de dependencia,596000.0,12.6,268000.0,1,180000.0,S,594.0,3,189000.0,537000.0,0,2036000.0
CL202300910,2023,Microcentro,Córdoba,2021-02-25,26,Informal,231000.0,3.4,143000.0,3,47000.0,no,586.0,1,132000.0,290000.0,1,1403000.0
CL202305120,2023,Palermo,CABA,2019-01-31,18,Rel. Dependencia,772000.0,4.8,192000.0,5,250000.0,S,662.0,1,375000.0,1622000.0,0,4867000.0
CL202300548,2023,Central,Mendoza,04/06/2021,59,changas,145000.0,,104000.0,1,28000.0,S,575.0,0,99000.0,215000.0,0,721000.0
CL202306137,2023,Rosario Norte,Neuquén,08/23/2018,18,informal,264000.0,,98000.0,2,54000.0,1,609.0,3,156000.0,224000.0,0,1599000.0
CL202304369,2023,Córdoba Shopping,Mendoza,02/29/2016,56,Rel. Dependencia,609000.0,18.5,201000.0,3,107000.0,S,567.0,1,511000.0,577000.0,0,2929000.0
CL202302195,2023,Mendoza Sur,Buenos Aires,28/11/2020,18,Relación de Dependencia,,5.9,144000.0,3,236000.0,N,651.0,5,166000.0,707000.0,0,1041000.0
CL202302431,2023,Microcentro,Santa Fe,03/03/2019,44,Monotributo,450000.0,7.7,67000.0,5,191000.0,1,670.0,0,446000.0,838000.0,0,2075000.0
CL202305842,2023,Central,Salta,24/08/2019,42,Relación de Dependencia,,11.1,59000.0,4,186000.0,no,761.0,1,360000.0,761000.0,0,1739000.0
CL202301140,2023,Microcentro,Mendoza,24/06/2019,25,Monotributo,,5.0,97000.0,4,187000.0,no,617.0,1,327000.0,1301000.0,0,5137000.0
CL202301189,2023,Canal Digital,CABA,2021-06-19,52,RD,1202000.0,13.0,175000.0,5,358.0,N,667.0,1,389000.0,1110000.0,0,6687000.0
CL202303773,2023,Mendoza Sur,Tucumán,06/12/2016,64,monotrib.,867000.0,18.4,156000.0,3,395000.0,0,,0,487000.0,1733000.0,1,5645000.0
CL202306014,2023,Palermo,Córdoba,12/03/2016,42,MT,446000.0,9.1,62000.0,6,257000.0,no,775.0,1,65000.0,413000.0,1,1941000.0
CL202302641,2023,Rosario Norte,Neuquén,12/08/2018,22,relacion de dependencia,,1.2,62000.0,2,156000.0,0,744.0,0,770000.0,729000.0,0,3068000.0
CL202306303,2023,La Plata,Neuquén,23/03/2019,18,relacion de dependencia,1170000.0,1.8,149000.0,6,440000.0,si,779.0,0,401000.0,1259000.0,0,7619000.0
CL202302744,2023,Canal Digital,Córdoba,29/03/2020,25,RD,561000.0,6.5,136000.0,1,199.0,1,748.0,1,140000.0,858000.0,1,3118000.0
CL202303601,2023,Canal Digital,Córdoba,2018-10-17,33,RD,504000.0,6.9,85000.0,3,162.0,N,688.0,0,22000.0,409000.0,1,1353000.0
CL202304300,2023,Córdoba Shopping,Salta,2019-10-02,33,Rel. Dependencia,1329000.0,11.1,66000.0,5,429000.0,no,659.0,0,202000.0,2362000.0,0,10627000.0
CL202304211,2023,Central,Córdoba,12/17/2020,38,monotrib.,535000.0,,67000.0,2,148000.0,0,767.0,0,321000.0,1042000.0,0,997000.0
CL202300676,2023,La Plata,Buenos Aires,2017-12-16,39,monotrib.,193000.0,9.3,60000.0,4,70000.0,S,635.0,2,116000.0,353000.0,0,1431000.0
CL202305304,2023,Mendoza Sur,Córdoba,24/06/2017,49,s/d,367000.0,11.8,101000.0,4,200000.0,no,674.0,2,0.0,729000.0,0,2676000.0
CL202305940,2023,Central,Tucumán,30/04/2021,46,relacion de dependencia,498000.0,13.7,8000.0,4,54000.0,no,675.0,1,309000.0,653000.0,0,3423000.0
CL202302990,2023,Palermo,Buenos Aires,06/25/2016,72,Rel. Dependencia,403000.0,23.5,272000.0,2,135000.0,S,,4,237000.0,412000.0,2,662000.0
CL202306269,2023,Rosario Norte,Neuquén,19/09/2016,65,Rel. Dependencia,1112000.0,20.5,111000.0,4,312000.0,no,850.0,0,582000.0,1429000.0,0,2742000.0
CL202305536,2023,Central,CABA,12/10/2021,39,Informal,355000.0,7.0,118000.0,5,91000.0,no,597.0,4,235000.0,662000.0,0,1766000.0
CL202303199,2023,Palermo,Santa Fe,19/03/2018,23,Relación de Dependencia,,2.1,530000.0,8,342000.0,N,625.0,0,825000.0,1495000.0,0,2814000.0
CL202305781,2023,Mendoza Sur,Santa Fe,26/10/2017,18,RD,922000.0,0.0,146000.0,8,494000.0,N,695.0,1,938000.0,1052000.0,0,1832000.0
CL202302115,2023,Rosario Norte,Neuquén,2019-07-13,21,Rel. Dependencia,,4.3,535000.0,4,173000.0,no,538.0,5,714000.0,918000.0,2,1443000.0
CL202303545,2023,Rosario Norte,Neuquén,04/09/2018,47,s/d,147000.0,,63000.0,4,26000.0,No,579.0,1,82000.0,149000.0,1,987000.0
CL202303672,2023,Rosario Norte,Buenos Aires,30/12/2017,26,Relación de Dependencia,1020000.0,2.4,89000.0,4,144000.0,no,712.0,0,397000.0,1211000.0,0,7714000.0
CL202301416,2023,Rosario Norte,CABA,04/09/2017,28,monotributo,824000.0,5.1,466000.0,2,204000.0,si,613.0,2,688000.0,825000.0,2,3958000.0
CL202305462,2023,Central,Tucumán,08/02/2019,53,Monotributo,1096000.0,13.9,198000.0,2,702000.0,no,717.0,1,563000.0,1919000.0,0,2004000.0
CL202300710,2023,Mendoza Sur,CABA,18/10/2020,54,MT,307000.0,14.3,198000.0,6,229000.0,1,527.0,0,103000.0,537000.0,4,1209000.0
CL202302815,2023,Córdoba Shopping,Tucumán,14/11/2019,18,RD,794000.0,1.3,95000.0,2,93000.0,N,697.0,0,203000.0,1499000.0,0,2504000.0
CL202300653,2023,Mendoza Sur,Santa Fe,28/02/2016,40,Relación de Dependencia,1085000.0,15.0,298000.0,5,355000.0,Sí,680.0,2,465000.0,2013000.0,0,5776000.0
CL202304727,2023,Central,Mendoza,2017-12-10,18,s/d,,,58000.0,3,50000.0,Sí,530.0,3,92000.0,225000.0,1,749000.0
CL202302308,2023,Central,Buenos Aires,10/03/2018,38,RD,,10.9,120000.0,1,130000.0,S,652.0,0,377000.0,569000.0,0,2619000.0
CL202301470,2023,Mendoza Sur,Neuquén,2019-12-21,37,relacion de dependencia,900000.0,10.0,464000.0,5,281000.0,Sí,539.0,0,494000.0,729000.0,2,5374000.0
CL202305857,2023,Microcentro,CABA,2018-05-22,24,monotrib.,507000.0,3.6,70000.0,2,111000.0,No,700.0,1,30000.0,697000.0,0,3674000.0
CL202302510,2023,Microcentro,CABA,29/09/2018,18,Monotributo,733000.0,,112000.0,4,214000.0,0,745.0,0,403000.0,856000.0,0,2426000.0
CL202302705,2023,Mendoza Sur,Mendoza,28/04/2017,47,MT,291000.0,9.1,136000.0,5,157000.0,no,668.0,3,178000.0,251000.0,0,1610000.0
CL202304773,2023,La Plata,Córdoba,02/05/2019,51,MT,,,75000.0,3,161000.0,N,643.0,0,88000.0,687000.0,0,934000.0
CL202303921,2023,Mendoza Sur,Tucumán,2021-03-21,20,Relación de Dependencia,874000.0,6.3,105000.0,5,262000.0,no,684.0,2,491000.0,1792000.0,1,4075000.0
CL202302843,2023,Mendoza Sur,Tucumán,11/09/2018,32,relacion de dependencia,848000.0,6.4,470000.0,5,43000.0,si,588.0,2,269000.0,952000.0,0,4385000.0
CL202305094,2023,Palermo,Neuquén,22/07/2019,34,Monotributo,525000.0,9.6,317000.0,2,230000.0,1,542.0,3,355000.0,821000.0,2,2146000.0
CL202305849,2023,Palermo,Santa Fe,21/02/2018,36,relacion de dependencia,443000.0,15.1,134000.0,3,193000.0,no,674.0,2,234000.0,527000.0,1,2712000.0
CL202306399,2023,Mendoza Sur,Córdoba,2017-12-29,22,Monotributo,,0.5,62000.0,3,188000.0,0,668.0,0,139000.0,601000.0,0,2874000.0
CL202300158,2023,Canal Digital,Salta,25/09/2016,58,Informal,256000.0,,33000.0,4,44.0,No,719.0,0,160000.0,279000.0,0,2036000.0
CL202304919,2023,Palermo,Tucumán,07/25/2020,32,relacion de dependencia,411000.0,8.9,70000.0,7,109000.0,No,727.0,1,279000.0,408000.0,0,1730000.0
CL202300404,2023,La Plata,Tucumán,10/02/2018,40,monotrib.,314000.0,8.9,31000.0,10,133000.0,si,746.0,0,322000.0,386000.0,0,2348000.0
CL202305988,2023,Córdoba Shopping,CABA,20/06/2021,37,s/d,140000.0,,61000.0,2,53000.0,Sí,634.0,2,102000.0,236000.0,2,781000.0
CL202306449,2023,Mendoza Sur,CABA,2020-03-02,36,relacion de dependencia,1262000.0,9.0,107000.0,3,522000.0,no,740.0,1,742000.0,2552000.0,0,6490000.0
CL202301498,2023,Central,Tucumán,2016-09-10,60,relacion de dependencia,,16.9,232000.0,4,318000.0,no,701.0,0,956000.0,2407000.0,0,8221000.0
CL202302634,2023,Mendoza Sur,Neuquén,18/02/2020,47,Relación de Dependencia,1723000.0,14.0,583000.0,2,213000.0,no,679.0,1,1407000.0,3283000.0,3,3369000.0
CL202300072,2023,Mendoza Sur,Tucumán,23/03/2019,44,Relación de Dependencia,518000.0,12.9,277000.0,5,175000.0,si,543.0,1,124000.0,779000.0,2,3992000.0
CL202303941,2023,La Plata,Santa Fe,2021-12-10,34,relacion de dependencia,1245000.0,12.9,736000.0,4,362000.0,1,477.0,1,339000.0,2047000.0,1,6481000.0
CL202300420,2023,Palermo,CABA,2017-02-21,52,relacion de dependencia,,14.7,108000.0,4,95000.0,No,595.0,1,130000.0,308000.0,1,2515000.0
CL202306726,2023,Microcentro,Córdoba,07/03/2016,48,s/d,114000.0,15.0,94000.0,1,67000.0,S,490.0,4,8000.0,151000.0,7,754000.0
CL202302130,2023,Rosario Norte,Mendoza,2019-11-01,50,relacion de dependencia,1021000.0,11.4,151000.0,5,479000.0,0,691.0,1,647000.0,1881000.0,0,2331000.0
CL202300961,2023,Mendoza Sur,Tucumán,01/26/2020,52,Rel. Dependencia,702000.0,19.0,270000.0,4,310000.0,0,616.0,0,303000.0,1544000.0,2,1120000.0
CL202302364,2023,Microcentro,Santa Fe,22/11/2018,64,s/d,343000.0,15.7,99000.0,5,202000.0,si,707.0,2,381000.0,396000.0,2,761000.0
CL202301753,2023,Microcentro,Salta,2017-08-05,44,changas,104000.0,7.1,18000.0,3,30000.0,N,736.0,1,70000.0,103000.0,0,270000.0
CL202302594,2023,Central,Neuquén,2018-06-11,23,Monotributo,715000.0,1.2,289000.0,6,319000.0,si,583.0,0,614000.0,1488000.0,1,5002000.0
CL202301699,2023,Microcentro,Salta,11/14/2021,62,Monotributo,493000.0,,41000.0,4,183000.0,No,,1,280000.0,488000.0,1,1302000.0
CL202306195,2023,Rosario Norte,CABA,13/09/2017,51,Relación de Dependencia,1205000.0,17.8,134000.0,5,80000.0,N,,0,659000.0,2452000.0,0,4990000.0
CL202301418,2023,Palermo,Tucumán,12/10/2018,21,Informal,,2.7,66000.0,1,41000.0,No,593.0,4,56000.0,257000.0,0,809000.0
CL202303291,2023,Rosario Norte,Mendoza,11/04/2017,34,Relación de Dependencia,,12.0,171000.0,4,172000.0,No,741.0,3,305000.0,685000.0,0,1814000.0
CL202300487,2023,Central,Neuquén,2018-03-31,22,monotrib.,,0.6,254000.0,1,277000.0,Sí,650.0,1,432000.0,1349000.0,0,1899000.0
CL202305151,2023,Mendoza Sur,CABA,01/02/2018,25,Relación de Dependencia,1006000.0,,440000.0,5,137000.0,si,615.0,2,308000.0,1778000.0,0,5782000.0
CL202305801,2023,Microcentro,Córdoba,2019-12-10,33,Relación de Dependencia,758000.0,5.9,183000.0,6,184000.0,si,668.0,1,339000.0,1038000.0,0,4609000.0
CL202306366,2023,La Plata,Neuquén,04/08/2016,48,Monotributo,188000.0,,120000.0,1,9000.0,0,509.0,5,89000.0,373000.0,2,667000.0
CL202306322,2023,La Plata,Tucumán,2021-09-24,36,Rel. Dependencia,541000.0,,121000.0,3,221000.0,no,725.0,0,268000.0,653000.0,0,2741000.0
CL202301424,2023,Córdoba Shopping,Córdoba,15/05/2020,22,Monotributo,194000.0,,102000.0,3,79000.0,si,604.0,1,73000.0,309000.0,2,643000.0
CL202304876,2023,Canal Digital,Salta,2016-08-25,55,informal,90000.0,16.0,26000.0,4,11.0,no,597.0,0,59000.0,149000.0,0,301000.0
CL202304908,2023,La Plata,Mendoza,08/09/2020,34,Relación de Dependencia,746000.0,5.5,137000.0,6,213000.0,si,,1,240000.0,702000.0,0,1361000.0
CL202305110,2023,Microcentro,Santa Fe,2021-02-24,66,Relación de Dependencia,779000.0,16.0,144000.0,7,158000.0,0,746.0,0,378000.0,1081000.0,0,2832000.0
CL202300208 ,2023,Rosario Norte,Santa Fe,02/09/2018,18,changas,152000.0,3.1,86000.0,2,5000.0,S,589.0,3,90000.0,239000.0,1,403000.0
CL202302461,2023,La Plata,Santa Fe,18/05/2018,76,monotributo,286000.0,24.5,134000.0,2,65000.0,si,590.0,0,106000.0,571000.0,1,462000.0
CL202305577,2023,Mendoza Sur,Tucumán,29/04/2019,55,Relación de Dependencia,546000.0,,161000.0,2,192000.0,S,649.0,2,446000.0,896000.0,1,2010000.0
CL202300450,2023,Rosario Norte,CABA,27/04/2021,36,monotributo,298000.0,4.0,98000.0,3,82000.0,no,647.0,0,238000.0,365000.0,0,1347000.0
CL202306647,2023,Córdoba Shopping,Santa Fe,21/04/2016,42,informal,207000.0,,57000.0,3,36000.0,Sí,632.0,2,111000.0,206000.0,0,829000.0
CL202300169,2023,Central,Santa Fe,2016-03-01,68,Rel. Dependencia,359000.0,20.7,160000.0,2,112000.0,0,599.0,3,167000.0,537000.0,0,2686000.0
CL202300976,2023,Palermo,Tucumán,17/02/2016,44,Relación de Dependencia,369000.0,11.2,134000.0,3,99000.0,Sí,662.0,2,309000.0,454000.0,1,2839000.0
CL202300355,2023,La Plata,Mendoza,2016-04-23,24,MT,,,188000.0,4,74000.0,N,710.0,2,590000.0,2498000.0,0,8429000.0
CL202300313,2023,La Plata,Tucumán,08/06/2017,32,relacion de dependencia,1600000.0,6.1,506000.0,4,517000.0,si,663.0,3,624000.0,2288000.0,0,2762000.0
CL202302595,2023,Mendoza Sur,CABA,19/11/2020,36,RD,,6.2,234000.0,4,294000.0,0,668.0,0,745000.0,1353000.0,0,4573000.0
CL202305832,2023,Microcentro,Neuquén,2019-07-01,51,MT,550000.0,,307000.0,2,318000.0,si,546.0,5,289000.0,1081000.0,3,2633000.0
CL202301386,2023,Microcentro,Tucumán,05/08/2018,35,Informal,,,74000.0,2,18000.0,Sí,497.0,3,24000.0,109000.0,1,354000.0
CL202302244,2023,Córdoba Shopping,Tucumán,2016-04-20,41,monotrib.,337000.0,11.1,177000.0,6,62000.0,Sí,645.0,2,262000.0,619000.0,0,1135000.0
CL202303741,2023,Palermo,Tucumán,2019-09-20,50,MT,,7.8,87000.0,5,135000.0,No,654.0,2,310000.0,635000.0,2,2191000.0
CL202304219,2023,Palermo,Santa Fe,12/06/2020,39,relacion de dependencia,726000.0,9.1,278000.0,6,136000.0,si,724.0,0,423000.0,1200000.0,0,5647000.0
CL202304492,2023,Canal Digital,Tucumán,2018-07-11,36,Informal,211000.0,6.7,95000.0,5,69.0,0,610.0,0,149000.0,245000.0,1,641000.0
CL202305393,2023,Rosario Norte,Salta,23/04/2016,45,relacion de dependencia,1586000.0,11.1,219000.0,3,1013000.0,si,712.0,0,1394000.0,2377000.0,0,12621000.0
CL202306274,2023,Central,CABA,17/03/2020,45,MT,261000.0,6.9,85000.0,1,81000.0,1,559.0,1,111000.0,283000.0,1,2086000.0
CL202300365,2023,Mendoza Sur,Mendoza,2016-05-05,27,Relación de Dependencia,1119000.0,5.9,141000.0,1,244000.0,N,716.0,0,702000.0,2036000.0,0,8468000.0
CL202304192,2023,Mendoza Sur,Neuquén,12/12/2016,57,Rel. Dependencia,1109000.0,17.1,152000.0,2,560000.0,N,,1,648000.0,943000.0,0,6178000.0
CL202303583,2023,Palermo,Neuquén,22/02/2017,60,Relación de Dependencia,741000.0,16.1,80000.0,8,110000.0,N,827.0,0,342000.0,1593000.0,1,2770000.0
CL202306701,2023,Mendoza Sur,Salta,04/09/2021,44,relacion de dependencia,948000.0,14.7,85000.0,8,267000.0,No,738.0,0,527000.0,1912000.0,0,1954000.0
CL202300922,2023,Rosario Norte,Mendoza,2020-04-14,48,informal,134000.0,,14000.0,2,56000.0,No,690.0,2,59000.0,288000.0,0,607000.0
CL202303506,2023,Palermo,Tucumán,09/30/2018,57,informal,116000.0,14.2,62000.0,1,26000.0,si,,2,55000.0,248000.0,1,774000.0
cl202304933,2023,Palermo,Mendoza,23/11/2016,39,monotributo,412000.0,7.5,81000.0,2,48000.0,S,622.0,0,369000.0,514000.0,0,1109000.0
CL202300680,2023,Rosario Norte,CABA,12/06/2017,41,changas,555000.0,6.7,123000.0,3,200000.0,0,,1,403000.0,1098000.0,0,1445000.0
CL202303412,2023,Palermo,Mendoza,31/05/2019,52,MT,522000.0,,211000.0,3,162000.0,0,681.0,2,464000.0,756000.0,0,3221000.0
CL202303703,2023,La Plata,Mendoza,2021-06-04,53,relacion de dependencia,1268000.0,16.8,225000.0,5,665000.0,0,675.0,0,733000.0,2224000.0,0,6034000.0
CL202304555,2023,Mendoza Sur,Salta,2016-03-02,18,Informal,196000.0,0.0,70000.0,3,51000.0,si,654.0,4,90000.0,394000.0,1,863000.0
CL202300773 ,2023,Rosario Norte,Buenos Aires,2019-03-28,40,relacion de dependencia,,7.3,280000.0,7,746000.0,no,782.0,0,756000.0,2288000.0,0,20310000.0
CL202302222,2023,Palermo,Tucumán,01/09/2016,59,informal,170000.0,,98000.0,3,21000.0,No,632.0,1,150000.0,307000.0,2,1087000.0
CL202301568,2023,Rosario Norte,Neuquén,12/12/2018,47,Relación de Dependencia,613000.0,13.5,106000.0,3,70000.0,N,775.0,1,190000.0,1017000.0,0,3420000.0
CL202304831,2023,Palermo,Mendoza,07/02/2018,56,informal,2450000.0,,47000.0,1,15000.0,0,652.0,0,136000.0,206000.0,0,690000.0
CL202304281,2023,Central,CABA,05/10/2018,25,Rel. Dependencia,606000.0,3.9,144000.0,4,176000.0,Sí,620.0,0,209000.0,830000.0,0,2413000.0
CL202306514,2023,Mendoza Sur,Buenos Aires,2016-12-15,48,RD,285000.0,12.0,185000.0,5,47000.0,1,530.0,5,140000.0,432000.0,1,451000.0
CL202306671,2023,Central,Salta,2019-12-13,51,RD,,13.0,206000.0,6,167000.0,si,596.0,2,241000.0,749000.0,1,3757000.0
CL202300330,2023,La Plata,Santa Fe,06/29/2017,40,relacion de dependencia,345000.0,8.4,173000.0,5,128000.0,1,,3,329000.0,446000.0,1,1119000.0
CL202305097,2023,Rosario Norte,CABA,28/10/2016,57,changas,152000.0,,77000.0,3,75000.0,1,587.0,1,98000.0,321000.0,3,300000.0
CL202302212,2023,Central,Santa Fe,02/03/2019,66,relacion de dependencia,789000.0,18.5,468000.0,3,124000.0,N,567.0,2,623000.0,1377000.0,1,1728000.0
CL202300381,2023,Córdoba Shopping,Buenos Aires,01/08/2017,22,monotributo,501000.0,,103000.0,5,217000.0,1,666.0,0,157000.0,579000.0,0,2330000.0
CL202303373,2023,Canal Digital,Buenos Aires,07/17/2021,36,monotrib.,410000.0,6.9,78000.0,1,128.0,N,710.0,0,194000.0,461000.0,0,2834000.0
CL202304444,2023,Microcentro,Santa Fe,11/01/2017,29,RD,,9.5,205000.0,6,131000.0,1,597.0,3,550000.0,987000.0,0,2829000.0
CL202305558,2023,Palermo,Salta,11/09/2018,42,Informal,,10.4,89000.0,1,72000.0,Sí,666.0,0,111000.0,614000.0,0,1508000.0
CL202300543,2023,Rosario Norte,CABA,08/07/2020,39,RD,1615000.0,14.1,179000.0,8,588000.0,No,792.0,1,1217000.0,3538000.0,0,6956000.0
CL202303315,2023,Palermo,Santa Fe,14/11/2021,35,MT,315000.0,,44000.0,4,116000.0,0,733.0,0,162000.0,660000.0,0,1181000.0
CL202301410,2023,Microcentro,Córdoba,05/06/2016,35,Informal,143000.0,8.1,41000.0,2,44000.0,S,591.0,1,136000.0,114000.0,2,965000.0
CL202303353,2023,Rosario Norte,Buenos Aires,2019-03-23,58,Rel. Dependencia,361000.0,16.2,94000.0,8,107000.0,Sí,,1,159000.0,372000.0,1,1540000.0
CL202304834,2023,Mendoza Sur,Salta,06/08/2018,30,relacion de dependencia,1729000.0,10.0,112000.0,5,322000.0,No,689.0,0,712000.0,3404000.0,0,6575000.0
CL202305863,2023,Canal Digital,Buenos Aires,30/11/2021,45,Informal,200000.0,9.7,84000.0,3,65.0,0,626.0,0,68000.0,172000.0,3,1448000.0
CL202304323,2023,Canal Digital,CABA,12/04/2018,39,Rel. Dependencia,219000.0,12.7,116000.0,3,63.0,0,567.0,2,112000.0,266000.0,1,1481000.0
CL202305214,2023,La Plata,CABA,07/06/2018,47,Relación de Dependencia,565000.0,13.2,221000.0,4,130000.0,0,632.0,0,125000.0,651000.0,0,3640000.0
CL202303357,2023,Palermo,Mendoza,2016-08-24,50,Informal,341000.0,11.2,8000.0,3,148000.0,si,738.0,1,350000.0,517000.0,0,813000.0
CL202305648,2023,Mendoza Sur,Buenos Aires,2021-06-23,32,Relación de Dependencia,,9.2,178000.0,5,149000.0,S,580.0,1,239000.0,792000.0,0,3559000.0
CL202302117,2023,Mendoza Sur,CABA,09/09/2016,33,Relación de Dependencia,755000.0,9.7,125000.0,7,182000.0,0,624.0,3,324000.0,619000.0,0,3265000.0
CL202305401,2023,Microcentro,CABA,27/08/2021,63,informal,95000.0,14.5,54000.0,6,29000.0,1,540.0,3,38000.0,177000.0,1,496000.0
CL202303195,2023,Palermo,Córdoba,12/18/2018,30,Relación de Dependencia,372000.0,6.8,103000.0,6,120000.0,Sí,635.0,0,253000.0,377000.0,0,1710000.0
CL202304643,2023,Microcentro,Buenos Aires,01/02/2016,33,RD,1530000.0,6.8,189000.0,2,412000.0,No,744.0,2,576000.0,3186000.0,0,3531000.0
CL202300400,2023,Córdoba Shopping,Buenos Aires,20/04/2018,42,Rel. Dependencia,253000.0,13.6,116000.0,4,77000.0,0,622.0,1,209000.0,547000.0,0,1091000.0
CL202300462,2023,Córdoba Shopping,Neuquén,29/09/2020,46,RD,488000.0,11.2,117000.0,4,76000.0,No,743.0,0,468000.0,874000.0,0,2288000.0
CL202304103,2023,Canal Digital,Mendoza,22/11/2018,69,Rel. Dependencia,777000.0,,133000.0,8,221.0,0,728.0,0,414000.0,644000.0,0,6007000.0
CL202300660,2023,Mendoza Sur,Santa Fe,29/07/2021,55,Informal,90000.0,16.3,43000.0,6,25000.0,1,642.0,2,41000.0,131000.0,0,167000.0
CL202300583,2023,Microcentro,Mendoza,2021-03-25,44,Relación de Dependencia,481000.0,11.8,69000.0,6,119000.0,1,694.0,0,208000.0,487000.0,1,3002000.0
CL202300947,2023,Central,Mendoza,07/12/2016,41,RD,1280000.0,,547000.0,6,719000.0,S,640.0,3,19000.0,1451000.0,1,5534000.0
CL202300949,2023,Mendoza Sur,Santa Fe,04/11/2021,41,Relación de Dependencia,333000.0,8.2,38000.0,6,78000.0,0,637.0,1,301000.0,534000.0,1,1985000.0
CL202300714,2023,Córdoba Shopping,Tucumán,12/10/2016,36,Informal,324000.0,,170000.0,2,59000.0,si,583.0,3,276000.0,621000.0,0,1354000.0
CL202300176,2023,Mendoza Sur,Buenos Aires,26/01/2020,56,relacion de dependencia,1103000.0,20.5,231000.0,2,285000.0,No,692.0,1,830000.0,1657000.0,0,8244000.0
CL202303826,2023,Córdoba Shopping,Neuquén,16/09/2017,54,monotributo,292000.0,11.9,126000.0,5,55000.0,1,573.0,0,257000.0,341000.0,1,981000.0
CL202300553,2023,Rosario Norte,Mendoza,21/08/2016,65,relacion de dependencia,899000.0,21.8,36000.0,5,449000.0,No,660.0,0,626000.0,1730000.0,1,6079000.0
CL202304659,2023,Central,Santa Fe,15/01/2021,61,Rel. Dependencia,1078000.0,,208000.0,4,540000.0,N,,0,931000.0,1083000.0,0,5288000.0
CL202300544,2023,Córdoba Shopping,Buenos Aires,21/12/2021,51,Informal,111000.0,8.3,41000.0,3,46000.0,no,656.0,1,59000.0,141000.0,1,812000.0
CL202305650,2023,La Plata,Buenos Aires,15/02/2017,42,Informal,,,114000.0,2,88000.0,no,633.0,1,24000.0,425000.0,0,3005000.0
CL202303565,2023,Palermo,Santa Fe,2019-11-03,40,informal,253000.0,,16000.0,1,5000.0,N,776.0,0,87000.0,420000.0,0,692000.0
CL202306140,2023,La Plata,Córdoba,2019-07-01,61,informal,166000.0,17.2,125000.0,3,81000.0,1,520.0,6,49000.0,309000.0,1,450000.0
CL202302109,2023,Canal Digital,Salta,05/09/2017,27,RD,616000.0,5.8,298000.0,5,259.0,Sí,631.0,0,413000.0,1041000.0,0,4196000.0
CL202300608,2023,Central,Buenos Aires,14/12/2017,45,changas,225000.0,14.9,62000.0,3,17000.0,1,649.0,0,47000.0,306000.0,0,1480000.0
CL202305065,2023,La Plata,Buenos Aires,2020-04-13,68,RD,814000.0,18.4,200000.0,7,296000.0,si,694.0,1,570000.0,1222000.0,0,2411000.0
CL202306683,2023,Canal Digital,Buenos Aires,18/05/2018,25,changas,174000.0,3.6,69000.0,3,62.0,si,609.0,0,169000.0,378000.0,1,1052000.0
CL202300021,2023,Palermo,Salta,01/01/2017,28,relacion de dependencia,677000.0,6.8,106000.0,1,291000.0,no,658.0,0,413000.0,1182000.0,0,1709000.0
CL202301920,2023,Central,Santa Fe,15/06/2020,41,Rel. Dependencia,856000.0,9.7,316000.0,4,285000.0,si,619.0,2,676000.0,1370000.0,0,3256000.0
CL202302922,2023,Canal Digital,CABA,2020-11-09,55,s/d,365000.0,12.5,242000.0,3,115.0,si,571.0,0,232000.0,328000.0,2,1546000.0
CL202306569,2023,La Plata,Córdoba,12/27/2018,46,Relación de Dependencia,612000.0,11.2,241000.0,2,190000.0,0,665.0,0,605000.0,1043000.0,0,1021000.0
CL202303633,2023,Microcentro,Santa Fe,02/05/2020,24,relacion de dependencia,,1.8,87000.0,3,142000.0,No,701.0,0,391000.0,781000.0,1,2626000.0
CL202302141,2023,Mendoza Sur,Córdoba,10/30/2016,45,monotributo,423000.0,10.2,91000.0,3,160000.0,N,695.0,1,311000.0,800000.0,0,1857000.0
CL202301611,2023,Canal Digital,Tucumán,03/12/2021,73,relacion de dependencia,,21.1,140000.0,2,221.0,S,754.0,2,263000.0,1246000.0,0,4215000.0
CL202300769,2023,Córdoba Shopping,CABA,29/03/2019,20,informal,377000.0,1.6,93000.0,2,193000.0,no,645.0,1,266000.0,384000.0,0,1035000.0
CL202303857,2023,Microcentro,Buenos Aires,2017-09-24,38,MT,199000.0,6.6,132000.0,1,41000.0,no,550.0,0,132000.0,303000.0,2,475000.0
CL202300969,2023,Central,Neuquén,29/06/2020,54,relacion de dependencia,1009000.0,12.7,244000.0,3,115000.0,N,,0,1106000.0,1272000.0,0,5255000.0
CL202301170,2023,Canal Digital,Mendoza,22/09/2021,23,MT,,2.5,140000.0,3,45.0,1,535.0,7,103000.0,161000.0,3,1034000.0
CL202303286,2023,Rosario Norte,Salta,06/12/2019,38,MT,,,141000.0,3,80000.0,no,558.0,2,130000.0,422000.0,3,1417000.0
CL202301176,2023,Canal Digital,CABA,20/08/2019,29,Monotributo,,1.0,79000.0,2,26.0,no,841.0,0,508000.0,662000.0,0,5231000.0
CL202302546,2023,Palermo,Salta,15/03/2017,39,Rel. Dependencia,625000.0,9.1,150000.0,4,96000.0,Sí,613.0,1,246000.0,1270000.0,0,4746000.0
CL202302265,2023,Canal Digital,Salta,2016-01-22,50,relacion de dependencia,798000.0,10.4,290000.0,6,241.0,0,651.0,2,850000.0,1640000.0,0,6072000.0
CL202302224,2023,Central,Santa Fe,09/06/2018,48,Relación de Dependencia,741000.0,16.0,173000.0,8,246000.0,no,627.0,1,692000.0,1493000.0,0,2194000.0
CL202301254,2023,Canal Digital,Córdoba,05/25/2021,21,changas,366000.0,1.0,59000.0,1,111.0,0,659.0,1,204000.0,587000.0,1,2216000.0
CL202303164,2023,Central,Tucumán,04/08/2020,48,Rel. Dependencia,1241000.0,11.8,234000.0,1,598000.0,si,712.0,0,370000.0,2193000.0,0,5150000.0
CL202306751,2023,Palermo,Tucumán,17/07/2016,78,MT,269000.0,24.7,46000.0,3,31000.0,si,681.0,1,95000.0,420000.0,0,1665000.0
CL202306798,2023,Rosario Norte,Salta,11/22/2017,61,Informal,106000.0,,79000.0,4,50000.0,Sí,507.0,3,77000.0,223000.0,2,448000.0
CL202306635,2023,Rosario Norte,Córdoba,03/02/2020,52,informal,349000.0,8.7,119000.0,2,68000.0,si,,1,9000.0,758000.0,1,2327000.0
CL202303026,2023,Canal Digital,CABA,01/20/2019,36,monotributo,395000.0,7.0,81000.0,4,86.0,N,618.0,0,259000.0,518000.0,0,1655000.0
CL202303952,2023,La Plata,Tucumán,2019-09-13,69,changas,206000.0,20.2,119000.0,4,72000.0,S,542.0,4,71000.0,240000.0,0,789000.0
CL202300560,2023,Microcentro,Salta,02/09/2017,41,Relación de Dependencia,895000.0,11.0,255000.0,3,264000.0,0,,0,378000.0,1573000.0,0,5293000.0
CL202300537,2023,Central,Mendoza,2016-11-01,45,monotributo,476000.0,,284000.0,2,149000.0,1,585.0,2,184000.0,944000.0,1,3379000.0
CL202303910,2023,Central,Buenos Aires,27/03/2021,51,Rel. Dependencia,1193000.0,14.8,280000.0,9,135000.0,N,717.0,0,764000.0,976000.0,0,2457000.0
CL202304947,2023,Microcentro,Mendoza,2021-08-13,53,RD,280000.0,17.5,151000.0,4,89000.0,1,,1,184000.0,540000.0,2,1817000.0
CL202305492,2023,La Plata,Buenos Aires,09/03/2020,40,Rel. Dependencia,860000.0,8.9,199000.0,3,273000.0,N,787.0,0,499000.0,1078000.0,0,5730000.0
CL202300957,2023,Córdoba Shopping,Santa Fe,2019-06-11,65,changas,221000.0,17.7,45000.0,3,59000.0,Sí,695.0,0,144000.0,377000.0,0,1208000.0
CL202300761,2023,Córdoba Shopping,Mendoza,2018-09-20,42,relacion de dependencia,,9.0,192000.0,4,182000.0,No,778.0,1,244000.0,846000.0,0,1568000.0
CL202302827,2023,La Plata,Tucumán,2021-06-01,61,MT,741000.0,14.3,141000.0,4,178000.0,N,713.0,2,169000.0,618000.0,1,3744000.0
CL202304998,2023,Canal Digital,Santa Fe,2020-09-20,27,s/d,194000.0,,88000.0,1,63.0,0,,1,139000.0,173000.0,1,583000.0
CL202300263,2023,Microcentro,Salta,08/03/2021,35,monotributo,631000.0,8.4,118000.0,4,101000.0,No,635.0,2,198000.0,1068000.0,1,1264000.0
CL202305839,2023,Microcentro,Neuquén,2018-10-07,47,Rel. Dependencia,1501000.0,12.1,124000.0,5,759000.0,No,749.0,2,1147000.0,1684000.0,0,2614000.0
CL202306261,2023,Microcentro,Neuquén,01/02/2018,33,RD,659000.0,7.7,163000.0,4,225000.0,si,,0,713000.0,1384000.0,0,5108000.0
CL202300103,2023,Central,Salta,2020-08-04,32,monotrib.,,5.1,57000.0,5,94000.0,No,664.0,2,286000.0,444000.0,0,1973000.0
CL202306234,2023,Central,Córdoba,05/14/2020,33,s/d,183000.0,7.6,63000.0,2,68000.0,Sí,630.0,1,82000.0,246000.0,2,1266000.0
CL202305752,2023,Córdoba Shopping,Buenos Aires,20/11/2018,27,changas,,3.8,147000.0,4,104000.0,1,611.0,2,144000.0,257000.0,1,2216000.0
CL202303725,2023,Central,Salta,21/10/2019,38,Relación de Dependencia,400000.0,7.4,22000.0,5,207000.0,N,720.0,1,116000.0,701000.0,0,1550000.0
CL202305324,2023,Central,Salta,2016-12-30,50,Rel. Dependencia,811000.0,6.3,17000.0,3,156000.0,No,685.0,0,295000.0,667000.0,0,3870000.0
CL202301935,2023,Canal Digital,Buenos Aires,15/01/2016,36,Informal,244000.0,,60000.0,2,48.0,si,700.0,1,120000.0,257000.0,0,1074000.0
CL202303602,2023,Córdoba Shopping,Buenos Aires,06/03/2020,37,s/d,,7.2,52000.0,1,33000.0,N,617.0,1,124000.0,264000.0,1,689000.0
CL202300776,2023,Córdoba Shopping,Neuquén,01/01/2021,48,monotrib.,690000.0,,263000.0,4,353000.0,1,658.0,1,498000.0,1470000.0,0,3959000.0
CL202304602,2023,Palermo,Neuquén,14/12/2019,31,Monotributo,795000.0,10.3,208000.0,3,133000.0,No,597.0,1,579000.0,1262000.0,0,4988000.0
CL202305762,2023,Mendoza Sur,Buenos Aires,08/10/2016,35,MT,268000.0,6.4,124000.0,5,76000.0,0,566.0,0,61000.0,315000.0,3,1576000.0
CL202302545,2023,Palermo,CABA,03/20/2018,23,RD,667000.0,4.7,223000.0,4,81000.0,N,647.0,1,392000.0,1218000.0,0,2972000.0
CL202305270,2023,La Plata,Neuquén,07/01/2019,27,Rel. Dependencia,,7.4,281000.0,7,282000.0,Sí,,3,219000.0,606000.0,1,1119000.0
CL202300824,2023,Microcentro,Neuquén,27/09/2017,45,Rel. Dependencia,1638000.0,8.7,143000.0,6,303000.0,S,712.0,0,835000.0,1779000.0,0,10253000.0
CL202302951,2023,Córdoba Shopping,Mendoza,12/01/2021,40,Rel. Dependencia,979000.0,9.9,193000.0,4,272000.0,0,612.0,0,272000.0,1361000.0,0,2345000.0
CL202300295,2023,Palermo,Salta,19/08/2018,20,Monotributo,236000.0,0.2,39000.0,2,99000.0,No,706.0,5,129000.0,377000.0,0,1482000.0
CL202303751,2023,Córdoba Shopping,Mendoza,17/06/2019,28,monotrib.,383000.0,,32000.0,5,124000.0,No,774.0,0,354000.0,363000.0,0,2595000.0
CL202300542,2023,Microcentro,Córdoba,04/08/2017,28,Relación de Dependencia,671000.0,6.4,155000.0,5,275000.0,No,627.0,1,517000.0,673000.0,1,2847000.0
CL202300288 ,2023,La Plata,Santa Fe,20/10/2020,47,Relación de Dependencia,1389000.0,8.6,306000.0,5,523000.0,0,693.0,0,365000.0,2205000.0,1,6907000.0
CL202306661,2023,Central,Salta,2020-11-25,30,relacion de dependencia,520000.0,7.5,90000.0,8,80000.0,no,707.0,3,129000.0,438000.0,0,2063000.0
CL202301847,2023,Palermo,CABA,05/10/2017,29,monotrib.,906000.0,,162000.0,5,225000.0,no,,1,656000.0,1961000.0,0,5748000.0
CL202302653,2023,Microcentro,CABA,2020-07-25,38,s/d,253000.0,,59000.0,2,107000.0,Sí,675.0,0,180000.0,468000.0,0,1741000.0
CL202306520,2023,Canal Digital,Santa Fe,11/04/2017,42,Rel. Dependencia,1955000.0,13.9,356000.0,4,703.0,no,,0,2708000.0,4147000.0,0,5327000.0
CL202306383,2023,La Plata,CABA,2019-12-25,65,monotrib.,1154000.0,20.2,165000.0,4,499000.0,no,,1,815000.0,1014000.0,1,6109000.0
CL202300252,2023,Rosario Norte,Tucumán,04/22/2017,45,Monotributo,384000.0,10.2,67000.0,1,99000.0,No,687.0,0,219000.0,774000.0,0,1266000.0
CL202300076,2023,Central,Córdoba,30/10/2020,46,s/d,166000.0,,51000.0,4,79000.0,1,634.0,1,77000.0,207000.0,0,579000.0
CL202300539,2023,Córdoba Shopping,CABA,06/04/2016,58,relacion de dependencia,,,294000.0,6,298000.0,1,677.0,1,766000.0,1841000.0,4,3587000.0
CL202300527,2023,Córdoba Shopping,Santa Fe,01/03/2016,41,Monotributo,287000.0,16.1,119000.0,5,36000.0,Sí,580.0,1,162000.0,351000.0,0,1259000.0
CL202304664,2023,Córdoba Shopping,CABA,02/04/2019,39,Monotributo,,6.9,124000.0,2,151000.0,1,689.0,2,200000.0,534000.0,0,2192000.0
CL202302911,2023,Palermo,Córdoba,2017-10-19,50,Rel. Dependencia,555000.0,10.1,217000.0,6,138000.0,Sí,585.0,2,443000.0,554000.0,1,3496000.0
CL202306236,2023,La Plata,Mendoza,27/12/2017,42,relacion de dependencia,1152000.0,8.8,114000.0,6,329000.0,N,794.0,1,955000.0,1691000.0,0,6014000.0
CL202303903,2023,Palermo,CABA,16/04/2016,42,MT,765000.0,7.6,85000.0,2,175000.0,no,777.0,1,648000.0,710000.0,0,5615000.0
CL202301542,2023,Microcentro,Neuquén,2021-12-23,38,monotributo,1061000.0,,214000.0,5,491000.0,N,778.0,1,693000.0,1864000.0,1,5544000.0
CL202303662,2023,Mendoza Sur,Neuquén,19/02/2021,31,s/d,153000.0,4.6,15000.0,5,48000.0,si,669.0,0,98000.0,180000.0,0,374000.0
CL202300395,2023,La Plata,Salta,10/02/2016,47,relacion de dependencia,998000.0,12.8,299000.0,5,183000.0,no,572.0,0,1041000.0,1630000.0,0,5625000.0
CL202300591,2023,Rosario Norte,Córdoba,16/03/2020,32,monotrib.,583000.0,5.1,58000.0,1,183000.0,0,729.0,0,715000.0,595000.0,0,2372000.0
CL202304409,2023,Mendoza Sur,Neuquén,16/04/2018,39,relacion de dependencia,,10.2,113000.0,6,402000.0,No,748.0,1,910000.0,1143000.0,0,2283000.0
CL202303046,2023,Canal Digital,Neuquén,21/08/2019,39,Informal,90000.0,7.4,38000.0,3,26.0,1,613.0,0,80000.0,85000.0,0,143000.0
CL202306139,2023,Central,Santa Fe,2017-02-27,27,RD,1535000.0,6.6,173000.0,5,377000.0,N,740.0,0,716000.0,2438000.0,2,4410000.0
CL202302008,2023,Rosario Norte,Tucumán,19/05/2017,38,Rel. Dependencia,796000.0,11.1,38000.0,3,227000.0,N,701.0,2,525000.0,689000.0,0,2619000.0
CL202300985,2023,Rosario Norte,Salta,20/02/2018,29,Relación de Dependencia,1287000.0,6.3,190000.0,1,391000.0,No,648.0,0,814000.0,2756000.0,1,9268000.0
CL202301380,2023,Central,Tucumán,06/04/2016,43,Informal,,8.8,87000.0,1,145000.0,N,665.0,1,347000.0,570000.0,1,2727000.0
CL202303948,2023,Palermo,CABA,29/05/2018,65,MT,389000.0,,40000.0,5,77000.0,No,655.0,2,162000.0,708000.0,0,1784000.0
CL202301634,2023,Canal Digital,Santa Fe,29/06/2016,49,relacion de dependencia,762000.0,12.7,357000.0,2,32.0,Sí,641.0,0,339000.0,1628000.0,1,2073000.0
CL202302072,2023,Córdoba Shopping,Santa Fe,14/09/2020,33,s/d,245000.0,,41000.0,5,99000.0,Sí,737.0,0,63000.0,466000.0,0,516000.0
CL202302571,2023,Microcentro,Córdoba,07/09/2018,37,informal,114000.0,5.4,56000.0,1,5000.0,1,593.0,4,23000.0,158000.0,1,664000.0
CL202302493,2023,Central,Santa Fe,02/05/2016,25,monotrib.,602000.0,0.0,57000.0,3,112000.0,No,704.0,2,290000.0,967000.0,1,1259000.0
CL202304119,2023,Central,Mendoza,05/04/2017,47,monotrib.,419000.0,3.8,80000.0,3,46000.0,0,683.0,1,59000.0,359000.0,1,2218000.0
CL202304350,2023,Rosario Norte,Córdoba,02/26/2019,27,MT,474000.0,0.7,64000.0,6,109000.0,no,702.0,2,248000.0,952000.0,1,3653000.0
CL202306317,2023,Córdoba Shopping,Mendoza,02/15/2020,38,informal,184000.0,6.1,103000.0,4,69000.0,0,549.0,1,142000.0,291000.0,2,847000.0
CL202304414,2023,Canal Digital,Santa Fe,05/01/2017,64,monotributo,487000.0,14.2,194000.0,6,88.0,si,607.0,1,253000.0,700000.0,0,3425000.0
CL202302789,2023,La Plata,Mendoza,17/06/2018,68,relacion de dependencia,1590000.0,22.8,372000.0,4,452000.0,N,687.0,1,1243000.0,2159000.0,0,7607000.0
CL202300027,2023,Mendoza Sur,CABA,24/04/2018,55,Relación de Dependencia,,17.9,102000.0,1,148000.0,No,703.0,0,291000.0,1675000.0,1,1281000.0
CL202306412,2023,Mendoza Sur,Neuquén,12/21/2019,49,Rel. Dependencia,937000.0,15.0,222000.0,6,162000.0,Sí,634.0,1,429000.0,1795000.0,0,4610000.0
CL202301375,2023,Rosario Norte,Salta,11/29/2020,46,monotrib.,,,97000.0,3,151000.0,0,639.0,5,196000.0,659000.0,1,2437000.0
CL202306353,2023,Central,Mendoza,28/04/2018,42,RD,1700000.0,13.6,583000.0,5,707000.0,No,619.0,3,725000.0,2829000.0,0,7963000.0
CL202300159,2023,Canal Digital,Córdoba,01/08/2020,44,informal,206000.0,,130000.0,2,77.0,S,551.0,0,174000.0,332000.0,3,720000.0
CL202301427,2023,Palermo,Mendoza,07/05/2021,34,Relación de Dependencia,941000.0,13.9,230000.0,2,174000.0,No,673.0,4,666000.0,808000.0,2,1952000.0
CL202306783,2023,La Plata,Mendoza,09/09/2020,25,monotrib.,497000.0,3.4,208000.0,3,62000.0,si,598.0,3,444000.0,767000.0,0,834000.0
CL202303709,2023,Palermo,Santa Fe,2020-11-25,38,RD,857000.0,11.9,77000.0,5,122000.0,0,659.0,0,459000.0,1464000.0,0,2391000.0
CL202301312,2023,Canal Digital,Neuquén,18/04/2016,53,informal,,,71000.0,4,67.0,no,650.0,1,146000.0,376000.0,0,1341000.0
CL202301228,2023,La Plata,Salta,2017-08-04,27,informal,196000.0,3.5,69000.0,6,20000.0,no,652.0,1,58000.0,238000.0,1,857000.0
CL202303475,2023,Córdoba Shopping,Tucumán,04/05/2016,18,monotributo,497000.0,0.0,232000.0,3,87000.0,no,637.0,0,285000.0,1046000.0,1,3055000.0
CL202305249,2023,Palermo,Córdoba,11/22/2019,44,Rel. Dependencia,813000.0,11.8,91000.0,2,444000.0,S,747.0,0,655000.0,665000.0,1,5973000.0
CL202305204,2023,Rosario Norte,Santa Fe,06/03/2016,60,Relación de Dependencia,2302000.0,18.1,282000.0,4,606000.0,no,785.0,0,1206000.0,3616000.0,0,9215000.0
CL202300743,2023,La Plata,Salta,19/05/2021,64,relacion de dependencia,789000.0,17.4,341000.0,6,275000.0,0,600.0,2,676000.0,1545000.0,0,5175000.0
CL202300982,2023,Canal Digital,Buenos Aires,08/14/2020,40,informal,133000.0,6.1,68000.0,4,32.0,Sí,619.0,3,86000.0,201000.0,3,656000.0
CL202301323,2023,Palermo,Neuquén,07/09/2021,47,s/d,202000.0,11.0,59000.0,2,19000.0,si,643.0,2,75000.0,231000.0,0,496000.0
CL202302209,2023,Rosario Norte,Tucumán,13/06/2018,45,relacion de dependencia,2721000.0,15.9,105000.0,3,676000.0,no,812.0,1,1772000.0,3100000.0,0,21017000.0
CL202304212,2023,La Plata,Mendoza,14/07/2021,35,s/d,,,113000.0,4,118000.0,S,628.0,1,107000.0,364000.0,1,1385000.0
cl202305969,2023,Central,Tucumán,2019-03-07,48,monotributo,398000.0,10.6,41000.0,3,127000.0,No,649.0,1,207000.0,561000.0,0,809000.0
CL202303785,2023,Palermo,Salta,05/19/2018,33,changas,177000.0,7.2,117000.0,2,32000.0,Sí,,2,98000.0,197000.0,1,1295000.0
CL202301793,2023,Central,Tucumán,03/07/2017,54,Rel. Dependencia,1659000.0,15.5,244000.0,2,436000.0,0,761.0,2,367000.0,2303000.0,1,8824000.0
CL202303096,2023,Córdoba Shopping,Buenos Aires,18/03/2021,21,monotrib.,296000.0,,60000.0,3,93000.0,No,675.0,0,15000.0,356000.0,0,1302000.0
CL202306190,2023,Rosario Norte,CABA,17/07/2021,52,RD,203000.0,18.7,110000.0,7,81000.0,Sí,511.0,2,145000.0,180000.0,0,600000.0
CL202306537,2023,Mendoza Sur,Córdoba,13/01/2017,29,MT,620000.0,4.6,234000.0,2,117000.0,No,601.0,2,204000.0,1226000.0,0,1425000.0
CL202302401,2023,Córdoba Shopping,Santa Fe,12/03/2019,46,RD,968000.0,11.1,123000.0,4,387000.0,No,673.0,0,524000.0,1947000.0,2,3994000.0
CL202305545,2023,Mendoza Sur,Buenos Aires,13/01/2019,29,MT,246000.0,,100000.0,3,11000.0,1,566.0,3,133000.0,262000.0,0,665000.0
CL202303201,2023,Canal Digital,CABA,05/24/2020,56,relacion de dependencia,808000.0,17.8,186000.0,6,152.0,S,607.0,0,634000.0,1382000.0,2,4683000.0
CL202306073,2023,Rosario Norte,Salta,12/26/2016,36,MT,528000.0,5.3,112000.0,4,144000.0,0,601.0,0,294000.0,1011000.0,0,1521000.0
CL202304569,2023,Mendoza Sur,Salta,30/06/2018,39,monotributo,274000.0,,113000.0,2,98000.0,0,575.0,3,116000.0,388000.0,0,547000.0
CL202304015,2023,Canal Digital,Córdoba,19/05/2016,27,relacion de dependencia,1321000.0,4.7,245000.0,5,506.0,N,710.0,0,808000.0,1412000.0,0,5166000.0
CL202302781,2023,Microcentro,Neuquén,26/05/2021,40,s/d,,9.5,65000.0,4,171000.0,N,641.0,0,144000.0,750000.0,0,2967000.0
CL202304985,2023,Canal Digital,Mendoza,24/08/2021,55,Rel. Dependencia,262000.0,15.4,206000.0,2,90.0,S,481.0,5,119000.0,441000.0,3,980000.0
CL202302180,2023,Palermo,CABA,12/04/2018,51,MT,336000.0,13.9,55000.0,1,144000.0,S,695.0,0,343000.0,409000.0,0,1927000.0
CL202303650,2023,La Plata,Buenos Aires,29/05/2017,44,changas,410000.0,11.4,57000.0,3,115000.0,No,633.0,1,93000.0,620000.0,0,1778000.0
CL202305967,2023,Mendoza Sur,CABA,05/20/2016,31,monotrib.,544000.0,6.3,85000.0,5,133000.0,0,728.0,1,123000.0,1148000.0,1,3267000.0
CL202300407,2023,Mendoza Sur,Buenos Aires,18/09/2018,61,Relación de Dependencia,969000.0,15.6,132000.0,5,280000.0,No,665.0,1,1001000.0,1821000.0,0,4808000.0
CL202300270,2023,Mendoza Sur,Santa Fe,2017-11-07,49,relacion de dependencia,,12.9,276000.0,5,318000.0,S,,5,650000.0,640000.0,0,3968000.0
CL202303284,2023,Palermo,Mendoza,25/06/2019,54,changas,146000.0,13.7,59000.0,3,24000.0,N,586.0,1,80000.0,223000.0,0,794000.0
CL202303637,2023,Córdoba Shopping,Mendoza,2019-09-24,18,MT,712000.0,0.0,84000.0,2,125000.0,Sí,790.0,0,318000.0,1119000.0,0,3999000.0
CL202304657,2023,Microcentro,Mendoza,29/09/2016,39,Relación de Dependencia,,9.2,104000.0,2,112000.0,si,715.0,1,346000.0,920000.0,0,1986000.0
CL202303177,2023,La Plata,Salta,08/04/2017,28,Relación de Dependencia,871000.0,7.2,152000.0,7,223000.0,No,742.0,1,542000.0,896000.0,0,3230000.0
CL202303754,2023,Córdoba Shopping,Neuquén,22/04/2019,50,Monotributo,,14.1,79000.0,6,71000.0,S,592.0,0,185000.0,182000.0,1,581000.0
CL202305625,2023,Central,Buenos Aires,28/11/2016,65,monotrib.,433000.0,18.9,54000.0,3,154000.0,1,660.0,0,181000.0,528000.0,0,1524000.0
CL202306256,2023,Córdoba Shopping,Neuquén,11/06/2016,18,s/d,123000.0,,42000.0,2,56000.0,No,624.0,1,81000.0,217000.0,0,553000.0
CL202300164,2023,Canal Digital,Buenos Aires,09/07/2020,78,monotrib.,736000.0,22.9,124000.0,3,208.0,0,713.0,0,527000.0,1047000.0,0,1152000.0
CL202302193,2023,La Plata,Mendoza,2017-06-26,18,Relación de Dependencia,812000.0,2.5,214000.0,2,255000.0,0,696.0,3,651000.0,802000.0,1,2803000.0
CL202306424,2023,Microcentro,Tucumán,28/04/2019,37,Rel. Dependencia,954000.0,10.8,44000.0,5,211000.0,No,785.0,1,455000.0,1624000.0,0,2810000.0
CL202301077,2023,Central,Tucumán,26/03/2016,47,relacion de dependencia,911000.0,15.2,217000.0,5,335000.0,N,763.0,0,584000.0,1006000.0,0,4813000.0
CL202301857,2023,Central,Santa Fe,16/05/2017,56,relacion de dependencia,1001000.0,16.2,176000.0,3,299000.0,0,793.0,0,674000.0,1956000.0,1,3980000.0
CL202303704,2023,Mendoza Sur,Mendoza,08/13/2021,30,RD,387000.0,12.6,102000.0,4,102000.0,si,631.0,2,156000.0,714000.0,0,1174000.0
cl202303564,2023,Central,CABA,29/11/2020,33,Monotributo,537000.0,,70000.0,1,117000.0,0,685.0,0,410000.0,1169000.0,1,2845000.0
CL202305258,2023,Palermo,Buenos Aires,2016-05-05,39,Rel. Dependencia,906000.0,10.3,178000.0,4,321000.0,no,,1,98000.0,1476000.0,1,5711000.0
CL202304498,2023,Palermo,Salta,24/11/2019,57,Rel. Dependencia,,15.3,370000.0,4,396000.0,no,761.0,1,579000.0,2272000.0,0,11097000.0
CL202300469,2023,Rosario Norte,Neuquén,25/10/2017,53,Relación de Dependencia,782000.0,11.1,262000.0,7,407000.0,S,649.0,1,393000.0,1286000.0,2,5214000.0
CL202303368,2023,Palermo,CABA,03/26/2017,33,MT,619000.0,,85000.0,5,176000.0,0,,0,442000.0,730000.0,0,2614000.0
CL202303988,2023,Córdoba Shopping,Córdoba,06/10/2016,44,relacion de dependencia,1490000.0,12.0,274000.0,3,481000.0,0,850.0,1,206000.0,1212000.0,1,6765000.0
CL202303962,2023,Central,Córdoba,30/08/2019,33,Relación de Dependencia,1267000.0,8.9,238000.0,4,215000.0,N,750.0,0,827000.0,1222000.0,0,4546000.0
CL202304956,2023,La Plata,Córdoba,2018-01-04,46,informal,279000.0,11.7,115000.0,1,52000.0,si,608.0,1,154000.0,369000.0,0,1636000.0
CL202304655,2023,Central,Santa Fe,2018-12-27,18,monotrib.,,0.0,176000.0,3,260000.0,no,706.0,1,490000.0,1520000.0,0,3913000.0
CL202306626,2023,Palermo,Salta,10/05/2020,37,relacion de dependencia,1250000.0,11.5,274000.0,7,531000.0,N,664.0,0,421000.0,1491000.0,0,3772000.0
CL202301715,2023,Central,Córdoba,13/05/2020,30,informal,244000.0,,37000.0,3,72000.0,no,672.0,2,218000.0,461000.0,0,1254000.0
CL202305901,2023,Rosario Norte,Mendoza,29/12/2016,51,changas,385000.0,,105000.0,8,191000.0,no,,1,145000.0,504000.0,0,2092000.0
CL202300701,2023,Palermo,CABA,01/15/2017,78,s/d,231000.0,19.7,73000.0,3,17000.0,0,652.0,0,114000.0,356000.0,0,411000.0
CL202304899,2023,Córdoba Shopping,Neuquén,2016-04-08,23,monotributo,703000.0,8.3,113000.0,2,256000.0,S,699.0,0,564000.0,1257000.0,1,5154000.0
CL202306462,2023,Rosario Norte,Buenos Aires,02/10/2018,42,Relación de Dependencia,227000.0,9.0,38000.0,3,80000.0,No,705.0,0,92000.0,273000.0,0,1331000.0
CL202300828,2023,Microcentro,CABA,04/12/2016,45,Rel. Dependencia,1053000.0,13.0,62000.0,4,290000.0,0,666.0,1,784000.0,1499000.0,0,2169000.0
CL202302992,2023,Mendoza Sur,Salta,2016-03-04,38,changas,176000.0,,68000.0,4,46000.0,1,656.0,2,68000.0,208000.0,2,363000.0
CL202306151,2023,Microcentro,Salta,2017-11-02,40,Monotributo,,6.8,50000.0,2,165000.0,no,716.0,2,430000.0,600000.0,0,3265000.0
CL202302052,2023,Mendoza Sur,CABA,2020-08-02,51,RD,,14.2,498000.0,3,579000.0,no,687.0,0,1780000.0,3415000.0,0,8457000.0
CL202306123,2023,Microcentro,Santa Fe,07/08/2021,40,relacion de dependencia,,7.3,103000.0,5,192000.0,Sí,720.0,1,336000.0,1098000.0,1,2428000.0
CL202301589,2023,Microcentro,Córdoba,15/08/2018,45,MT,,,180000.0,3,77000.0,si,,3,97000.0,214000.0,3,955000.0
CL202300358,2023,Palermo,Córdoba,16/05/2017,47,relacion de dependencia,2959000.0,16.0,72000.0,4,760000.0,No,719.0,0,2246000.0,5471000.0,0,7897000.0
CL202301580,2023,Central,Salta,08/11/2017,47,relacion de dependencia,1003000.0,10.0,99000.0,4,462000.0,S,789.0,0,579000.0,1197000.0,0,7625000.0
CL202301477,2023,Rosario Norte,Neuquén,22/02/2018,62,MT,469000.0,16.6,71000.0,1,171000.0,N,792.0,0,408000.0,925000.0,1,704000.0
CL202304625,2023,Mendoza Sur,Salta,08/10/2020,18,Rel. Dependencia,359000.0,0.0,95000.0,4,5000.0,si,711.0,1,221000.0,475000.0,1,2595000.0
CL202303838,2023,Mendoza Sur,Mendoza,21/08/2016,44,MT,3140000.0,9.9,103000.0,4,105000.0,no,,0,142000.0,462000.0,1,1716000.0
CL202302300,2023,Canal Digital,Mendoza,11/04/2021,61,Rel. Dependencia,,19.1,43000.0,4,165.0,No,701.0,1,259000.0,477000.0,0,1570000.0
CL202301948,2023,Microcentro,Santa Fe,08/08/2017,48,Rel. Dependencia,509000.0,12.8,192000.0,3,139000.0,Sí,618.0,1,189000.0,803000.0,0,1241000.0
CL202303375,2023,Palermo,Salta,14/08/2021,27,Informal,202000.0,4.2,80000.0,3,80000.0,1,607.0,1,124000.0,365000.0,1,477000.0
CL202303132,2023,Mendoza Sur,CABA,13/09/2021,42,RD,,,157000.0,5,266000.0,N,675.0,1,708000.0,1420000.0,0,5557000.0
CL202304310,2023,Canal Digital,Buenos Aires,01/05/2019,51,RD,1622000.0,15.3,771000.0,9,45.0,S,,2,584000.0,2523000.0,1,8653000.0
CL202303153,2023,Palermo,Salta,10/13/2021,33,RD,331000.0,7.4,111000.0,4,106000.0,No,620.0,1,149000.0,315000.0,0,1432000.0
CL202305499,2023,Córdoba Shopping,Tucumán,2020-05-11,37,Informal,253000.0,6.5,87000.0,3,71000.0,N,696.0,0,110000.0,473000.0,1,1470000.0
CL202304843,2023,La Plata,Neuquén,13/01/2019,50,Informal,330000.0,,71000.0,2,112000.0,0,711.0,0,221000.0,418000.0,0,1489000.0
CL202301971,2023,Central,Tucumán,23/05/2018,58,Rel. Dependencia,1252000.0,19.8,161000.0,2,314000.0,si,733.0,3,917000.0,1060000.0,0,5895000.0
CL202302474,2023,Córdoba Shopping,CABA,21/09/2016,43,Monotributo,779000.0,,133000.0,5,247000.0,No,731.0,0,197000.0,1650000.0,0,2088000.0
CL202302144,2023,Córdoba Shopping,Buenos Aires,14/10/2018,42,informal,91000.0,,57000.0,2,33000.0,0,633.0,0,44000.0,191000.0,0,530000.0
CL202304822,2023,Rosario Norte,Santa Fe,07/12/2020,36,RD,309000.0,4.3,151000.0,5,101000.0,S,564.0,1,377000.0,523000.0,0,1079000.0
CL202306715,2023,Mendoza Sur,Tucumán,29/06/2021,24,Rel. Dependencia,497000.0,3.5,53000.0,6,169000.0,N,747.0,3,222000.0,653000.0,0,1006000.0
CL202300815,2023,Córdoba Shopping,CABA,2019-05-26,62,monotributo,589000.0,19.2,260000.0,6,33000.0,N,622.0,1,180000.0,791000.0,1,3926000.0
CL202303184,2023,Rosario Norte,Neuquén,05/10/2019,40,relacion de dependencia,717000.0,9.7,106000.0,7,186000.0,No,667.0,0,558000.0,1540000.0,0,1084000.0
CL202305620,2023,Rosario Norte,Mendoza,30/10/2019,36,Rel. Dependencia,750000.0,8.4,351000.0,4,401000.0,N,639.0,3,455000.0,925000.0,1,2718000.0
CL202302366,2023,Córdoba Shopping,Neuquén,17/05/2020,46,Monotributo,,,134000.0,2,49000.0,No,718.0,0,654000.0,1092000.0,0,4535000.0
CL202303431,2023,Microcentro,Neuquén,04/12/2019,45,monotributo,,6.9,130000.0,6,152000.0,0,598.0,0,161000.0,602000.0,0,1958000.0
CL202300457,2023,Microcentro,Neuquén,11/06/2016,52,informal,,11.8,92000.0,2,114000.0,S,571.0,2,119000.0,362000.0,1,1495000.0
CL202305068,2023,Microcentro,Buenos Aires,2021-11-12,45,relacion de dependencia,935000.0,19.9,306000.0,6,217000.0,S,588.0,1,561000.0,1116000.0,1,2685000.0
CL202306665,2023,Mendoza Sur,Mendoza,2018-09-22,42,MT,394000.0,4.7,69000.0,3,149000.0,si,663.0,1,387000.0,559000.0,0,1775000.0
CL202302757,2023,Central,CABA,16/01/2021,29,monotrib.,858000.0,3.6,176000.0,3,309000.0,No,724.0,0,131000.0,817000.0,1,3388000.0
CL202302904,2023,La Plata,Córdoba,11/11/2019,58,relacion de dependencia,,14.4,93000.0,4,372000.0,N,723.0,1,710000.0,1248000.0,0,6136000.0
CL202302999,2023,Central,Santa Fe,21/09/2017,37,monotributo,199000.0,8.2,51000.0,2,73000.0,S,607.0,1,130000.0,213000.0,0,858000.0
CL202302846,2023,Microcentro,Tucumán,2021-07-01,46,Relación de Dependencia,425000.0,,137000.0,1,159000.0,si,666.0,4,202000.0,875000.0,1,2891000.0
CL202305918,2023,Rosario Norte,Mendoza,11/03/2016,40,RD,539000.0,11.3,95000.0,2,108000.0,no,686.0,2,123000.0,839000.0,1,3192000.0
CL202302821,2023,Mendoza Sur,Mendoza,08/02/2020,31,changas,216000.0,,126000.0,6,40000.0,Sí,565.0,3,78000.0,188000.0,2,604000.0
CL202302855,2023,Canal Digital,Santa Fe,2020-06-27,42,monotrib.,386000.0,,61000.0,1,51.0,0,,0,261000.0,554000.0,0,1067000.0
CL202300667,2023,Córdoba Shopping,Santa Fe,13/01/2019,37,informal,262000.0,,80000.0,4,136000.0,No,616.0,1,109000.0,414000.0,1,1816000.0
CL202303730,2023,Canal Digital,Córdoba,04/04/2021,46,monotrib.,461000.0,,130000.0,1,153.0,Sí,659.0,0,264000.0,448000.0,2,999000.0
CL202300040,2023,Microcentro,Córdoba,2019-11-01,54,s/d,,10.6,46000.0,2,22000.0,1,592.0,0,20000.0,129000.0,2,244000.0
CL202306523,2023,La Plata,Santa Fe,2021-03-29,41,MT,,7.0,292000.0,6,70000.0,no,582.0,2,201000.0,760000.0,0,2359000.0
CL202305815,2023,Central,Tucumán,16/03/2016,37,Rel. Dependencia,,9.4,202000.0,3,358000.0,No,708.0,1,1008000.0,2326000.0,0,9287000.0
CL202302775,2023,Mendoza Sur,CABA,02/05/2019,18,Relación de Dependencia,1228000.0,3.4,299000.0,2,443000.0,0,690.0,0,485000.0,1474000.0,0,6154000.0
CL202306268,2023,Canal Digital,Buenos Aires,2016-06-16,38,Monotributo,486000.0,8.7,82000.0,1,157.0,0,738.0,0,457000.0,408000.0,0,3123000.0
CL202300634,2023,Mendoza Sur,Neuquén,01/27/2021,36,monotributo,468000.0,,166000.0,1,136000.0,No,,0,163000.0,1008000.0,0,1502000.0
CL202305622,2023,Palermo,Neuquén,05/20/2019,18,Relación de Dependencia,1099000.0,2.9,235000.0,3,336000.0,no,742.0,0,989000.0,2273000.0,0,8027000.0
CL202302220,2023,Córdoba Shopping,Neuquén,03/12/2021,26,monotrib.,572000.0,3.6,116000.0,4,132000.0,1,686.0,3,396000.0,1164000.0,1,3775000.0
CL202302535,2023,Córdoba Shopping,Tucumán,08/27/2017,59,changas,129000.0,,19000.0,2,56000.0,No,748.0,1,101000.0,157000.0,0,547000.0
CL202304480,2023,Córdoba Shopping,CABA,2019-07-09,41,RD,1397000.0,7.4,400000.0,5,409000.0,1,616.0,1,1295000.0,1200000.0,0,5500000.0
CL202304261,2023,Central,Neuquén,10/09/2016,41,relacion de dependencia,922000.0,11.7,171000.0,2,260000.0,N,748.0,1,448000.0,1084000.0,1,7371000.0
CL202301751,2023,Córdoba Shopping,Tucumán,27/09/2021,43,relacion de dependencia,754000.0,11.4,173000.0,2,182000.0,No,601.0,2,538000.0,1413000.0,1,1939000.0
CL202301094,2023,Mendoza Sur,Buenos Aires,2020-02-28,39,Informal,173000.0,3.7,53000.0,4,29000.0,0,601.0,0,100000.0,192000.0,0,1241000.0
CL202300448,2023,Microcentro,Salta,16/02/2016,41,Rel. Dependencia,,7.4,104000.0,4,178000.0,no,,1,185000.0,629000.0,0,3382000.0
CL202304550,2023,Canal Digital,Córdoba,2020-01-24,52,monotributo,760000.0,,37000.0,2,219.0,S,686.0,2,432000.0,1586000.0,1,3870000.0
CL202303059,2023,Central,Neuquén,2016-04-18,26,relacion de dependencia,,4.8,306000.0,4,72000.0,1,,1,298000.0,672000.0,1,4156000.0
CL202302683,2023,La Plata,CABA,19/04/2017,28,relacion de dependencia,1319000.0,8.0,270000.0,5,196000.0,No,700.0,0,861000.0,2799000.0,1,4964000.0
CL202304988,2023,Microcentro,Mendoza,13/10/2019,39,Informal,172000.0,,79000.0,3,69000.0,1,602.0,2,110000.0,219000.0,1,1118000.0
CL202300638,2023,Mendoza Sur,CABA,15/02/2021,60,RD,489000.0,14.4,297000.0,2,187000.0,1,521.0,3,43000.0,645000.0,0,1756000.0
CL202302783,2023,La Plata,Santa Fe,11/15/2020,20,Relación de Dependencia,440000.0,0.0,105000.0,4,132000.0,1,666.0,1,300000.0,679000.0,0,2070000.0
CL202301881,2023,La Plata,Mendoza,2019-02-22,28,relacion de dependencia,404000.0,6.6,196000.0,8,68000.0,S,598.0,2,115000.0,848000.0,2,2626000.0
CL202300140,2023,Canal Digital,Córdoba,25/12/2021,40,relacion de dependencia,,10.5,138000.0,2,775.0,No,850.0,2,1179000.0,4704000.0,0,24840000.0
CL202301919,2023,Palermo,Tucumán,09/03/2018,45,Rel. Dependencia,1330000.0,13.6,342000.0,4,206000.0,si,798.0,1,931000.0,1562000.0,1,5767000.0
CL202301059,2023,La Plata,Salta,04/08/2020,52,MT,291000.0,,77000.0,3,71000.0,0,601.0,1,185000.0,623000.0,0,2101000.0
CL202306277,2023,La Plata,Mendoza,04/02/2017,59,Monotributo,338000.0,,101000.0,3,137000.0,0,650.0,1,162000.0,607000.0,0,669000.0
CL202306217,2023,Canal Digital,CABA,18/10/2017,27,Relación de Dependencia,624000.0,6.7,47000.0,4,145.0,no,643.0,1,289000.0,580000.0,1,1895000.0
CL202303611,2023,Central,Santa Fe,2019-10-23,42,monotributo,126000.0,6.5,54000.0,6,43000.0,Sí,513.0,1,90000.0,154000.0,1,246000.0
CL202302169 ,2023,Central,Neuquén,07/02/2021,42,s/d,223000.0,,109000.0,4,53000.0,S,608.0,1,93000.0,459000.0,2,487000.0
CL202301985,2023,Canal Digital,Tucumán,12/03/2021,37,monotrib.,,5.4,67000.0,4,132.0,N,636.0,2,635000.0,567000.0,0,2749000.0
CL202306651,2023,Microcentro,Neuquén,2019-09-01,39,relacion de dependencia,359000.0,6.9,39000.0,5,155000.0,no,695.0,0,252000.0,608000.0,0,817000.0
CL202301640,2023,Mendoza Sur,Buenos Aires,23/04/2019,37,MT,,,67000.0,2,89000.0,no,685.0,1,123000.0,459000.0,0,1170000.0
CL202301720,2023,Canal Digital,CABA,2020-05-30,52,MT,,,67000.0,5,53.0,S,690.0,1,199000.0,328000.0,1,1617000.0
CL202305917,2023,La Plata,Mendoza,2021-01-02,46,changas,369000.0,14.2,23000.0,4,99000.0,0,668.0,1,192000.0,714000.0,0,2110000.0
CL202304188,2023,Córdoba Shopping,Buenos Aires,30/11/2018,30,Monotributo,480000.0,0.5,94000.0,4,197000.0,0,668.0,1,392000.0,813000.0,0,3408000.0
CL202301888,2023,Mendoza Sur,CABA,25/12/2017,51,Monotributo,,7.4,280000.0,2,145000.0,si,523.0,4,444000.0,507000.0,1,1984000.0
CL202302273,2023,Microcentro,Córdoba,2019-11-28,18,changas,237000.0,5.8,96000.0,3,72000.0,si,599.0,2,83000.0,216000.0,0,1113000.0
CL202300370,2023,Córdoba Shopping,Tucumán,2016-04-09,52,Relación de Dependencia,1127000.0,13.8,121000.0,7,302000.0,0,696.0,1,689000.0,1790000.0,0,2638000.0
CL202301969,2023,Central,Buenos Aires,30/06/2018,26,Rel. Dependencia,,7.9,449000.0,7,345000.0,0,505.0,5,371000.0,1682000.0,1,3412000.0
CL202305138,2023,Rosario Norte,Tucumán,2017-10-07,44,monotributo,659000.0,10.9,153000.0,4,166000.0,0,588.0,0,481000.0,645000.0,0,4862000.0
CL202302345,2023,Palermo,Santa Fe,11/03/2021,41,relacion de dependencia,963000.0,9.8,187000.0,3,433000.0,no,704.0,0,715000.0,945000.0,0,4386000.0
CL202301258,2023,Canal Digital,Córdoba,2021-02-20,57,RD,1021000.0,19.5,222000.0,3,219.0,no,704.0,1,585000.0,835000.0,0,3980000.0
CL202300609,2023,La Plata,Córdoba,04/06/2020,60,changas,,,110000.0,5,130000.0,1,541.0,0,187000.0,375000.0,2,720000.0
CL202301267,2023,Microcentro,Neuquén,2019-02-13,32,Rel. Dependencia,246000.0,9.1,16000.0,6,50000.0,No,752.0,2,242000.0,510000.0,1,1501000.0
CL202302047,2023,Canal Digital,Tucumán,08/19/2016,46,RD,514000.0,10.8,192000.0,2,171.0,No,704.0,1,302000.0,525000.0,1,2999000.0
CL202300325,2023,Rosario Norte,Neuquén,08/02/2017,41,relacion de dependencia,456000.0,8.2,247000.0,5,98000.0,Sí,516.0,3,208000.0,862000.0,0,2456000.0
CL202305049,2023,Córdoba Shopping,Neuquén,01/18/2019,23,relacion de dependencia,1410000.0,10.0,239000.0,5,416000.0,N,741.0,0,802000.0,1894000.0,0,5747000.0
CL202306791,2023,Rosario Norte,Neuquén,05/24/2018,49,Relación de Dependencia,559000.0,14.9,246000.0,4,285000.0,no,639.0,3,463000.0,887000.0,0,2865000.0
CL202300798,2023,Mendoza Sur,Tucumán,30/03/2021,55,Relación de Dependencia,576000.0,15.0,137000.0,4,102000.0,Sí,742.0,1,265000.0,583000.0,0,920000.0
CL202306579,2023,Microcentro,Santa Fe,26/06/2016,33,informal,276000.0,,42000.0,2,12000.0,1,721.0,1,158000.0,435000.0,0,645000.0
CL202301996,2023,Central,Neuquén,31/03/2020,77,MT,663000.0,18.1,88000.0,4,259000.0,0,756.0,0,260000.0,1386000.0,0,4050000.0
CL202305179,2023,Rosario Norte,Mendoza,25/05/2019,19,MT,,,18000.0,5,154000.0,0,677.0,1,84000.0,605000.0,0,3085000.0
CL202302689,2023,Palermo,Salta,10/24/2018,22,Relación de Dependencia,538000.0,5.3,342000.0,5,94000.0,si,539.0,3,255000.0,952000.0,2,3836000.0
CL202306732,2023,Central,Buenos Aires,24/08/2019,43,Informal,,8.5,108000.0,2,5000.0,S,636.0,2,116000.0,314000.0,0,1374000.0
CL202300873,2023,Mendoza Sur,Buenos Aires,14/10/2020,38,monotributo,507000.0,,86000.0,4,67000.0,0,,0,261000.0,671000.0,0,946000.0
CL202300916,2023,La Plata,CABA,2016-08-07,47,monotrib.,253000.0,12.9,87000.0,5,91000.0,S,607.0,1,178000.0,261000.0,0,681000.0
CL202302334,2023,Canal Digital,Santa Fe,2021-09-03,30,relacion de dependencia,543000.0,6.3,79000.0,3,107.0,no,798.0,1,539000.0,599000.0,0,1970000.0
CL202304339,2023,Canal Digital,Neuquén,28/04/2020,21,monotrib.,481000.0,1.3,123000.0,6,120.0,0,730.0,1,465000.0,788000.0,0,3301000.0
CL202301260,2023,La Plata,Córdoba,28/02/2018,32,RD,869000.0,,342000.0,9,412000.0,Sí,571.0,1,482000.0,928000.0,1,2766000.0
CL202301978,2023,Canal Digital,Buenos Aires,20/03/2016,51,changas,110000.0,10.1,72000.0,7,29.0,No,629.0,3,32000.0,192000.0,2,874000.0
CL202301859,2023,La Plata,Salta,05/28/2019,38,relacion de dependencia,518000.0,9.9,132000.0,3,145000.0,Sí,662.0,1,328000.0,594000.0,0,1947000.0
CL202305955,2023,Palermo,Córdoba,01/15/2019,33,Rel. Dependencia,,5.5,331000.0,1,177000.0,N,648.0,1,516000.0,1411000.0,0,1193000.0
CL202303033,2023,Mendoza Sur,Mendoza,28/06/2021,38,RD,521000.0,3.7,57000.0,4,272000.0,N,686.0,0,302000.0,1124000.0,1,1143000.0
CL202303453,2023,Canal Digital,Mendoza,11/02/2021,40,RD,1178000.0,9.5,127000.0,3,490.0,no,670.0,2,1039000.0,2375000.0,0,5692000.0
CL202303305,2023,Palermo,CABA,13/09/2017,44,informal,294000.0,,23000.0,5,89000.0,No,673.0,1,282000.0,646000.0,0,1490000.0
CL202302568,2023,Córdoba Shopping,Tucumán,21/04/2019,34,monotributo,6220000.0,,42000.0,4,213000.0,no,734.0,2,389000.0,635000.0,0,2622000.0
CL202306196,2023,Rosario Norte,Neuquén,11/07/2020,66,monotributo,276000.0,17.7,101000.0,2,88000.0,1,666.0,0,104000.0,570000.0,2,621000.0
CL202304591,2023,Canal Digital,Tucumán,07/11/2016,51,monotrib.,387000.0,3.2,318000.0,3,97.0,S,521.0,7,197000.0,714000.0,2,2640000.0
CL202300276,2023,Mendoza Sur,Neuquén,08/03/2018,25,monotributo,402000.0,,106000.0,5,164000.0,N,687.0,1,134000.0,513000.0,0,1841000.0
CL202301033,2023,Rosario Norte,Salta,2017-09-15,32,relacion de dependencia,897000.0,10.4,184000.0,4,286000.0,si,673.0,0,419000.0,1097000.0,0,1774000.0
CL202303552,2023,Córdoba Shopping,Córdoba,11/01/2021,30,MT,224000.0,5.5,13000.0,2,65000.0,1,706.0,1,59000.0,388000.0,0,841000.0
CL202303538,2023,Córdoba Shopping,Salta,23/08/2016,29,Rel. Dependencia,815000.0,5.8,131000.0,5,377000.0,0,642.0,0,485000.0,1246000.0,0,4589000.0
CL202301232,2023,Córdoba Shopping,Neuquén,10/15/2017,67,relacion de dependencia,,21.4,321000.0,3,510000.0,no,771.0,1,724000.0,2470000.0,0,12303000.0
CL202304826,2023,Central,Córdoba,06/14/2016,29,informal,206000.0,0.0,31000.0,3,61000.0,No,734.0,0,243000.0,230000.0,0,746000.0
CL202306786,2023,Microcentro,Mendoza,2019-01-01,46,Monotributo,579000.0,,131000.0,3,125000.0,N,,0,207000.0,1102000.0,0,1605000.0
CL202303589,2023,Córdoba Shopping,Neuquén,08/08/2020,49,Relación de Dependencia,777000.0,14.5,174000.0,4,327000.0,si,639.0,1,0.0,1642000.0,0,1984000.0
CL202304048,2023,Rosario Norte,Mendoza,2020-02-26,39,Informal,299000.0,12.6,46000.0,3,86000.0,No,704.0,0,111000.0,277000.0,0,1767000.0
CL202304021,2023,Canal Digital,Santa Fe,2016-11-03,44,monotributo,228000.0,3.6,75000.0,4,121.0,1,617.0,1,185000.0,484000.0,2,1812000.0
CL202306772,2023,Mendoza Sur,Salta,2016-01-25,36,monotributo,,5.8,169000.0,1,112000.0,0,667.0,0,189000.0,1050000.0,0,1773000.0
CL202301167,2023,Mendoza Sur,Neuquén,25/12/2020,21,monotributo,599000.0,2.8,136000.0,3,158000.0,N,783.0,0,476000.0,1055000.0,0,4235000.0
CL202306420,2023,La Plata,Neuquén,10/03/2020,37,Relación de Dependencia,1268000.0,7.9,304000.0,2,373000.0,N,702.0,0,569000.0,1719000.0,0,9474000.0
CL202302970,2023,La Plata,CABA,08/04/2021,20,changas,,5.6,19000.0,5,91000.0,No,683.0,1,71000.0,407000.0,0,599000.0
CL202300179,2023,Mendoza Sur,CABA,29/09/2016,36,RD,339000.0,12.6,108000.0,5,84000.0,No,666.0,0,223000.0,400000.0,0,2385000.0
CL202305051,2023,Palermo,Santa Fe,27/11/2020,38,Rel. Dependencia,1070000.0,12.5,495000.0,8,351000.0,No,641.0,0,543000.0,2025000.0,1,2986000.0
CL202302674,2023,Central,Córdoba,29/01/2018,63,monotributo,1030000.0,14.1,201000.0,4,236000.0,Sí,723.0,0,666000.0,2174000.0,2,1979000.0
CL202300538,2023,Canal Digital,Córdoba,18/11/2020,29,s/d,405000.0,3.8,22000.0,3,170.0,si,678.0,1,193000.0,534000.0,0,1514000.0
CL202303313,2023,Microcentro,Mendoza,2019-01-07,56,MT,,15.1,40000.0,2,94000.0,no,657.0,0,345000.0,745000.0,0,2858000.0
CL202306294,2023,Microcentro,CABA,27/04/2018,28,RD,459000.0,8.0,181000.0,5,106000.0,si,627.0,3,241000.0,979000.0,0,2122000.0
CL202302587,2023,Rosario Norte,Mendoza,01/10/2021,53,monotributo,545000.0,,83000.0,3,210000.0,no,716.0,0,226000.0,957000.0,0,2799000.0
CL202301525,2023,Mendoza Sur,Neuquén,12/01/2020,31,MT,,5.2,191000.0,6,118000.0,si,614.0,3,590000.0,656000.0,1,2277000.0
CL202304295,2023,Canal Digital,Mendoza,22/05/2021,19,Informal,90000.0,0.0,43000.0,3,11.0,Sí,554.0,4,15000.0,161000.0,0,492000.0
CL202306311,2023,Central,Tucumán,2020-05-22,61,MT,514000.0,17.9,68000.0,1,125000.0,no,726.0,1,474000.0,850000.0,1,2267000.0
CL202300871,2023,Central,Córdoba,2020-07-06,40,monotrib.,513000.0,9.6,49000.0,3,205000.0,Sí,706.0,0,328000.0,1104000.0,0,1119000.0
CL202301869,2023,Microcentro,Córdoba,2018-02-16,31,s/d,323000.0,5.7,23000.0,5,121000.0,N,709.0,0,91000.0,569000.0,1,622000.0
CL202304739,2023,La Plata,Mendoza,2017-12-09,36,RD,950000.0,,195000.0,3,371000.0,0,693.0,0,494000.0,1986000.0,0,4105000.0
CL202306247,2023,Rosario Norte,Salta,2020-09-13,46,monotrib.,422000.0,9.3,49000.0,2,65000.0,0,695.0,0,281000.0,576000.0,0,812000.0
CL202301826,2023,Córdoba Shopping,Córdoba,31/10/2018,51,Rel. Dependencia,,13.2,232000.0,3,403000.0,N,669.0,2,966000.0,3338000.0,0,13928000.0
CL202306157,2023,Palermo,Tucumán,2016-08-11,43,Informal,,8.4,76000.0,2,7000.0,1,523.0,6,13000.0,213000.0,3,457000.0
CL202305588,2023,Rosario Norte,Mendoza,06/02/2018,30,s/d,302000.0,,49000.0,2,150000.0,No,600.0,0,110000.0,588000.0,0,494000.0
CL202302975,2023,Palermo,Córdoba,2018-07-08,40,changas,,,50000.0,4,62000.0,No,791.0,0,141000.0,349000.0,1,377000.0
CL202300470,2023,Mendoza Sur,Neuquén,31/08/2019,18,MT,1218000.0,3.5,263000.0,3,367000.0,no,834.0,0,835000.0,2503000.0,0,5873000.0
CL202301181,2023,Córdoba Shopping,Neuquén,2019-04-05,37,relacion de dependencia,783000.0,9.7,221000.0,4,284000.0,S,717.0,2,583000.0,915000.0,2,5497000.0
CL202305590,2023,Mendoza Sur,Salta,26/01/2017,29,Monotributo,497000.0,5.4,186000.0,5,182000.0,S,601.0,1,299000.0,654000.0,0,2432000.0
CL202300265,2023,Central,Tucumán,10/02/2017,20,monotributo,372000.0,0.0,28000.0,4,103000.0,N,760.0,1,169000.0,439000.0,1,2596000.0
CL202305803,2023,Mendoza Sur,Salta,11/06/2017,52,relacion de dependencia,645000.0,15.2,247000.0,4,190000.0,No,629.0,2,345000.0,1024000.0,0,1413000.0
CL202300136,2023,Córdoba Shopping,Salta,10/13/2017,50,Rel. Dependencia,804000.0,12.4,270000.0,6,135000.0,si,,5,369000.0,842000.0,0,1385000.0
CL202303027 ,2023,La Plata,Santa Fe,14/08/2018,35,monotributo,606000.0,5.4,212000.0,1,134000.0,no,613.0,0,141000.0,861000.0,0,3662000.0
CL202303756,2023,Mendoza Sur,Salta,05/14/2021,32,monotributo,588000.0,,108000.0,6,162000.0,N,731.0,1,163000.0,1096000.0,0,4061000.0
CL202301256,2023,Microcentro,Mendoza,02/01/2017,42,MT,234000.0,,51000.0,8,35000.0,1,701.0,0,111000.0,508000.0,0,1443000.0
CL202305251,2023,Córdoba Shopping,Mendoza,09/24/2016,57,relacion de dependencia,1063000.0,19.1,400000.0,4,556000.0,N,654.0,2,402000.0,2121000.0,1,6483000.0
CL202301447,2023,Mendoza Sur,Santa Fe,20/05/2019,28,monotrib.,513000.0,,103000.0,2,122000.0,Sí,705.0,0,259000.0,828000.0,0,3109000.0
CL202302026,2023,Rosario Norte,Santa Fe,2020-11-10,44,Rel. Dependencia,,7.6,264000.0,6,140000.0,1,559.0,2,308000.0,608000.0,0,2301000.0
CL202301069,2023,Rosario Norte,Neuquén,24/03/2020,48,monotrib.,205000.0,8.0,113000.0,5,63000.0,0,618.0,0,131000.0,362000.0,0,699000.0
CL202302576,2023,Córdoba Shopping,Córdoba,02/10/2021,41,Rel. Dependencia,1289000.0,10.0,141000.0,4,390000.0,S,718.0,2,290000.0,1457000.0,0,6846000.0
CL202300102,2023,Canal Digital,Tucumán,09/03/2020,30,RD,329000.0,9.8,208000.0,3,150.0,1,523.0,3,222000.0,426000.0,0,1382000.0
CL202301765,2023,La Plata,Neuquén,04/02/2016,49,MT,724000.0,5.7,5000.0,5,313000.0,Sí,792.0,2,508000.0,1558000.0,0,3993000.0
CL202301878,2023,Canal Digital,CABA,13/11/2016,52,Monotributo,,12.8,42000.0,3,109.0,N,723.0,1,147000.0,665000.0,0,1071000.0
CL202302623,2023,Rosario Norte,Salta,01/08/2018,50,RD,974000.0,10.9,211000.0,5,328000.0,0,691.0,3,765000.0,1832000.0,0,1679000.0
CL202305611,2023,Mendoza Sur,Santa Fe,11/14/2019,19,relacion de dependencia,713000.0,9.6,170000.0,3,240000.0,No,725.0,1,171000.0,1008000.0,0,2570000.0
CL202304944,2023,Microcentro,CABA,14/04/2021,52,informal,182000.0,12.3,38000.0,1,73000.0,No,636.0,0,133000.0,376000.0,0,1099000.0
CL202304861,2023,Palermo,Neuquén,14/08/2019,33,RD,830000.0,2.4,248000.0,6,98000.0,N,688.0,2,41000.0,1075000.0,0,2834000.0
CL202301246,2023,La Plata,Salta,2016-09-30,19,monotributo,,,118000.0,3,151000.0,0,635.0,0,153000.0,524000.0,0,1706000.0
CL202305276,2023,La Plata,Tucumán,26/03/2020,37,Monotributo,514000.0,2.1,99000.0,3,99000.0,No,694.0,0,228000.0,906000.0,3,1881000.0
CL202305207,2023,Central,Tucumán,2019-07-04,30,monotrib.,753000.0,,74000.0,6,329000.0,no,714.0,1,72000.0,1574000.0,1,3320000.0
CL202304290,2023,Canal Digital,Santa Fe,2017-09-20,36,monotributo,,1.4,226000.0,3,208.0,no,598.0,1,104000.0,491000.0,0,3698000.0
CL202303151,2023,Microcentro,Salta,12/10/2017,43,Relación de Dependencia,849000.0,12.7,161000.0,6,489000.0,Sí,688.0,0,369000.0,1079000.0,0,4773000.0
CL202306566,2023,Rosario Norte,Mendoza,05/09/2020,31,relacion de dependencia,1005000.0,,202000.0,2,178000.0,no,737.0,2,749000.0,1109000.0,0,1630000.0
CL202305985,2023,Rosario Norte,Neuquén,2021-06-21,34,monotrib.,488000.0,,96000.0,3,134000.0,1,729.0,1,382000.0,743000.0,0,3161000.0
CL202300588,2023,Córdoba Shopping,Salta,09/03/2017,51,Rel. Dependencia,,14.2,57000.0,5,101000.0,No,821.0,0,494000.0,518000.0,0,2940000.0
CL202300491,2023,Mendoza Sur,Neuquén,07/10/2020,43,relacion de dependencia,448000.0,12.0,185000.0,2,145000.0,si,602.0,2,120000.0,897000.0,0,2742000.0
CL202300825,2023,Central,Santa Fe,18/03/2017,40,relacion de dependencia,592000.0,10.6,56000.0,8,255000.0,no,706.0,0,412000.0,843000.0,1,2405000.0
CL202300409,2023,Microcentro,Tucumán,01/27/2021,66,MT,,12.9,47000.0,4,88000.0,1,689.0,0,282000.0,1041000.0,0,2449000.0
CL202302305,2023,Central,Santa Fe,2016-03-01,33,s/d,224000.0,,92000.0,3,57000.0,no,,0,197000.0,188000.0,1,1227000.0
CL202305411,2023,Central,Buenos Aires,27/08/2020,56,MT,605000.0,,165000.0,4,257000.0,No,695.0,0,458000.0,955000.0,1,3389000.0
CL202302822,2023,Rosario Norte,Santa Fe,29/06/2019,51,monotrib.,810000.0,,206000.0,4,227000.0,no,583.0,4,352000.0,1084000.0,0,3944000.0
CL202304023,2023,Rosario Norte,Santa Fe,09/08/2021,19,Rel. Dependencia,611000.0,0.9,130000.0,6,304000.0,No,698.0,0,319000.0,823000.0,0,3293000.0
CL202306243,2023,Mendoza Sur,Santa Fe,09/20/2016,39,monotrib.,,,48000.0,5,138000.0,no,792.0,1,280000.0,880000.0,0,2192000.0
CL202301851,2023,Palermo,Salta,08/07/2020,35,Relación de Dependencia,580000.0,4.6,42000.0,6,195000.0,N,664.0,1,270000.0,1219000.0,1,3329000.0
CL202306631,2023,Central,Mendoza,25/10/2020,62,monotrib.,706000.0,18.1,82000.0,1,209000.0,N,795.0,1,642000.0,595000.0,1,4268000.0
CL202304405,2023,Microcentro,Tucumán,03/05/2018,36,informal,131000.0,,29000.0,1,25000.0,1,666.0,1,48000.0,273000.0,1,670000.0
CL202302739,2023,La Plata,Buenos Aires,05/03/2020,27,monotrib.,190000.0,,95000.0,1,54000.0,si,559.0,1,114000.0,405000.0,1,804000.0
CL202301968,2023,Palermo,Santa Fe,08/11/2020,39,informal,90000.0,5.2,51000.0,4,39000.0,Sí,506.0,3,20000.0,126000.0,0,630000.0
CL202305452,2023,Palermo,Buenos Aires,04/02/2021,38,monotributo,275000.0,9.2,97000.0,1,65000.0,No,563.0,5,121000.0,477000.0,1,1713000.0
CL202303597,2023,La Plata,Mendoza,07/11/2021,55,Monotributo,,9.9,48000.0,2,256000.0,no,692.0,1,670000.0,964000.0,0,4098000.0
CL202302303,2023,La Plata,Buenos Aires,31/08/2018,48,Relación de Dependencia,,16.2,262000.0,3,141000.0,No,740.0,0,262000.0,2200000.0,0,7904000.0
CL202302344,2023,Microcentro,Tucumán,27/10/2016,53,monotributo,375000.0,17.4,240000.0,2,88000.0,1,543.0,3,39000.0,564000.0,3,2702000.0
CL202304280,2023,Rosario Norte,Salta,2021-12-02,56,Rel. Dependencia,1317000.0,11.1,235000.0,3,217000.0,no,,3,935000.0,1903000.0,0,7699000.0
CL202301049,2023,Microcentro,Buenos Aires,02/12/2018,54,RD,752000.0,14.6,154000.0,2,187000.0,N,733.0,1,684000.0,1592000.0,0,1272000.0
CL202300303,2023,La Plata,Mendoza,2019-07-29,35,relacion de dependencia,769000.0,10.7,226000.0,5,383000.0,si,641.0,1,301000.0,1587000.0,0,5884000.0
CL202304316,2023,Microcentro,Córdoba,06/04/2021,55,changas,152000.0,,38000.0,1,23000.0,1,654.0,2,103000.0,218000.0,0,923000.0
CL202305761,2023,Palermo,Buenos Aires,02/10/2021,56,Relación de Dependencia,849000.0,15.8,293000.0,3,293000.0,1,593.0,1,470000.0,1618000.0,0,6741000.0
CL202302871,2023,Mendoza Sur,Tucumán,05/02/2018,59,Relación de Dependencia,931000.0,17.5,209000.0,2,190000.0,No,689.0,0,654000.0,915000.0,1,6800000.0
CL202306332,2023,Palermo,Neuquén,03/21/2017,43,MT,,9.9,324000.0,4,495000.0,0,712.0,1,271000.0,2107000.0,0,8523000.0
CL202300551,2023,La Plata,Santa Fe,2019-01-11,49,monotrib.,441000.0,9.6,152000.0,2,112000.0,si,660.0,0,136000.0,970000.0,0,1386000.0
CL202301883,2023,La Plata,Salta,06/12/2021,56,RD,827000.0,19.1,136000.0,5,284000.0,1,674.0,0,409000.0,1632000.0,0,6159000.0
CL202302525,2023,Rosario Norte,Salta,11/07/2020,24,relacion de dependencia,1161000.0,4.3,214000.0,6,528000.0,no,746.0,1,1422000.0,1422000.0,0,7462000.0
CL202304635,2023,Palermo,Santa Fe,03/02/2016,19,Rel. Dependencia,653000.0,3.1,308000.0,5,168000.0,N,,1,632000.0,1158000.0,2,3975000.0
CL202301904 ,2023,Rosario Norte,Neuquén,20/01/2017,35,Rel. Dependencia,641000.0,11.6,207000.0,11,304000.0,N,667.0,1,561000.0,759000.0,0,4638000.0
CL202303493,2023,Córdoba Shopping,Buenos Aires,21/03/2019,37,relacion de dependencia,517000.0,7.0,242000.0,7,221000.0,No,590.0,0,370000.0,461000.0,1,2672000.0
CL202301789,2023,Microcentro,Mendoza,12/19/2017,66,Relación de Dependencia,1003000.0,20.6,254000.0,3,203000.0,N,,0,186000.0,1242000.0,2,2725000.0
CL202306095,2023,La Plata,CABA,09/29/2017,51,Rel. Dependencia,899000.0,16.8,144000.0,3,388000.0,No,704.0,0,774000.0,918000.0,1,3552000.0
CL202301803,2023,Central,Córdoba,24/04/2016,45,monotributo,572000.0,,105000.0,4,99000.0,N,700.0,1,535000.0,811000.0,0,909000.0
CL202306541,2023,Canal Digital,Salta,2021-12-06,47,Informal,,,46000.0,2,16.0,Sí,612.0,2,47000.0,192000.0,1,326000.0
CL202305615,2023,Mendoza Sur,Salta,23/06/2021,40,MT,328000.0,,50000.0,4,74000.0,no,719.0,0,291000.0,525000.0,0,1062000.0
CL202305479,2023,Canal Digital,Buenos Aires,2021-07-23,36,Relación de Dependencia,1812000.0,10.4,316000.0,5,627.0,si,,1,674000.0,3596000.0,1,4603000.0
CL202306040,2023,Microcentro,Neuquén,09/05/2019,41,Rel. Dependencia,562000.0,10.4,376000.0,5,213000.0,Sí,634.0,1,253000.0,1190000.0,1,2507000.0
CL202306068,2023,La Plata,Buenos Aires,29/10/2017,39,monotributo,475000.0,,80000.0,2,66000.0,si,,0,205000.0,877000.0,0,2137000.0
CL202304523,2023,Mendoza Sur,CABA,2018-07-01,64,relacion de dependencia,325000.0,22.7,151000.0,4,103000.0,no,593.0,1,185000.0,559000.0,1,2232000.0
CL202301836,2023,Córdoba Shopping,Santa Fe,2020-02-11,31,RD,1067000.0,10.1,145000.0,4,253000.0,N,626.0,0,705000.0,972000.0,1,4283000.0
CL202300908,2023,Palermo,Tucumán,04/18/2017,45,Relación de Dependencia,521000.0,10.2,115000.0,5,77000.0,S,660.0,5,229000.0,907000.0,1,2368000.0
CL202304817,2023,Córdoba Shopping,Mendoza,2021-04-03,35,monotributo,431000.0,,101000.0,1,170000.0,N,604.0,1,202000.0,486000.0,0,3006000.0
CL202305583,2023,Microcentro,Santa Fe,20/06/2016,34,changas,261000.0,7.2,155000.0,4,67000.0,0,,5,201000.0,517000.0,3,2076000.0
CL202302954,2023,Palermo,Córdoba,14/09/2020,52,Rel. Dependencia,,11.3,237000.0,6,267000.0,N,673.0,3,319000.0,874000.0,0,1470000.0
CL202301394,2023,Canal Digital,Córdoba,2016-11-22,52,Rel. Dependencia,525000.0,12.5,81000.0,3,139.0,0,713.0,1,265000.0,534000.0,0,1247000.0
CL202303281,2023,Microcentro,Neuquén,2021-08-26,55,RD,891000.0,16.4,29000.0,2,247000.0,No,,0,1132000.0,1734000.0,0,2058000.0
CL202303221,2023,Palermo,Mendoza,10/10/2021,31,relacion de dependencia,749000.0,,191000.0,2,232000.0,No,679.0,0,636000.0,782000.0,0,4593000.0
CL202305717,2023,Rosario Norte,CABA,2019-01-22,35,relacion de dependencia,815000.0,6.2,91000.0,4,194000.0,no,744.0,1,507000.0,1612000.0,0,2353000.0
CL202303905,2023,Canal Digital,Salta,31/07/2017,49,Relación de Dependencia,322000.0,12.8,144000.0,6,78.0,S,582.0,2,224000.0,524000.0,0,1127000.0
CL202300466,2023,Central,Santa Fe,2021-05-08,50,changas,,,102000.0,2,71000.0,N,,5,74000.0,170000.0,3,653000.0
CL202301817,2023,Canal Digital,Buenos Aires,10/06/2021,32,relacion de dependencia,447000.0,6.0,172000.0,2,105.0,no,595.0,1,420000.0,977000.0,0,1124000.0
CL202304347,2023,La Plata,CABA,08/09/2016,52,monotributo,459000.0,,89000.0,1,99000.0,0,677.0,0,261000.0,851000.0,1,2939000.0
CL202303532,2023,Palermo,Santa Fe,05/12/2018,41,informal,466000.0,5.9,137000.0,4,58000.0,0,671.0,2,177000.0,825000.0,1,1518000.0
CL202304863,2023,Rosario Norte,Mendoza,11/11/2018,44,relacion de dependencia,749000.0,11.3,88000.0,4,164000.0,No,699.0,2,359000.0,894000.0,0,3954000.0
CL202303534,2023,Córdoba Shopping,Córdoba,2016-11-24,33,relacion de dependencia,1225000.0,12.8,0.0,6,262000.0,no,724.0,2,236000.0,1031000.0,2,7945000.0
CL202306777,2023,Rosario Norte,Córdoba,04/10/2019,48,RD,289000.0,11.1,65000.0,3,86000.0,No,733.0,0,71000.0,568000.0,0,1287000.0
CL202300983,2023,Central,Buenos Aires,19/08/2018,43,RD,330000.0,11.5,124000.0,3,77000.0,No,574.0,1,384000.0,490000.0,2,2523000.0
CL202302998,2023,Canal Digital,Buenos Aires,2019-05-11,52,Monotributo,611000.0,10.7,201000.0,2,43.0,No,639.0,1,359000.0,1052000.0,0,2750000.0
CL202300131,2023,Córdoba Shopping,Mendoza,08/04/2017,39,Monotributo,,9.1,86000.0,1,99000.0,0,625.0,0,205000.0,475000.0,0,1289000.0
CL202302523,2023,Canal Digital,Neuquén,04/01/2017,49,RD,,14.7,245000.0,6,400.0,no,644.0,0,1063000.0,1926000.0,1,2002000.0
CL202303909,2023,Canal Digital,Buenos Aires,06/14/2017,55,Rel. Dependencia,331000.0,17.2,151000.0,4,59.0,No,575.0,1,151000.0,670000.0,0,1603000.0
CL202305501,2023,Microcentro,Mendoza,08/10/2019,34,relacion de dependencia,1333000.0,6.1,131000.0,6,343000.0,no,763.0,1,445000.0,1220000.0,0,8805000.0
CL202302915,2023,Palermo,Mendoza,03/15/2020,18,MT,,0.0,80000.0,4,170000.0,0,,1,327000.0,502000.0,1,1302000.0
CL202303134,2023,Central,Santa Fe,2019-05-08,24,Relación de Dependencia,1405000.0,7.6,227000.0,4,749000.0,No,795.0,0,356000.0,1343000.0,1,9622000.0
CL202301740,2023,Canal Digital,Córdoba,2019-12-03,41,relacion de dependencia,,12.2,54000.0,4,176.0,N,786.0,1,472000.0,680000.0,1,3457000.0
CL202305329,2023,Canal Digital,Neuquén,2020-07-24,66,Rel. Dependencia,585000.0,18.9,264000.0,6,220.0,1,497.0,1,227000.0,731000.0,1,2258000.0
CL202302695,2023,Microcentro,Tucumán,05/10/2016,60,RD,472000.0,18.3,214000.0,8,196000.0,si,596.0,0,313000.0,946000.0,0,3664000.0
CL202306613,2023,Canal Digital,Salta,29/09/2020,35,monotributo,,6.5,93000.0,3,192.0,No,749.0,0,246000.0,1299000.0,0,5861000.0
CL202303862,2023,Canal Digital,Córdoba,28/04/2016,38,Informal,,7.0,45000.0,2,114.0,si,585.0,0,55000.0,359000.0,1,539000.0
CL202305059,2023,Palermo,Córdoba,2019-03-29,42,Relación de Dependencia,404000.0,8.6,72000.0,4,177000.0,N,663.0,0,259000.0,639000.0,0,2040000.0
CL202305312,2023,Palermo,Mendoza,01/06/2019,49,Informal,108000.0,,102000.0,4,17000.0,1,487.0,3,72000.0,97000.0,8,786000.0
CL202301811,2023,Córdoba Shopping,Neuquén,2018-04-30,39,relacion de dependencia,,6.1,345000.0,5,218000.0,no,599.0,4,141000.0,1082000.0,0,7014000.0
CL202305092 ,2023,Central,Santa Fe,11/18/2017,51,Rel. Dependencia,704000.0,14.2,230000.0,3,179000.0,si,655.0,2,756000.0,696000.0,0,3168000.0
CL202306237,2023,Córdoba Shopping,Salta,07/17/2016,38,MT,395000.0,8.3,93000.0,4,88000.0,0,632.0,3,341000.0,685000.0,0,2454000.0
CL202301373,2023,Palermo,Tucumán,28/01/2017,50,RD,543000.0,9.5,41000.0,3,136000.0,no,633.0,2,474000.0,536000.0,0,4137000.0
CL202303310,2023,Canal Digital,Santa Fe,09/01/2016,26,MT,700000.0,0.0,176000.0,5,253.0,No,778.0,0,410000.0,1387000.0,0,3307000.0
CL202305363,2023,Central,Mendoza,08/12/2019,35,Relación de Dependencia,,7.7,171000.0,9,284000.0,N,706.0,1,69000.0,968000.0,0,5003000.0
CL202306405,2023,Mendoza Sur,Tucumán,15/03/2019,36,RD,504000.0,10.9,52000.0,3,225000.0,no,718.0,0,209000.0,591000.0,0,1682000.0
CL202306279,2023,Córdoba Shopping,Córdoba,02/09/2021,20,MT,769000.0,1.1,202000.0,2,282000.0,no,779.0,0,400000.0,785000.0,2,2632000.0
CL202304583,2023,Mendoza Sur,Santa Fe,19/08/2020,29,monotributo,297000.0,,112000.0,1,166000.0,no,602.0,0,87000.0,501000.0,0,1477000.0
CL202303068,2023,Canal Digital,CABA,01/06/2018,37,Relación de Dependencia,1005000.0,11.5,126000.0,4,375.0,no,780.0,2,411000.0,1530000.0,1,1831000.0
CL202301758,2023,Córdoba Shopping,Mendoza,2017-08-27,34,RD,535000.0,3.4,87000.0,3,88000.0,0,699.0,0,218000.0,686000.0,1,3950000.0
CL202305081,2023,Mendoza Sur,CABA,29/05/2021,36,MT,105000.0,,47000.0,3,29000.0,1,588.0,0,33000.0,90000.0,1,770000.0
CL202303395,2023,Mendoza Sur,Salta,12/27/2021,42,Monotributo,189000.0,,114000.0,3,74000.0,0,601.0,1,25000.0,223000.0,1,1107000.0
CL202301272,2023,Rosario Norte,Neuquén,04/02/2020,44,changas,,2.9,60000.0,8,21000.0,si,599.0,0,123000.0,241000.0,0,986000.0
CL202302229,2023,Canal Digital,Buenos Aires,11/11/2019,39,Monotributo,284000.0,10.5,45000.0,3,45.0,no,640.0,1,238000.0,354000.0,1,1050000.0
CL202306583,2023,Córdoba Shopping,Tucumán,21/01/2019,43,informal,142000.0,4.2,102000.0,4,79000.0,S,595.0,4,101000.0,250000.0,2,797000.0
CL202300362,2023,Microcentro,Tucumán,2019-03-20,47,MT,912000.0,,24000.0,2,141000.0,Sí,741.0,1,300000.0,1173000.0,0,5475000.0
CL202303183,2023,Córdoba Shopping,Buenos Aires,2019-11-21,29,Relación de Dependencia,997000.0,,78000.0,4,300000.0,no,,1,450000.0,1291000.0,2,5379000.0
CL202300646,2023,Córdoba Shopping,Tucumán,19/08/2021,63,MT,,19.6,115000.0,3,176000.0,S,640.0,1,288000.0,818000.0,0,2056000.0
CL202300704,2023,Rosario Norte,CABA,16/03/2021,21,Relación de Dependencia,,9.2,265000.0,3,536000.0,N,684.0,1,1082000.0,1365000.0,0,11855000.0
CL202304010,2023,Microcentro,Mendoza,15/03/2016,44,monotrib.,198000.0,7.0,61000.0,3,79000.0,No,626.0,1,116000.0,287000.0,0,1453000.0
CL202301367,2023,La Plata,Santa Fe,13/05/2021,40,Monotributo,166000.0,5.0,97000.0,3,42000.0,No,536.0,1,61000.0,160000.0,3,1218000.0
CL202301319,2023,Palermo,Tucumán,06/20/2017,34,Relación de Dependencia,,7.0,368000.0,5,449000.0,No,681.0,0,598000.0,2340000.0,0,4651000.0
CL202301975,2023,Microcentro,Tucumán,17/01/2018,53,Monotributo,748000.0,11.2,79000.0,5,191000.0,no,738.0,0,388000.0,833000.0,1,5927000.0
CL202305132,2023,Córdoba Shopping,Tucumán,11/03/2016,53,Relación de Dependencia,542000.0,10.8,287000.0,4,9000.0,No,577.0,1,350000.0,1032000.0,3,3730000.0
CL202300214,2023,Canal Digital,Mendoza,15/06/2019,43,Rel. Dependencia,,8.5,57000.0,3,191.0,No,728.0,0,528000.0,1230000.0,1,5384000.0
CL202304286,2023,Canal Digital,Córdoba,2017-02-12,42,monotributo,285000.0,5.9,74000.0,2,53.0,S,617.0,1,209000.0,538000.0,1,877000.0
CL202300719,2023,Canal Digital,Buenos Aires,04/06/2020,38,relacion de dependencia,464000.0,7.2,55000.0,5,104.0,si,,1,165000.0,971000.0,1,3402000.0
CL202305448,2023,Canal Digital,Neuquén,28/02/2020,60,Monotributo,506000.0,13.7,94000.0,2,249.0,N,753.0,0,322000.0,945000.0,0,1532000.0
CL202304095,2023,Córdoba Shopping,Córdoba,2018-05-03,63,RD,1085000.0,16.1,191000.0,4,254000.0,1,789.0,0,465000.0,988000.0,0,5270000.0
CL202302650,2023,Central,Salta,30/12/2019,48,RD,510000.0,15.4,60000.0,4,86000.0,0,759.0,1,24000.0,1086000.0,1,3291000.0
CL202304967,2023,Córdoba Shopping,Córdoba,06/01/2020,36,monotrib.,,,94000.0,4,270000.0,No,624.0,1,453000.0,779000.0,3,1913000.0
CL202305599,2023,Córdoba Shopping,Tucumán,08/19/2021,45,Relación de Dependencia,496000.0,14.6,97000.0,4,181000.0,No,700.0,0,198000.0,498000.0,0,3207000.0
CL202304553,2023,Microcentro,Córdoba,01/11/2018,39,RD,694000.0,10.4,111000.0,5,72000.0,N,653.0,2,128000.0,916000.0,0,3791000.0
CL202304603,2023,Palermo,Buenos Aires,21/11/2016,46,informal,,11.6,57000.0,2,24000.0,si,583.0,1,71000.0,120000.0,2,591000.0
CL202300677,2023,La Plata,Buenos Aires,16/10/2020,36,Relación de Dependencia,998000.0,8.8,73000.0,3,162000.0,0,793.0,0,345000.0,1407000.0,0,2397000.0
CL202306490,2023,Canal Digital,Córdoba,18/09/2020,46,RD,1287000.0,,205000.0,2,324.0,No,676.0,0,881000.0,2756000.0,0,3867000.0
CL202305456,2023,La Plata,Santa Fe,2021-09-05,41,Rel. Dependencia,769000.0,10.3,412000.0,6,275000.0,1,563.0,1,124000.0,1149000.0,1,2204000.0
CL202302027,2023,Canal Digital,Buenos Aires,26/06/2017,18,RD,882000.0,4.5,115000.0,4,123.0,0,697.0,0,0.0,1018000.0,0,1897000.0
CL202303097,2023,Canal Digital,Tucumán,04/25/2020,40,Informal,348000.0,6.6,0.0,3,112.0,Sí,685.0,0,179000.0,499000.0,1,740000.0
CL202304789,2023,Mendoza Sur,Neuquén,13/11/2019,25,RD,982000.0,10.7,190000.0,5,487000.0,No,722.0,1,0.0,1029000.0,0,3118000.0
CL202303799,2023,Córdoba Shopping,Neuquén,07/08/2019,44,relacion de dependencia,,11.6,89000.0,3,70000.0,0,666.0,0,107000.0,565000.0,0,872000.0
CL202306307,2023,La Plata,Buenos Aires,2019-01-28,28,Rel. Dependencia,1367000.0,5.2,212000.0,3,404000.0,No,672.0,4,933000.0,1737000.0,0,8701000.0
CL202302723,2023,La Plata,Santa Fe,21/01/2018,37,monotrib.,,,171000.0,4,126000.0,no,713.0,1,180000.0,1398000.0,1,3943000.0
CL202301244,2023,Microcentro,Buenos Aires,2016-08-13,48,Relación de Dependencia,725000.0,11.0,190000.0,6,333000.0,0,,0,0.0,859000.0,0,1216000.0
CL202300447,2023,Central,Santa Fe,06/02/2020,42,informal,155000.0,5.8,61000.0,1,65000.0,No,583.0,1,106000.0,234000.0,3,848000.0
CL202300459,2023,Rosario Norte,Córdoba,2021-09-05,19,Monotributo,561000.0,,57000.0,4,152000.0,No,718.0,0,534000.0,978000.0,1,3200000.0
CL202302183,2023,Microcentro,Mendoza,08/09/2020,44,MT,230000.0,8.8,59000.0,6,71000.0,0,651.0,0,29000.0,386000.0,1,485000.0
CL202303648,2023,Mendoza Sur,Córdoba,11/10/2016,39,relacion de dependencia,538000.0,14.1,86000.0,2,163000.0,No,714.0,0,254000.0,916000.0,1,1295000.0
CL202300804,2023,Rosario Norte,CABA,2020-07-07,52,Relación de Dependencia,577000.0,13.6,225000.0,5,218000.0,0,604.0,1,387000.0,721000.0,0,1453000.0
CL202300626,2023,Palermo,Neuquén,16/02/2018,31,Relación de Dependencia,933000.0,4.5,134000.0,5,305000.0,1,776.0,1,356000.0,2013000.0,0,2619000.0
CL202303757,2023,Central,Mendoza,2019-05-20,40,relacion de dependencia,1207000.0,8.8,162000.0,3,394000.0,N,674.0,1,650000.0,1146000.0,0,1927000.0
CL202300210,2023,Microcentro,Santa Fe,03/09/2018,35,RD,1161000.0,5.1,185000.0,3,418000.0,Sí,706.0,0,785000.0,1046000.0,1,5793000.0
CL202303939,2023,Rosario Norte,Córdoba,15/03/2019,28,RD,487000.0,10.4,124000.0,3,68000.0,S,591.0,1,389000.0,469000.0,1,3272000.0
CL202301154,2023,Mendoza Sur,Tucumán,28/05/2021,46,Informal,90000.0,14.2,14000.0,1,11000.0,No,698.0,0,73000.0,163000.0,0,692000.0
CL202305301,2023,Central,Córdoba,2019-08-19,59,Monotributo,512000.0,14.7,133000.0,1,48000.0,S,592.0,0,358000.0,1016000.0,0,1363000.0
CL202302511,2023,La Plata,Mendoza,09/08/2021,59,Relación de Dependencia,1130000.0,18.2,151000.0,3,627000.0,No,648.0,0,580000.0,2280000.0,2,4589000.0
CL202301829,2023,Central,Salta,2016-08-13,51,monotrib.,,,211000.0,3,384000.0,Sí,610.0,1,727000.0,1773000.0,1,5992000.0
CL202304862,2023,Mendoza Sur,Córdoba,30/10/2020,25,relacion de dependencia,820000.0,5.6,110000.0,4,322000.0,no,668.0,1,471000.0,1771000.0,0,1720000.0
CL202300915,2023,Mendoza Sur,Mendoza,06/08/2021,38,s/d,203000.0,,48000.0,7,24000.0,No,623.0,0,119000.0,187000.0,1,382000.0
CL202302652,2023,Palermo,Tucumán,11/06/2021,38,MT,288000.0,,80000.0,3,92000.0,no,715.0,2,147000.0,605000.0,0,2042000.0
CL202301079,2023,Rosario Norte,Buenos Aires,07/11/2018,53,RD,1075000.0,12.9,367000.0,5,102000.0,Sí,601.0,1,576000.0,2116000.0,0,3589000.0
CL202301425,2023,Central,Mendoza,2019-04-02,46,monotrib.,383000.0,,39000.0,7,116000.0,no,755.0,1,267000.0,313000.0,1,1908000.0
CL202304668,2023,Mendoza Sur,Santa Fe,13/04/2020,33,Rel. Dependencia,1424000.0,4.3,270000.0,6,700000.0,no,608.0,0,859000.0,2988000.0,1,4297000.0
CL202301505,2023,La Plata,Santa Fe,14/09/2016,62,Rel. Dependencia,563000.0,17.0,273000.0,5,228000.0,no,,2,242000.0,1048000.0,0,2005000.0
CL202303323,2023,Mendoza Sur,Tucumán,20/12/2019,25,informal,180000.0,,126000.0,2,52000.0,1,548.0,3,76000.0,389000.0,5,1021000.0
CL202304957,2023,Palermo,Mendoza,16/01/2018,38,Relación de Dependencia,485000.0,7.3,63000.0,5,15000.0,0,760.0,0,330000.0,769000.0,0,3138000.0
CL202301040,2023,Mendoza Sur,Santa Fe,21/01/2020,18,MT,457000.0,0.0,60000.0,5,96000.0,0,824.0,2,343000.0,376000.0,0,1738000.0
CL202306600,2023,La Plata,CABA,09/05/2016,61,Rel. Dependencia,1059000.0,19.8,319000.0,3,402000.0,No,649.0,0,921000.0,2254000.0,0,2118000.0
CL202301652,2023,Canal Digital,CABA,08/01/2018,29,Relación de Dependencia,913000.0,9.4,51000.0,9,389.0,S,700.0,0,743000.0,874000.0,1,4905000.0
CL202303092,2023,Mendoza Sur,CABA,09/07/2019,39,monotrib.,526000.0,8.0,73000.0,2,104000.0,N,761.0,0,138000.0,939000.0,0,4173000.0
CL202302316,2023,Mendoza Sur,Salta,27/04/2017,29,monotributo,675000.0,3.8,91000.0,4,191000.0,N,747.0,1,485000.0,855000.0,0,1042000.0
CL202304011,2023,Central,Tucumán,19/04/2020,51,Monotributo,407000.0,8.7,64000.0,1,89000.0,No,653.0,1,186000.0,515000.0,0,1248000.0
CL202300150,2023,Central,CABA,20/08/2021,38,Informal,300000.0,10.3,77000.0,3,65000.0,Sí,688.0,1,148000.0,342000.0,0,720000.0
CL202304259,2023,Canal Digital,Salta,13/12/2019,40,Relación de Dependencia,1082000.0,8.6,136000.0,1,414.0,N,702.0,1,649000.0,1149000.0,0,5271000.0
CL202304969,2023,Central,Neuquén,2018-06-02,28,Relación de Dependencia,1465000.0,3.8,359000.0,4,328000.0,No,,2,1486000.0,2153000.0,0,10617000.0
CL202305593,2023,Rosario Norte,Buenos Aires,03/03/2020,37,Monotributo,214000.0,5.8,124000.0,6,35000.0,no,563.0,0,97000.0,401000.0,2,1170000.0
CL202302242,2023,Central,Mendoza,2018-11-05,40,Monotributo,495000.0,,112000.0,2,97000.0,0,647.0,1,61000.0,780000.0,1,2327000.0
CL202306632,2023,Córdoba Shopping,Buenos Aires,01/12/2020,42,s/d,121000.0,7.7,45000.0,1,18000.0,1,509.0,1,26000.0,242000.0,0,770000.0
CL202302056,2023,La Plata,Neuquén,05/18/2020,18,informal,131000.0,0.0,71000.0,2,34000.0,1,582.0,1,79000.0,155000.0,2,646000.0
CL202305385,2023,Palermo,CABA,2018-11-22,20,Relación de Dependencia,1585000.0,2.1,333000.0,4,291000.0,No,699.0,0,1023000.0,1787000.0,0,4603000.0
CL202302358,2023,Palermo,Córdoba,30/06/2017,41,Relación de Dependencia,728000.0,13.3,115000.0,3,213000.0,N,699.0,2,372000.0,1066000.0,0,3748000.0
CL202303824,2023,La Plata,Tucumán,18/02/2016,29,Rel. Dependencia,2241000.0,10.8,454000.0,3,374000.0,No,691.0,0,1236000.0,3104000.0,0,8355000.0
CL202304172,2023,Central,Mendoza,2017-07-20,35,relacion de dependencia,658000.0,7.9,98000.0,5,193000.0,No,654.0,0,356000.0,675000.0,0,3019000.0
CL202300914,2023,Central,Neuquén,29/03/2016,55,Relación de Dependencia,1975000.0,16.6,504000.0,1,654000.0,no,695.0,0,1056000.0,3883000.0,0,12293000.0
CL202300294,2023,Córdoba Shopping,Córdoba,11/15/2018,46,Monotributo,274000.0,10.7,107000.0,5,114000.0,S,611.0,0,182000.0,303000.0,0,1062000.0
CL202302679,2023,Palermo,Santa Fe,26/02/2017,30,RD,733000.0,4.4,253000.0,4,272000.0,N,699.0,0,70000.0,1071000.0,0,1258000.0
CL202300068,2023,Microcentro,Salta,01/12/2019,49,RD,,11.5,229000.0,4,257000.0,no,681.0,0,569000.0,2654000.0,0,5164000.0
CL202303880,2023,Córdoba Shopping,Mendoza,25/03/2018,66,informal,287000.0,13.7,88000.0,1,21000.0,No,683.0,0,130000.0,580000.0,1,1701000.0
CL202302507,2023,Palermo,CABA,08/11/2017,43,Rel. Dependencia,318000.0,8.3,58000.0,5,34000.0,no,690.0,2,152000.0,414000.0,0,1928000.0
CL202306481,2023,Mendoza Sur,Salta,2016-08-26,27,RD,303000.0,5.9,85000.0,2,149000.0,No,611.0,2,39000.0,425000.0,1,1623000.0
CL202305743,2023,La Plata,CABA,2020-02-29,23,Monotributo,443000.0,0.7,55000.0,3,67000.0,1,644.0,1,276000.0,822000.0,0,1211000.0
CL202303102,2023,Microcentro,Córdoba,07/12/2017,18,Monotributo,435000.0,0.0,124000.0,2,157000.0,No,647.0,1,157000.0,667000.0,0,3186000.0
CL202304679,2023,La Plata,Tucumán,2017-05-28,18,RD,504000.0,9.4,126000.0,3,160000.0,1,579.0,1,210000.0,417000.0,0,1600000.0
CL202301384,2023,Microcentro,Salta,31/07/2017,45,relacion de dependencia,1113000.0,11.2,248000.0,7,356000.0,No,732.0,1,260000.0,1602000.0,0,8064000.0
CL202305837,2023,La Plata,Tucumán,02/01/2021,33,MT,352000.0,7.0,102000.0,3,48000.0,S,536.0,0,114000.0,403000.0,0,940000.0
CL202303352,2023,La Plata,Salta,24/01/2019,33,Rel. Dependencia,,6.9,66000.0,1,275000.0,si,711.0,1,436000.0,1028000.0,0,1984000.0
CL202300561,2023,Palermo,Mendoza,2019-04-23,50,Relación de Dependencia,,18.7,193000.0,4,319000.0,0,651.0,1,724000.0,961000.0,0,2037000.0
CL202301277,2023,La Plata,Mendoza,2020-08-22,19,relacion de dependencia,763000.0,2.1,112000.0,7,38000.0,N,,0,516000.0,1148000.0,1,3474000.0
CL202304901,2023,Rosario Norte,Neuquén,2016-11-07,18,MT,,2.6,119000.0,5,121000.0,No,676.0,1,233000.0,1357000.0,0,6269000.0
CL202302095,2023,Mendoza Sur,Tucumán,03/03/2021,24,monotributo,504000.0,,164000.0,3,97000.0,No,631.0,2,168000.0,576000.0,0,3044000.0
CL202304538,2023,Mendoza Sur,Salta,01/09/2019,45,MT,116000.0,,75000.0,4,49000.0,1,526.0,2,94000.0,204000.0,3,761000.0
CL202304017,2023,Palermo,Santa Fe,09/11/2020,50,RD,1059000.0,16.7,97000.0,2,328000.0,no,797.0,0,409000.0,1915000.0,0,3114000.0
CL202301241,2023,Mendoza Sur,Buenos Aires,03/07/2020,41,Monotributo,468000.0,,83000.0,2,183000.0,0,670.0,1,164000.0,706000.0,0,3097000.0
CL202304616,2023,Canal Digital,Santa Fe,11/11/2018,34,monotributo,454000.0,7.6,207000.0,2,83.0,si,625.0,2,286000.0,869000.0,0,1144000.0
CL202301914,2023,La Plata,Córdoba,07/11/2020,46,Informal,466000.0,7.3,158000.0,3,275000.0,N,708.0,2,392000.0,386000.0,2,1023000.0
CL202304230,2023,La Plata,Salta,17/08/2017,40,s/d,,,88000.0,4,242000.0,N,781.0,2,282000.0,721000.0,0,3700000.0
CL202303069,2023,Microcentro,Salta,27/07/2017,58,monotrib.,204000.0,,111000.0,2,66000.0,Sí,586.0,3,140000.0,374000.0,1,573000.0
CL202301979,2023,Central,CABA,26/05/2021,53,RD,865000.0,13.7,98000.0,2,165000.0,No,740.0,2,775000.0,1471000.0,0,5349000.0
CL202303002,2023,Mendoza Sur,Santa Fe,24/11/2016,25,MT,,,226000.0,2,21000.0,Sí,592.0,3,184000.0,872000.0,4,2364000.0
CL202302419,2023,La Plata,Mendoza,20/02/2018,71,monotrib.,441000.0,17.3,65000.0,2,176000.0,N,627.0,1,414000.0,601000.0,0,3319000.0
CL202302427,2023,Córdoba Shopping,Tucumán,18/01/2017,61,monotrib.,274000.0,,49000.0,2,92000.0,0,749.0,0,181000.0,409000.0,0,2154000.0
CL202300822,2023,La Plata,Córdoba,2017-05-07,25,Relación de Dependencia,1464000.0,4.7,365000.0,5,723000.0,si,639.0,0,1102000.0,2186000.0,2,6015000.0
CL202300545,2023,Mendoza Sur,Salta,25/02/2018,18,RD,650000.0,4.0,212000.0,4,75000.0,no,665.0,1,480000.0,1295000.0,2,4748000.0
CL202303275,2023,Canal Digital,Córdoba,24/07/2017,39,RD,470000.0,14.2,24000.0,4,119.0,no,701.0,1,295000.0,384000.0,1,1805000.0
CL202304868,2023,Rosario Norte,CABA,12/01/2017,19,RD,561000.0,4.6,43000.0,5,103000.0,Sí,695.0,1,292000.0,981000.0,1,1417000.0
CL202300580,2023,Canal Digital,Mendoza,30/09/2017,36,Monotributo,798000.0,,129000.0,4,190.0,N,788.0,0,503000.0,1169000.0,0,3981000.0
CL202306473,2023,Palermo,Buenos Aires,03/12/2020,25,relacion de dependencia,1064000.0,4.1,313000.0,3,262000.0,Sí,690.0,1,613000.0,2321000.0,1,5135000.0
CL202302456,2023,Microcentro,Córdoba,01/01/2021,30,Rel. Dependencia,449000.0,5.9,78000.0,7,202000.0,N,,1,191000.0,537000.0,0,2140000.0
CL202305797,2023,Rosario Norte,Neuquén,07/11/2018,54,Informal,139000.0,12.1,81000.0,2,73000.0,S,529.0,2,64000.0,121000.0,3,918000.0
CL202305027,2023,Rosario Norte,Santa Fe,25/09/2019,38,RD,439000.0,8.8,86000.0,4,178000.0,0,758.0,0,355000.0,788000.0,0,3183000.0
CL202303329,2023,Córdoba Shopping,Tucumán,17/08/2019,42,Relación de Dependencia,1622000.0,13.2,104000.0,4,646000.0,0,674.0,0,1140000.0,3151000.0,0,3391000.0
CL202303882,2023,Central,Buenos Aires,17/06/2019,48,RD,372000.0,12.7,102000.0,2,94000.0,1,635.0,1,283000.0,485000.0,0,1705000.0
CL202304652,2023,Microcentro,Córdoba,30/11/2016,30,Rel. Dependencia,773000.0,4.6,298000.0,2,112000.0,1,642.0,2,460000.0,1667000.0,0,1335000.0
CL202300600,2023,Rosario Norte,Salta,05/10/2020,57,informal,336000.0,,53000.0,2,133000.0,0,739.0,0,0.0,516000.0,1,2432000.0
CL202305245,2023,La Plata,Santa Fe,2017-02-20,37,RD,1312000.0,13.3,267000.0,2,210000.0,0,732.0,3,981000.0,1146000.0,0,2636000.0
CL202306118,2023,Palermo,Santa Fe,22/06/2016,38,RD,1210000.0,11.6,200000.0,3,235000.0,no,697.0,1,418000.0,1995000.0,1,5956000.0
CL202305339,2023,Mendoza Sur,Mendoza,22/05/2019,32,informal,125000.0,,22000.0,5,52000.0,No,767.0,0,85000.0,123000.0,0,841000.0
CL202302458,2023,Palermo,Mendoza,25/07/2019,36,MT,1427000.0,,291000.0,5,533000.0,si,,1,729000.0,2865000.0,0,8415000.0
CL202300345,2023,Canal Digital,Mendoza,27/06/2018,35,informal,229000.0,,116000.0,5,19.0,si,601.0,0,94000.0,373000.0,0,1729000.0
CL202301808,2023,Mendoza Sur,Tucumán,2016-03-19,45,Informal,,,106000.0,1,79000.0,N,601.0,0,69000.0,368000.0,0,1326000.0
CL202305327,2023,Rosario Norte,Buenos Aires,04/14/2016,55,Rel. Dependencia,1939000.0,18.3,213000.0,5,626000.0,N,748.0,1,824000.0,1635000.0,0,5626000.0
cl202304750,2023,Microcentro,Buenos Aires,09/10/2018,37,monotributo,792000.0,4.5,154000.0,2,182000.0,S,644.0,1,190000.0,653000.0,1,2257000.0
CL202304784,2023,Palermo,CABA,26/08/2018,42,monotrib.,308000.0,7.2,65000.0,2,44000.0,N,769.0,2,289000.0,540000.0,0,1685000.0
CL202301663,2023,Mendoza Sur,CABA,15/04/2020,52,monotributo,309000.0,,120000.0,1,100000.0,0,636.0,2,226000.0,328000.0,1,1772000.0
CL202304718,2023,Central,CABA,02/07/2021,34,changas,140000.0,,79000.0,2,48000.0,Sí,562.0,2,135000.0,259000.0,0,242000.0
CL202304260,2023,Córdoba Shopping,Neuquén,29/09/2016,52,relacion de dependencia,416000.0,12.0,121000.0,3,146000.0,0,651.0,2,344000.0,792000.0,0,2760000.0
CL202302465,2023,Microcentro,Santa Fe,2019-02-23,18,RD,461000.0,0.7,64000.0,6,67000.0,si,746.0,2,456000.0,615000.0,1,2404000.0
CL202306231,2023,Mendoza Sur,Córdoba,23/10/2019,18,informal,458000.0,1.8,49000.0,4,182000.0,no,778.0,0,361000.0,941000.0,0,1846000.0
CL202300092,2023,Central,Neuquén,29/05/2016,43,Informal,447000.0,2.8,119000.0,5,143000.0,N,704.0,0,187000.0,478000.0,1,2811000.0
CL202304732,2023,Canal Digital,Córdoba,08/27/2016,38,Relación de Dependencia,,7.5,172000.0,4,5.0,No,719.0,1,663000.0,1432000.0,1,5348000.0
CL202302031,2023,Rosario Norte,Santa Fe,2017-09-16,46,monotributo,554000.0,,172000.0,3,100000.0,S,609.0,0,139000.0,767000.0,0,2501000.0
CL202304039,2023,Rosario Norte,Córdoba,01/10/2016,42,RD,468000.0,15.7,83000.0,8,204000.0,no,662.0,0,448000.0,760000.0,0,1690000.0
CL202303251,2023,Mendoza Sur,Mendoza,24/10/2018,38,relacion de dependencia,907000.0,12.2,159000.0,1,225000.0,1,719.0,1,441000.0,871000.0,0,3572000.0
CL202304200,2023,Canal Digital,CABA,20/10/2016,30,monotributo,361000.0,,168000.0,2,171.0,S,631.0,0,239000.0,473000.0,3,2142000.0
CL202305796,2023,Palermo,Mendoza,21/01/2017,54,monotrib.,1340000.0,11.4,49000.0,3,800000.0,0,748.0,1,1058000.0,2450000.0,0,4807000.0
CL202302149,2023,Palermo,Buenos Aires,02/03/2018,52,monotributo,,9.9,106000.0,6,125000.0,S,574.0,1,204000.0,260000.0,0,692000.0
CL202306446,2023,Córdoba Shopping,Tucumán,03/25/2021,34,MT,765000.0,8.5,56000.0,5,302000.0,No,719.0,1,466000.0,1575000.0,0,5646000.0
CL202302118,2023,Rosario Norte,Neuquén,11/10/2020,50,s/d,149000.0,,11000.0,5,48000.0,No,738.0,0,56000.0,164000.0,0,1057000.0
CL202304909,2023,Rosario Norte,Córdoba,01/07/2018,34,relacion de dependencia,801000.0,13.4,186000.0,5,204000.0,Sí,641.0,1,547000.0,1347000.0,0,1233000.0
CL202306337,2023,Mendoza Sur,Mendoza,15/10/2016,41,Rel. Dependencia,1337000.0,13.1,500000.0,7,259000.0,Sí,626.0,2,661000.0,1975000.0,1,5983000.0
CL202302490,2023,Central,Córdoba,11/08/2019,41,monotributo,,4.5,73000.0,5,152000.0,0,714.0,1,313000.0,796000.0,0,1592000.0
CL202301889,2023,La Plata,Santa Fe,05/04/2021,24,monotributo,503000.0,,171000.0,1,230000.0,S,683.0,0,419000.0,677000.0,0,2270000.0
CL202301185,2023,Córdoba Shopping,Buenos Aires,03/11/2021,35,informal,184000.0,5.1,100000.0,1,67000.0,0,587.0,2,149000.0,320000.0,1,1112000.0
CL202303521,2023,Central,Buenos Aires,05/01/2020,37,Monotributo,6940000.0,6.5,287000.0,1,326000.0,N,640.0,1,158000.0,1053000.0,0,4882000.0
CL202306034,2023,Microcentro,Tucumán,09/26/2018,45,monotrib.,484000.0,7.7,65000.0,8,69000.0,No,633.0,0,142000.0,477000.0,0,1191000.0
CL202301890,2023,Mendoza Sur,Mendoza,31/12/2017,47,monotrib.,426000.0,7.1,170000.0,7,70000.0,1,614.0,0,209000.0,392000.0,0,2843000.0
CL202304162,2023,Palermo,Salta,2021-10-27,48,Rel. Dependencia,687000.0,13.9,197000.0,4,210000.0,No,672.0,2,358000.0,953000.0,1,2907000.0
CL202305013,2023,Canal Digital,Tucumán,2020-06-19,44,Monotributo,269000.0,,69000.0,4,59.0,N,646.0,1,148000.0,404000.0,0,1111000.0
CL202300763,2023,Palermo,Salta,23/02/2019,28,Relación de Dependencia,1958000.0,4.1,260000.0,7,727000.0,0,760.0,1,2117000.0,2624000.0,0,10115000.0
CL202300507,2023,Mendoza Sur,Salta,2016-07-07,41,RD,,12.5,148000.0,2,87000.0,no,,2,243000.0,604000.0,0,2543000.0
CL202306515,2023,Microcentro,Buenos Aires,09/04/2019,56,MT,455000.0,13.9,102000.0,4,179000.0,1,606.0,2,31000.0,485000.0,0,1497000.0
CL202305084,2023,Córdoba Shopping,CABA,10/05/2020,26,relacion de dependencia,1233000.0,5.4,398000.0,2,321000.0,No,673.0,2,742000.0,1781000.0,0,6764000.0
CL202305789,2023,Mendoza Sur,Córdoba,09/05/2020,28,Rel. Dependencia,,6.2,261000.0,3,65000.0,S,592.0,2,275000.0,1041000.0,0,1752000.0
CL202303446,2023,Mendoza Sur,Mendoza,05/01/2017,36,monotributo,316000.0,8.2,41000.0,3,88000.0,si,669.0,1,168000.0,321000.0,0,1205000.0
CL202302315,2023,Microcentro,Córdoba,24/03/2018,32,Rel. Dependencia,425000.0,5.9,238000.0,4,214000.0,no,483.0,0,222000.0,762000.0,0,1371000.0
CL202303491,2023,Mendoza Sur,Buenos Aires,25/12/2017,34,Rel. Dependencia,799000.0,11.9,107000.0,5,221000.0,S,727.0,0,298000.0,1252000.0,0,2435000.0
CL202300702,2023,Central,Neuquén,13/11/2016,66,relacion de dependencia,660000.0,20.0,382000.0,2,149000.0,si,461.0,4,216000.0,1221000.0,1,1819000.0
CL202303025,2023,Canal Digital,Mendoza,2016-11-02,39,relacion de dependencia,656000.0,6.4,67000.0,4,171.0,0,684.0,0,498000.0,1238000.0,0,5001000.0
CL202300361,2023,La Plata,Tucumán,01/12/2019,34,monotributo,977000.0,2.3,14000.0,3,169000.0,no,818.0,1,0.0,826000.0,0,2873000.0
CL202303622,2023,Rosario Norte,Mendoza,06/10/2018,44,informal,109000.0,,60000.0,1,52000.0,no,525.0,3,93000.0,233000.0,3,367000.0
CL202303965,2023,Rosario Norte,Tucumán,2019-04-09,52,relacion de dependencia,388000.0,18.8,185000.0,5,140000.0,no,628.0,1,286000.0,314000.0,2,628000.0
CL202300669,2023,Rosario Norte,Neuquén,04/07/2020,18,Informal,,0.0,61000.0,4,24000.0,no,585.0,1,50000.0,164000.0,2,443000.0
CL202301114,2023,Rosario Norte,Tucumán,12/30/2016,38,RD,1331000.0,9.6,162000.0,6,147000.0,0,660.0,0,263000.0,2033000.0,0,3034000.0
CL202306585,2023,Microcentro,Salta,19/08/2019,19,RD,,1.6,80000.0,10,48000.0,1,663.0,0,87000.0,443000.0,1,687000.0
CL202306611,2023,Córdoba Shopping,Buenos Aires,19/11/2019,39,Relación de Dependencia,523000.0,9.5,98000.0,5,107000.0,0,662.0,2,212000.0,892000.0,0,1880000.0
CL202306384,2023,Córdoba Shopping,Buenos Aires,28/08/2020,25,Relación de Dependencia,533000.0,6.7,86000.0,4,257000.0,0,689.0,0,138000.0,732000.0,1,2836000.0
CL202304045,2023,Mendoza Sur,Salta,04/09/2019,30,Rel. Dependencia,,5.8,159000.0,2,103000.0,1,632.0,0,422000.0,682000.0,0,3404000.0
CL202300723,2023,Central,Tucumán,2016-09-10,21,Relación de Dependencia,363000.0,3.5,138000.0,4,50000.0,1,638.0,2,168000.0,621000.0,0,616000.0
CL202303817,2023,La Plata,Buenos Aires,08/03/2021,23,relacion de dependencia,429000.0,0.0,121000.0,4,151000.0,No,689.0,2,0.0,481000.0,0,2781000.0
CL202305869,2023,Microcentro,Tucumán,14/03/2021,41,relacion de dependencia,1258000.0,6.3,226000.0,5,385000.0,No,705.0,0,1026000.0,1341000.0,1,9545000.0
CL202305022,2023,Microcentro,Salta,24/04/2018,42,Rel. Dependencia,845000.0,8.4,228000.0,6,88000.0,S,628.0,2,711000.0,1647000.0,0,1741000.0
CL202300143,2023,Microcentro,Neuquén,2017-02-16,57,changas,161000.0,,37000.0,9,32000.0,N,642.0,1,79000.0,143000.0,0,1026000.0
cl202303216,2023,Mendoza Sur,Salta,2016-12-19,49,Relación de Dependencia,919000.0,17.9,156000.0,5,438000.0,no,687.0,1,472000.0,1133000.0,0,7349000.0
CL202303363,2023,Mendoza Sur,CABA,2020-06-15,36,Monotributo,335000.0,,178000.0,4,113000.0,Sí,546.0,1,213000.0,357000.0,1,964000.0
CL202300061,2023,Palermo,Mendoza,02/05/2017,33,relacion de dependencia,1428000.0,9.6,387000.0,5,794000.0,no,680.0,1,1294000.0,2876000.0,0,10703000.0
CL202304915,2023,Microcentro,Mendoza,2019-11-15,59,s/d,,12.5,35000.0,4,15000.0,N,608.0,1,87000.0,256000.0,0,680000.0
CL202303414,2023,Córdoba Shopping,Mendoza,01/06/2018,31,Rel. Dependencia,1322000.0,9.4,185000.0,1,131000.0,no,735.0,1,0.0,2426000.0,0,3083000.0
CL202303651,2023,La Plata,Santa Fe,08/03/2020,39,monotrib.,352000.0,6.3,167000.0,3,129000.0,si,,0,203000.0,570000.0,1,1279000.0
CL202304526,2023,Central,Mendoza,02/04/2016,43,monotributo,,,140000.0,3,213000.0,no,799.0,1,697000.0,973000.0,0,6116000.0
CL202302550,2023,Central,Buenos Aires,2017-08-17,23,Relación de Dependencia,2127000.0,5.7,420000.0,8,442000.0,no,740.0,2,703000.0,3961000.0,1,14889000.0
CL202303943,2023,La Plata,Tucumán,12/22/2018,40,RD,1160000.0,6.8,202000.0,4,410000.0,No,752.0,1,203000.0,2384000.0,0,9255000.0
CL202302614,2023,Palermo,Tucumán,05/03/2019,39,Rel. Dependencia,873000.0,7.2,358000.0,6,406000.0,si,589.0,0,672000.0,1258000.0,0,5224000.0
CL202304157,2023,Microcentro,Córdoba,2017-05-01,51,monotrib.,280000.0,10.2,64000.0,2,101000.0,S,,1,92000.0,243000.0,0,2040000.0
CL202301775,2023,Canal Digital,Mendoza,12/06/2020,28,MT,,,54000.0,4,85.0,N,600.0,1,180000.0,403000.0,0,2138000.0
CL202304065,2023,Palermo,Buenos Aires,12/28/2020,26,monotrib.,1026000.0,0.0,163000.0,5,532000.0,0,701.0,1,596000.0,837000.0,0,1738000.0
CL202306795,2023,La Plata,Buenos Aires,2020-12-03,30,monotrib.,338000.0,8.0,70000.0,3,76000.0,N,674.0,1,201000.0,472000.0,0,617000.0
CL202304790,2023,Central,CABA,2019-06-11,42,relacion de dependencia,,12.6,60000.0,4,39000.0,Sí,615.0,1,26000.0,240000.0,0,1174000.0
CL202302687,2023,Palermo,Tucumán,05/10/2019,23,relacion de dependencia,1625000.0,8.7,224000.0,3,636000.0,Sí,654.0,0,784000.0,2358000.0,1,3570000.0
CL202306323,2023,Córdoba Shopping,Salta,2016-07-29,18,informal,1170000.0,1.6,52000.0,2,29000.0,si,579.0,6,100000.0,240000.0,0,730000.0
CL202303478,2023,Córdoba Shopping,Córdoba,02/10/2020,47,MT,297000.0,10.0,124000.0,4,58000.0,N,612.0,1,139000.0,440000.0,0,621000.0
CL202304809,2023,Córdoba Shopping,Tucumán,2017-06-17,60,relacion de dependencia,,15.5,144000.0,7,330000.0,0,686.0,1,376000.0,1806000.0,0,2764000.0
CL202305750,2023,Palermo,Córdoba,02/09/2017,32,relacion de dependencia,,8.0,171000.0,1,18000.0,N,578.0,5,111000.0,581000.0,0,1320000.0
CL202301385,2023,Microcentro,Buenos Aires,28/07/2018,33,RD,1017000.0,12.8,101000.0,3,197000.0,0,730.0,1,201000.0,949000.0,2,5153000.0
CL202306483,2023,Córdoba Shopping,Tucumán,01/04/2016,46,relacion de dependencia,654000.0,14.1,160000.0,3,279000.0,0,685.0,2,114000.0,998000.0,0,2973000.0
CL202301902,2023,Córdoba Shopping,Tucumán,06/19/2021,40,informal,477000.0,4.8,144000.0,4,68000.0,no,679.0,0,189000.0,557000.0,0,2794000.0
CL202306031,2023,Microcentro,Mendoza,17/01/2016,26,relacion de dependencia,536000.0,5.3,268000.0,4,187000.0,0,597.0,4,360000.0,589000.0,1,2797000.0
CL202304009,2023,Rosario Norte,Córdoba,18/06/2017,45,MT,742000.0,,0.0,3,127000.0,1,656.0,1,120000.0,1060000.0,0,2582000.0
CL202301065,2023,Rosario Norte,Córdoba,05/06/2017,29,RD,273000.0,8.4,55000.0,7,139000.0,Sí,608.0,0,34000.0,589000.0,0,1814000.0
CL202304754,2023,Central,Córdoba,26/03/2016,38,Monotributo,493000.0,,180000.0,4,147000.0,0,598.0,1,230000.0,1030000.0,0,2419000.0
CL202301645,2023,Central,CABA,04/03/2016,55,MT,350000.0,,204000.0,4,132000.0,1,546.0,3,324000.0,288000.0,3,1623000.0
CL202305352,2023,Microcentro,Salta,03/03/2020,40,relacion de dependencia,453000.0,6.7,207000.0,5,143000.0,No,621.0,4,285000.0,563000.0,0,945000.0
CL202306465,2023,Canal Digital,Santa Fe,18/08/2020,43,Monotributo,282000.0,11.1,22000.0,2,89.0,No,708.0,0,127000.0,332000.0,1,616000.0
CL202303490,2023,Central,Salta,2020-06-11,44,monotrib.,,9.1,111000.0,2,7000.0,N,610.0,3,230000.0,636000.0,2,790000.0
CL202301814,2023,La Plata,Salta,17/07/2020,52,changas,98000.0,19.0,40000.0,2,30000.0,no,571.0,1,35000.0,157000.0,1,427000.0
CL202305164,2023,Canal Digital,Neuquén,10/03/2020,54,s/d,,12.7,81000.0,5,56.0,Sí,,3,121000.0,197000.0,4,717000.0
CL202303778,2023,Canal Digital,Santa Fe,21/08/2016,55,Monotributo,319000.0,,265000.0,3,135.0,1,489.0,2,93000.0,487000.0,4,1784000.0
CL202302666,2023,Mendoza Sur,CABA,30/10/2021,28,Relación de Dependencia,466000.0,8.1,56000.0,2,159000.0,0,648.0,1,251000.0,798000.0,0,2331000.0
CL202305731,2023,Mendoza Sur,Tucumán,2019-04-11,65,monotributo,510000.0,16.7,135000.0,2,51000.0,1,,1,193000.0,699000.0,1,2607000.0
CL202301398,2023,Mendoza Sur,Mendoza,2020-04-16,43,Rel. Dependencia,1484000.0,13.4,132000.0,5,451000.0,N,750.0,0,1009000.0,2505000.0,1,6474000.0
CL202302346,2023,Microcentro,Salta,15/07/2017,51,s/d,333000.0,12.1,55000.0,2,122000.0,0,676.0,1,126000.0,365000.0,0,2198000.0
CL202301619,2023,Canal Digital,Mendoza,15/07/2017,37,Relación de Dependencia,503000.0,10.5,195000.0,4,183.0,no,659.0,0,256000.0,984000.0,0,2136000.0
CL202300625,2023,Córdoba Shopping,Salta,2020-09-29,62,monotrib.,,18.7,51000.0,2,121000.0,si,731.0,1,147000.0,336000.0,0,2306000.0
CL202300157,2023,Córdoba Shopping,Córdoba,08/11/2021,36,informal,90000.0,5.4,57000.0,6,22000.0,no,551.0,2,72000.0,143000.0,0,578000.0
CL202306209,2023,Central,Tucumán,2018-07-24,66,Monotributo,1087000.0,19.4,180000.0,3,203000.0,1,786.0,0,242000.0,998000.0,2,7141000.0
CL202305876,2023,Canal Digital,Buenos Aires,18/06/2017,29,RD,474000.0,7.3,78000.0,4,118.0,0,769.0,0,37000.0,430000.0,0,2809000.0
CL202302120,2023,Canal Digital,Neuquén,24/10/2016,57,Rel. Dependencia,,16.3,205000.0,2,358.0,1,,1,195000.0,1110000.0,1,2715000.0
CL202306546,2023,Rosario Norte,CABA,2017-05-08,21,RD,,,113000.0,4,399000.0,0,742.0,1,256000.0,604000.0,0,3122000.0
CL202303171,2023,Palermo,Salta,08/03/2016,26,Informal,,,75000.0,1,15000.0,0,619.0,2,114000.0,376000.0,1,727000.0
CL202305400,2023,La Plata,Mendoza,2016-08-30,51,Relación de Dependencia,1117000.0,13.2,70000.0,6,378000.0,si,736.0,1,348000.0,1109000.0,0,2291000.0
CL202302035,2023,La Plata,Tucumán,2018-08-06,41,RD,723000.0,8.8,314000.0,4,244000.0,S,648.0,5,456000.0,803000.0,3,4244000.0
CL202306598,2023,Microcentro,Santa Fe,09/11/2020,51,monotrib.,475000.0,10.6,36000.0,1,28000.0,0,730.0,0,248000.0,821000.0,0,3008000.0
CL202300650,2023,Mendoza Sur,Mendoza,21/02/2017,48,Monotributo,,11.6,106000.0,2,75000.0,1,,2,254000.0,616000.0,2,786000.0
CL202301067,2023,Palermo,Neuquén,13/06/2018,29,Relación de Dependencia,837000.0,,227000.0,2,275000.0,S,640.0,0,666000.0,1353000.0,0,5189000.0
CL202304865,2023,Canal Digital,Mendoza,2018-01-18,32,monotrib.,,2.5,81000.0,1,72.0,Sí,719.0,1,0.0,491000.0,0,2673000.0
CL202301653,2023,Central,Salta,11/09/2019,55,RD,590000.0,14.9,288000.0,2,108000.0,no,591.0,2,356000.0,939000.0,0,2808000.0
CL202301480,2023,Córdoba Shopping,Buenos Aires,2019-02-22,18,Rel. Dependencia,747000.0,3.0,380000.0,4,185000.0,Sí,517.0,2,462000.0,1341000.0,2,1296000.0
CL202300848,2023,Canal Digital,Salta,07/07/2018,26,Relación de Dependencia,1068000.0,3.2,149000.0,7,146.0,N,633.0,1,759000.0,1816000.0,0,5843000.0
CL202302240,2023,Mendoza Sur,Mendoza,11/10/2017,62,MT,,17.2,84000.0,4,260000.0,si,777.0,0,912000.0,1251000.0,1,5202000.0
CL202301063,2023,Canal Digital,Córdoba,06/11/2021,32,Monotributo,,3.3,132000.0,3,220.0,si,,2,153000.0,866000.0,0,1461000.0
CL202306343,2023,Mendoza Sur,Tucumán,18/07/2018,48,Monotributo,571000.0,17.0,90000.0,1,69000.0,Sí,760.0,1,303000.0,1137000.0,0,1222000.0
CL202303418,2023,Mendoza Sur,Mendoza,24/08/2021,48,MT,524000.0,,129000.0,2,99000.0,N,722.0,1,119000.0,1014000.0,0,2621000.0
CL202306240,2023,Palermo,Salta,2020-03-21,18,changas,373000.0,0.8,200000.0,3,241000.0,si,562.0,3,235000.0,602000.0,1,1851000.0
CL202306212,2023,La Plata,CABA,2016-07-14,46,Monotributo,234000.0,,13000.0,2,93000.0,0,714.0,1,178000.0,347000.0,0,580000.0
CL202301027,2023,Córdoba Shopping,Neuquén,18/10/2018,55,RD,855000.0,15.3,175000.0,4,250000.0,0,792.0,0,343000.0,722000.0,0,2485000.0
CL202302124,2023,Rosario Norte,Tucumán,16/05/2021,50,Relación de Dependencia,552000.0,14.2,98000.0,3,135000.0,1,649.0,1,129000.0,889000.0,1,1005000.0
CL202304112,2023,Microcentro,Santa Fe,2019-06-22,64,monotrib.,557000.0,12.7,139000.0,1,124000.0,S,662.0,2,182000.0,711000.0,1,2305000.0
CL202301439,2023,La Plata,Santa Fe,2016-02-11,47,s/d,214000.0,8.8,88000.0,3,42000.0,no,629.0,0,155000.0,292000.0,0,1314000.0
CL202305672,2023,Córdoba Shopping,Buenos Aires,11/09/2021,61,s/d,317000.0,,45000.0,3,81000.0,0,662.0,1,219000.0,420000.0,0,1787000.0
CL202304501,2023,Canal Digital,Neuquén,2020-08-19,36,Informal,,7.9,14000.0,4,38.0,No,708.0,1,38000.0,263000.0,0,936000.0
CL202304191,2023,Rosario Norte,Tucumán,09/05/2017,25,changas,232000.0,0.5,42000.0,4,78000.0,0,697.0,1,153000.0,504000.0,0,1476000.0
CL202301529,2023,Palermo,CABA,13/05/2021,30,informal,,7.3,92000.0,5,25000.0,1,544.0,1,152000.0,341000.0,0,1058000.0
CL202302301,2023,Córdoba Shopping,Santa Fe,18/01/2020,58,informal,618000.0,16.0,101000.0,2,262000.0,1,676.0,0,329000.0,1054000.0,1,3793000.0
CL202305149,2023,Canal Digital,Buenos Aires,07/11/2016,65,relacion de dependencia,1221000.0,18.4,460000.0,3,437.0,si,640.0,0,675000.0,1699000.0,0,8258000.0
CL202304918,2023,Canal Digital,Córdoba,2017-11-15,45,informal,94000.0,12.6,46000.0,7,20.0,N,615.0,6,42000.0,172000.0,1,581000.0
CL202306660,2023,Rosario Norte,Salta,2019-11-18,39,informal,200000.0,6.6,53000.0,6,59000.0,si,623.0,0,78000.0,281000.0,1,405000.0
CL202300585,2023,Rosario Norte,Buenos Aires,2020-03-16,63,s/d,214000.0,16.3,43000.0,2,14000.0,N,742.0,2,152000.0,194000.0,0,987000.0
CL202300377,2023,Canal Digital,Córdoba,2020-08-06,37,Monotributo,307000.0,,109000.0,3,82.0,S,671.0,2,21000.0,561000.0,1,609000.0
CL202300166,2023,Rosario Norte,Santa Fe,08/28/2020,25,changas,390000.0,0.0,149000.0,3,216000.0,si,625.0,2,154000.0,563000.0,2,1388000.0
CL202305377,2023,Canal Digital,Buenos Aires,2018-05-12,51,monotrib.,588000.0,4.8,220000.0,3,236.0,1,651.0,1,451000.0,935000.0,0,3442000.0
CL202304879,2023,Central,Buenos Aires,08/10/2018,45,Rel. Dependencia,641000.0,9.1,92000.0,5,177000.0,0,734.0,1,201000.0,1312000.0,0,2391000.0
CL202300794,2023,Rosario Norte,Córdoba,04/08/2020,54,Relación de Dependencia,888000.0,14.1,205000.0,5,252000.0,No,721.0,0,337000.0,955000.0,0,6838000.0
CL202305644,2023,Palermo,Santa Fe,2017-08-27,38,Informal,331000.0,6.4,44000.0,1,43000.0,No,655.0,1,169000.0,412000.0,0,527000.0
CL202305487,2023,Microcentro,Mendoza,02/25/2017,37,Rel. Dependencia,764000.0,7.0,104000.0,3,178000.0,no,792.0,0,544000.0,1590000.0,1,4878000.0
CL202304896,2023,Canal Digital,Córdoba,10/05/2018,77,relacion de dependencia,1473000.0,18.3,416000.0,6,370.0,0,647.0,4,441000.0,2054000.0,1,9244000.0
CL202303592,2023,Central,Mendoza,2020-10-24,39,MT,,4.0,224000.0,4,246000.0,Sí,720.0,2,364000.0,1386000.0,0,3386000.0
CL202305176,2023,Microcentro,Santa Fe,17/11/2020,37,monotributo,116000.0,,53000.0,2,28000.0,S,594.0,6,52000.0,135000.0,1,479000.0
CL202305426,2023,Microcentro,Tucumán,2016-06-16,41,RD,1022000.0,12.0,196000.0,5,333000.0,1,636.0,2,157000.0,1673000.0,0,2892000.0
CL202304079,2023,La Plata,Mendoza,2020-01-01,38,Informal,198000.0,,60000.0,2,5000.0,No,583.0,1,130000.0,355000.0,1,354000.0
CL202304878,2023,Rosario Norte,Santa Fe,06/03/2018,30,Monotributo,159000.0,5.8,100000.0,3,63000.0,1,551.0,5,63000.0,264000.0,1,623000.0
CL202304660,2023,Rosario Norte,Santa Fe,2019-07-16,61,RD,2022000.0,17.2,89000.0,5,257000.0,No,774.0,1,844000.0,1635000.0,0,9428000.0
CL202305900,2023,La Plata,Mendoza,2019-09-15,20,RD,433000.0,4.4,179000.0,4,124000.0,0,691.0,1,214000.0,839000.0,0,1867000.0
CL202305968,2023,Córdoba Shopping,Salta,13/12/2019,38,Monotributo,362000.0,2.3,48000.0,1,106000.0,0,,1,264000.0,585000.0,1,833000.0
CL202306169,2023,Canal Digital,Tucumán,2018-04-06,33,informal,290000.0,1.1,70000.0,2,114.0,S,634.0,1,155000.0,257000.0,1,1777000.0
CL202303213,2023,Microcentro,Tucumán,07/02/2021,24,Rel. Dependencia,2438000.0,5.0,137000.0,7,1002000.0,N,829.0,0,1658000.0,5060000.0,2,14895000.0
CL202302803,2023,Mendoza Sur,Neuquén,15/01/2020,43,Rel. Dependencia,1206000.0,6.6,143000.0,3,218000.0,si,620.0,0,276000.0,1611000.0,0,5905000.0
CL202304806,2023,Microcentro,Mendoza,07/04/2021,42,MT,636000.0,,118000.0,6,190000.0,0,690.0,1,460000.0,521000.0,0,3497000.0
CL202305463,2023,Mendoza Sur,Tucumán,03/02/2021,36,relacion de dependencia,404000.0,9.4,127000.0,6,111000.0,N,592.0,1,144000.0,410000.0,0,895000.0
CL202306430,2023,Microcentro,Salta,31/07/2021,43,Rel. Dependencia,855000.0,11.9,139000.0,3,95000.0,0,681.0,1,511000.0,1215000.0,0,5185000.0
CL202302349,2023,Mendoza Sur,Santa Fe,16/05/2016,48,Relación de Dependencia,469000.0,13.4,103000.0,2,187000.0,S,682.0,1,0.0,529000.0,0,3092000.0
CL202304619,2023,Rosario Norte,CABA,21/11/2021,21,RD,697000.0,3.6,335000.0,4,231000.0,Sí,555.0,2,512000.0,1482000.0,0,4012000.0
CL202301071,2023,Córdoba Shopping,Mendoza,18/05/2017,51,Relación de Dependencia,,16.0,102000.0,6,184000.0,1,660.0,2,176000.0,623000.0,1,2792000.0
CL202305347,2023,Canal Digital,Salta,20/09/2020,36,Monotributo,715000.0,,83000.0,2,208.0,N,,1,386000.0,665000.0,0,4383000.0
CL202306629,2023,Palermo,Córdoba,19/03/2020,42,RD,1113000.0,13.3,137000.0,4,494000.0,0,751.0,1,588000.0,1141000.0,0,3771000.0
CL202303520,2023,Rosario Norte,Mendoza,15/01/2019,43,RD,1056000.0,17.0,190000.0,7,469000.0,si,717.0,2,385000.0,2115000.0,0,1772000.0
CL202305279,2023,La Plata,Buenos Aires,18/10/2018,31,Relación de Dependencia,1380000.0,8.9,142000.0,6,314000.0,0,743.0,1,441000.0,2390000.0,0,11031000.0
CL202302959,2023,Rosario Norte,Tucumán,21/09/2017,52,RD,523000.0,17.8,222000.0,3,192000.0,Sí,,0,181000.0,926000.0,1,3933000.0
CL202301530,2023,Rosario Norte,Tucumán,26/06/2019,44,relacion de dependencia,,13.6,241000.0,4,283000.0,No,700.0,1,951000.0,2039000.0,0,6456000.0
CL202304205,2023,Canal Digital,CABA,05/06/2017,58,relacion de dependencia,497000.0,16.8,100000.0,6,151.0,N,741.0,1,144000.0,928000.0,1,793000.0
CL202301123,2023,Rosario Norte,CABA,2016-08-01,38,RD,948000.0,10.0,98000.0,4,299000.0,N,693.0,0,322000.0,879000.0,1,7562000.0
CL202305113,2023,Central,CABA,09/07/2016,41,changas,178000.0,3.5,91000.0,4,36000.0,No,529.0,1,81000.0,240000.0,2,914000.0
CL202303376,2023,La Plata,Tucumán,08/03/2017,44,informal,,,98000.0,5,50000.0,0,589.0,4,170000.0,326000.0,0,800000.0
CL202302890,2023,Córdoba Shopping,Córdoba,12/01/2016,37,Monotributo,855000.0,7.3,109000.0,3,233000.0,N,669.0,1,536000.0,1436000.0,0,1731000.0
CL202305017,2023,Canal Digital,Tucumán,14/08/2016,49,Rel. Dependencia,,17.8,271000.0,3,181.0,No,674.0,0,653000.0,1072000.0,0,2158000.0
CL202303539,2023,Córdoba Shopping,Buenos Aires,15/05/2019,18,monotrib.,395000.0,1.6,39000.0,8,133000.0,No,714.0,0,299000.0,575000.0,0,2941000.0
CL202301311,2023,Córdoba Shopping,Salta,08/06/2019,45,changas,220000.0,,14000.0,2,71000.0,No,794.0,1,155000.0,350000.0,0,1688000.0
CL202306104,2023,Mendoza Sur,Tucumán,2019-01-18,46,relacion de dependencia,1301000.0,13.1,101000.0,2,645000.0,0,665.0,1,711000.0,2706000.0,0,9695000.0
CL202305296,2023,Microcentro,Salta,05/08/2020,29,monotributo,538000.0,5.4,118000.0,5,80000.0,No,669.0,0,249000.0,1111000.0,1,3755000.0
CL202300053,2023,La Plata,Tucumán,05/03/2017,56,RD,527000.0,18.2,328000.0,3,192000.0,No,514.0,5,290000.0,868000.0,0,2131000.0
CL202301295,2023,Central,Buenos Aires,2021-06-30,35,changas,90000.0,9.5,54000.0,2,30000.0,no,,2,75000.0,169000.0,0,481000.0
CL202302709,2023,Central,Mendoza,07/01/2020,48,Relación de Dependencia,1136000.0,18.7,380000.0,2,291000.0,N,578.0,0,1073000.0,1084000.0,0,7312000.0
CL202306141,2023,Central,Salta,28/06/2019,38,RD,1454000.0,10.3,407000.0,2,283000.0,No,662.0,0,314000.0,1308000.0,0,4210000.0
CL202302342,2023,Mendoza Sur,Salta,21/06/2020,42,RD,822000.0,9.3,94000.0,5,260000.0,N,777.0,2,468000.0,824000.0,0,4948000.0
CL202300445,2023,Canal Digital,Mendoza,06/11/2020,38,RD,2323000.0,6.3,546000.0,5,512.0,no,678.0,0,1290000.0,3440000.0,0,4049000.0
CL202302517,2023,Mendoza Sur,Mendoza,17/05/2019,52,s/d,262000.0,13.8,37000.0,3,97000.0,S,670.0,1,96000.0,398000.0,0,1557000.0
CL202304407,2023,Microcentro,Córdoba,12/08/2017,35,s/d,,,27000.0,2,39000.0,no,652.0,2,134000.0,297000.0,1,369000.0
CL202300231,2023,Canal Digital,Neuquén,24/03/2016,64,s/d,655000.0,12.1,186000.0,4,247.0,no,,0,258000.0,1251000.0,0,4481000.0
CL202304653,2023,Córdoba Shopping,Córdoba,2018-03-05,37,MT,688000.0,11.1,233000.0,3,131000.0,No,601.0,2,438000.0,1256000.0,1,1517000.0
CL202306740,2023,Canal Digital,Tucumán,2017-02-08,47,relacion de dependencia,640000.0,13.2,105000.0,3,131.0,1,675.0,1,391000.0,1176000.0,1,3429000.0
CL202301500,2023,Central,CABA,03/09/2018,59,Rel. Dependencia,551000.0,18.7,122000.0,3,113000.0,N,633.0,1,386000.0,1173000.0,0,2721000.0
CL202301747,2023,La Plata,Tucumán,06/19/2016,42,informal,252000.0,9.9,38000.0,3,88000.0,N,678.0,0,197000.0,334000.0,0,1333000.0
CL202302612,2023,La Plata,Salta,02/24/2017,47,RD,754000.0,11.7,32000.0,5,289000.0,No,676.0,1,764000.0,1325000.0,0,4421000.0
CL202305248,2023,Central,Córdoba,03/31/2019,42,RD,,14.5,344000.0,7,567000.0,N,784.0,1,192000.0,3705000.0,0,5867000.0
CL202300718,2023,Canal Digital,Santa Fe,09/11/2021,30,Monotributo,622000.0,6.0,114000.0,1,254.0,0,687.0,1,179000.0,852000.0,0,3870000.0
CL202301994,2023,Canal Digital,Salta,03/03/2021,27,MT,432000.0,4.4,105000.0,2,192.0,S,603.0,0,334000.0,470000.0,1,1399000.0
CL202306428,2023,Mendoza Sur,Buenos Aires,21/03/2017,31,s/d,95000.0,6.7,31000.0,3,46000.0,1,606.0,1,33000.0,206000.0,1,746000.0
CL202302084,2023,Córdoba Shopping,Salta,24/08/2019,49,monotrib.,321000.0,,136000.0,6,160000.0,N,584.0,1,331000.0,494000.0,0,1601000.0
CL202304074,2023,La Plata,Neuquén,09/18/2017,18,monotrib.,466000.0,,131000.0,2,150000.0,1,630.0,0,324000.0,380000.0,1,2044000.0
CL202306773,2023,Palermo,Córdoba,09/08/2021,46,relacion de dependencia,1023000.0,14.6,193000.0,2,477000.0,No,775.0,1,800000.0,2091000.0,0,5523000.0
CL202303045,2023,Córdoba Shopping,Mendoza,11/08/2020,49,relacion de dependencia,943000.0,9.1,181000.0,5,46000.0,0,645.0,2,1038000.0,1136000.0,0,5707000.0
CL202303459,2023,Canal Digital,CABA,2019-03-26,59,monotributo,210000.0,16.2,180000.0,1,80.0,N,522.0,2,171000.0,240000.0,3,1075000.0
CL202303098,2023,La Plata,Buenos Aires,08/08/2018,42,relacion de dependencia,406000.0,6.5,63000.0,3,116000.0,N,,3,336000.0,380000.0,0,925000.0
CL202302877,2023,Mendoza Sur,Salta,2019-12-16,68,Monotributo,306000.0,14.9,109000.0,3,92000.0,Sí,628.0,1,128000.0,557000.0,1,2102000.0
CL202301488,2023,Rosario Norte,Neuquén,29/07/2016,43,Monotributo,279000.0,10.7,88000.0,5,136000.0,N,723.0,0,0.0,330000.0,0,2123000.0
CL202300495,2023,Rosario Norte,Buenos Aires,01/01/2016,38,Relación de Dependencia,977000.0,9.8,175000.0,2,63000.0,no,726.0,2,705000.0,1428000.0,0,2969000.0
CL202302791,2023,Palermo,Salta,16/09/2018,60,monotributo,310000.0,,81000.0,1,173000.0,No,670.0,2,93000.0,534000.0,0,2226000.0
CL202300721,2023,Central,Santa Fe,2016-04-15,71,Informal,221000.0,,17000.0,2,109000.0,0,666.0,1,146000.0,419000.0,1,752000.0
CL202304693,2023,Córdoba Shopping,Tucumán,02/07/2016,44,relacion de dependencia,566000.0,9.7,108000.0,6,220000.0,0,658.0,1,574000.0,1009000.0,0,3653000.0
CL202300504,2023,Córdoba Shopping,CABA,21/01/2018,26,relacion de dependencia,,3.4,118000.0,1,196000.0,Sí,762.0,4,616000.0,1316000.0,2,5009000.0
CL202301822,2023,Córdoba Shopping,Córdoba,12/03/2016,32,informal,308000.0,5.0,143000.0,2,134000.0,0,673.0,0,160000.0,463000.0,0,496000.0
CL202300089,2023,Microcentro,Buenos Aires,2021-12-10,41,Informal,,9.0,39000.0,5,40000.0,No,690.0,1,93000.0,101000.0,0,636000.0
CL202303938,2023,Córdoba Shopping,Tucumán,06/25/2020,45,Rel. Dependencia,,11.0,206000.0,5,140000.0,1,644.0,1,127000.0,899000.0,0,4385000.0
CL202304677,2023,Córdoba Shopping,Tucumán,27/02/2020,23,RD,466000.0,2.4,64000.0,2,166000.0,0,698.0,2,211000.0,614000.0,1,2757000.0
CL202300398,2023,Rosario Norte,CABA,11/05/2019,52,relacion de dependencia,1053000.0,16.6,308000.0,4,328000.0,1,672.0,4,381000.0,936000.0,0,3845000.0
CL202304873,2023,Mendoza Sur,Santa Fe,10/10/2016,44,Relación de Dependencia,700000.0,12.5,334000.0,4,195000.0,si,618.0,2,510000.0,701000.0,0,4848000.0
CL202305116,2023,Palermo,Córdoba,31/05/2017,44,Relación de Dependencia,1211000.0,15.0,66000.0,4,232000.0,N,692.0,0,897000.0,1028000.0,1,2551000.0
CL202301703,2023,Mendoza Sur,CABA,08/09/2018,18,RD,,2.9,147000.0,6,60000.0,1,694.0,2,138000.0,646000.0,0,2516000.0
CL202305512,2023,Rosario Norte,Mendoza,07/08/2017,74,Rel. Dependencia,673000.0,23.2,69000.0,6,219000.0,0,735.0,1,223000.0,878000.0,0,4848000.0
CL202305282,2023,Microcentro,Córdoba,11/07/2016,45,Monotributo,333000.0,,168000.0,3,25000.0,S,611.0,1,185000.0,422000.0,0,2396000.0
CL202303436,2023,Rosario Norte,Mendoza,08/19/2018,37,monotributo,415000.0,,98000.0,2,97000.0,N,686.0,0,117000.0,765000.0,0,895000.0
CL202302584,2023,Córdoba Shopping,Córdoba,23/06/2016,46,Monotributo,378000.0,6.7,121000.0,2,87000.0,si,633.0,1,0.0,757000.0,3,1565000.0
CL202304051,2023,La Plata,Salta,19/07/2021,48,RD,569000.0,12.2,118000.0,1,120000.0,0,791.0,0,284000.0,720000.0,0,1171000.0
CL202303755,2023,La Plata,Neuquén,08/05/2021,36,s/d,502000.0,6.5,175000.0,3,132000.0,1,578.0,2,240000.0,410000.0,0,2006000.0
CL202302003,2023,Canal Digital,Salta,15/10/2018,55,Monotributo,382000.0,12.9,136000.0,4,115.0,1,677.0,0,246000.0,775000.0,0,2547000.0
CL202304842,2023,Central,Salta,24/07/2018,51,monotributo,,,111000.0,5,130000.0,si,,0,303000.0,544000.0,1,2337000.0
CL202306197,2023,Central,Santa Fe,20/03/2018,40,monotrib.,776000.0,6.6,92000.0,3,122000.0,No,712.0,0,208000.0,1368000.0,0,1176000.0
CL202301825,2023,Mendoza Sur,Santa Fe,15/06/2020,43,s/d,469000.0,8.3,28000.0,2,167000.0,0,728.0,0,394000.0,643000.0,1,1110000.0
CL202303394,2023,Microcentro,Mendoza,28/02/2019,32,monotributo,433000.0,,169000.0,3,211000.0,S,691.0,1,257000.0,430000.0,1,3311000.0
CL202302271,2023,Canal Digital,Mendoza,2021-10-22,47,monotributo,409000.0,12.2,190000.0,4,104.0,si,601.0,0,25000.0,597000.0,1,2348000.0
CL202305381,2023,Mendoza Sur,Buenos Aires,21/09/2020,41,monotributo,522000.0,,43000.0,1,187000.0,No,846.0,2,233000.0,583000.0,0,2762000.0
CL202305058,2023,Córdoba Shopping,Córdoba,18/11/2018,31,RD,1009000.0,3.5,89000.0,3,390000.0,S,,1,513000.0,950000.0,1,5754000.0
CL202304621,2023,Mendoza Sur,Tucumán,2021-08-29,49,MT,212000.0,10.1,145000.0,3,98000.0,S,538.0,3,96000.0,364000.0,0,867000.0
CL202306035,2023,Microcentro,CABA,14/09/2017,64,monotributo,939000.0,,57000.0,2,182000.0,No,736.0,1,272000.0,1614000.0,0,4858000.0
CL202304713,2023,Canal Digital,CABA,24/01/2020,33,relacion de dependencia,418000.0,3.5,90000.0,5,141.0,0,660.0,1,352000.0,504000.0,0,1407000.0
CL202305881,2023,Rosario Norte,Neuquén,27/11/2017,42,changas,,,39000.0,3,67000.0,no,626.0,0,78000.0,240000.0,0,661000.0
CL202302496,2023,La Plata,Tucumán,31/07/2020,66,informal,182000.0,,37000.0,1,86000.0,0,700.0,1,82000.0,374000.0,0,999000.0
CL202300292,2023,Mendoza Sur,Salta,2021-05-21,34,Rel. Dependencia,704000.0,5.0,275000.0,4,191000.0,Sí,635.0,2,445000.0,670000.0,1,3342000.0
CL202305007,2023,Córdoba Shopping,Buenos Aires,18/10/2018,50,RD,,15.9,52000.0,2,254000.0,1,591.0,1,701000.0,1289000.0,0,2453000.0
CL202305131,2023,Palermo,Neuquén,2019-12-13,45,Relación de Dependencia,1236000.0,10.6,185000.0,4,323000.0,1,710.0,1,848000.0,1324000.0,0,6031000.0
CL202302897,2023,Central,Salta,09/04/2020,31,changas,253000.0,0.7,128000.0,2,65000.0,S,570.0,1,214000.0,350000.0,0,956000.0
CL202303084,2023,Central,Neuquén,16/01/2021,47,Informal,105000.0,10.2,87000.0,4,50000.0,si,,6,49000.0,125000.0,3,392000.0
CL202302200,2023,Córdoba Shopping,Mendoza,28/04/2020,56,Informal,150000.0,14.1,46000.0,7,60000.0,1,660.0,3,41000.0,138000.0,0,550000.0
CL202301061,2023,Central,Tucumán,17/09/2018,60,monotrib.,,,84000.0,3,103000.0,0,674.0,2,261000.0,480000.0,0,2286000.0
CL202303839,2023,Mendoza Sur,Buenos Aires,01/04/2016,47,monotrib.,666000.0,,419000.0,2,303000.0,Sí,512.0,2,427000.0,883000.0,3,4660000.0
CL202305887,2023,Palermo,CABA,24/08/2021,48,RD,1320000.0,10.3,327000.0,3,291000.0,0,757.0,1,867000.0,1369000.0,0,1991000.0
CL202305152,2023,Central,Mendoza,02/12/2019,35,RD,546000.0,9.4,126000.0,8,175000.0,N,738.0,0,169000.0,556000.0,0,2044000.0
CL202304056,2023,Rosario Norte,Mendoza,19/01/2020,27,monotributo,,0.0,61000.0,2,45000.0,0,658.0,2,162000.0,344000.0,0,2254000.0
CL202305066,2023,Mendoza Sur,Salta,2021-08-14,37,RD,687000.0,8.7,127000.0,3,70000.0,No,675.0,2,563000.0,913000.0,0,4756000.0
CL202301697,2023,La Plata,CABA,08/06/2017,30,Rel. Dependencia,933000.0,4.7,194000.0,3,514000.0,S,626.0,0,540000.0,1973000.0,0,3935000.0
CL202304617,2023,Mendoza Sur,Mendoza,03/02/2021,34,Relación de Dependencia,,9.8,178000.0,6,171000.0,1,680.0,1,361000.0,910000.0,0,1622000.0
CL202302980,2023,La Plata,CABA,09/24/2018,57,monotributo,705000.0,,122000.0,2,22000.0,no,746.0,0,433000.0,1325000.0,0,4778000.0
CL202300510,2023,Central,Salta,07/20/2020,37,s/d,108000.0,6.1,63000.0,2,31000.0,no,504.0,3,87000.0,182000.0,0,264000.0
CL202305004,2023,Canal Digital,Mendoza,10/05/2016,42,relacion de dependencia,645000.0,13.8,216000.0,3,307.0,No,648.0,0,223000.0,1224000.0,0,4432000.0
CL202304560,2023,Microcentro,Santa Fe,2021-10-17,29,relacion de dependencia,377000.0,2.2,181000.0,5,126000.0,S,659.0,3,244000.0,803000.0,0,2271000.0
CL202304939,2023,Mendoza Sur,Neuquén,29/05/2016,50,Rel. Dependencia,279000.0,14.3,125000.0,2,114000.0,Sí,,1,86000.0,431000.0,1,1850000.0
CL202300282,2023,Rosario Norte,Mendoza,26/12/2021,45,relacion de dependencia,,16.8,158000.0,4,185000.0,0,610.0,0,531000.0,1737000.0,0,4301000.0
CL202300055,2023,Córdoba Shopping,Salta,25/10/2021,46,Informal,305000.0,5.8,115000.0,4,90000.0,N,611.0,1,169000.0,248000.0,1,2391000.0
CL202300670,2023,Canal Digital,Salta,11/02/2017,40,monotrib.,772000.0,7.8,188000.0,3,69.0,0,620.0,0,822000.0,1131000.0,2,1322000.0
CL202302245,2023,Rosario Norte,Mendoza,16/07/2018,29,Rel. Dependencia,661000.0,9.2,249000.0,6,178000.0,0,678.0,1,277000.0,698000.0,0,1345000.0
CL202302786,2023,Microcentro,Córdoba,2020-07-27,28,Rel. Dependencia,,2.0,113000.0,11,99000.0,No,738.0,0,118000.0,769000.0,0,695000.0
CL202304399,2023,Mendoza Sur,Salta,25/09/2019,45,relacion de dependencia,1042000.0,14.6,239000.0,3,338000.0,No,694.0,0,685000.0,1886000.0,0,6904000.0
CL202300375,2023,Microcentro,Buenos Aires,25/06/2018,33,relacion de dependencia,295000.0,8.9,81000.0,4,157000.0,0,649.0,0,163000.0,282000.0,0,1605000.0
CL202300048,2023,Palermo,Buenos Aires,07/07/2016,39,relacion de dependencia,,10.0,152000.0,7,280000.0,0,793.0,0,362000.0,1540000.0,0,6294000.0
CL202306720,2023,Canal Digital,Tucumán,15/05/2021,33,monotrib.,645000.0,6.0,87000.0,2,190.0,N,662.0,1,530000.0,926000.0,0,4192000.0
CL202301305,2023,Mendoza Sur,Buenos Aires,26/09/2021,52,RD,555000.0,17.6,172000.0,4,132000.0,No,647.0,4,523000.0,1174000.0,1,963000.0
CL202303133,2023,Mendoza Sur,Buenos Aires,2021-10-07,41,Relación de Dependencia,,12.9,141000.0,7,419000.0,N,687.0,2,710000.0,1412000.0,0,1971000.0
CL202302940,2023,Microcentro,Tucumán,20/08/2017,41,relacion de dependencia,1653000.0,11.0,343000.0,3,464000.0,0,779.0,0,1282000.0,1893000.0,0,9401000.0
CL202306116,2023,Palermo,Tucumán,10/29/2019,55,Informal,,10.5,72000.0,5,85000.0,N,542.0,2,101000.0,218000.0,1,1175000.0
CL202302470,2023,Central,Mendoza,2021-05-23,56,monotrib.,788000.0,,209000.0,3,242000.0,N,784.0,1,441000.0,1575000.0,1,3364000.0
CL202306192,2023,Canal Digital,Neuquén,02/01/2020,29,changas,324000.0,1.2,159000.0,4,124.0,1,621.0,0,139000.0,614000.0,1,595000.0
CL202305040,2023,Rosario Norte,Salta,2016-03-14,49,Monotributo,660000.0,,144000.0,1,272000.0,N,689.0,1,472000.0,542000.0,0,1765000.0
CL202305903,2023,Palermo,Neuquén,2020-04-12,35,Relación de Dependencia,352000.0,7.9,81000.0,4,113000.0,S,,1,178000.0,298000.0,0,543000.0
CL202302440,2023,La Plata,Buenos Aires,2017-06-02,18,Relación de Dependencia,543000.0,2.3,127000.0,8,143000.0,Sí,654.0,0,266000.0,452000.0,0,2922000.0
CL202302792,2023,Mendoza Sur,CABA,03/08/2019,36,RD,,6.8,272000.0,6,112000.0,si,593.0,2,359000.0,517000.0,1,1558000.0
CL202303471,2023,Microcentro,CABA,22/03/2020,27,Relación de Dependencia,1398000.0,6.5,162000.0,3,285000.0,N,761.0,1,509000.0,2773000.0,1,8290000.0
CL202302686,2023,Palermo,Santa Fe,2019-12-04,47,Rel. Dependencia,,13.3,77000.0,5,99000.0,no,,2,274000.0,610000.0,0,2487000.0
CL202301354,2023,Central,Córdoba,01/11/2019,32,relacion de dependencia,711000.0,7.3,140000.0,4,157000.0,0,,2,519000.0,1173000.0,1,4024000.0
CL202301308,2023,Mendoza Sur,Santa Fe,2020-10-14,40,s/d,572000.0,,112000.0,5,181000.0,0,693.0,4,225000.0,819000.0,0,1524000.0
CL202302936,2023,La Plata,Mendoza,12/27/2020,56,Rel. Dependencia,649000.0,14.5,171000.0,5,105000.0,no,761.0,1,266000.0,679000.0,0,2115000.0
CL202301342,2023,Microcentro,Mendoza,05/12/2016,21,monotrib.,288000.0,4.0,122000.0,4,83000.0,no,632.0,2,134000.0,551000.0,1,1664000.0
CL202304018,2023,Microcentro,Santa Fe,02/28/2018,46,Informal,109000.0,7.5,34000.0,4,16000.0,no,698.0,1,83000.0,214000.0,2,310000.0
CL202306663,2023,Palermo,Córdoba,2019-02-20,30,Monotributo,289000.0,8.1,64000.0,6,152000.0,S,628.0,1,117000.0,528000.0,0,1350000.0
CL202303057,2023,Microcentro,Mendoza,07/06/2020,50,monotrib.,819000.0,9.7,90000.0,2,219000.0,No,729.0,0,440000.0,855000.0,0,3563000.0
CL202302532,2023,Córdoba Shopping,Buenos Aires,02/03/2019,22,relacion de dependencia,,1.8,220000.0,5,577000.0,no,671.0,1,819000.0,1850000.0,1,2110000.0
CL202302211,2023,Microcentro,Neuquén,11/08/2020,44,changas,123000.0,5.0,53000.0,1,58000.0,no,594.0,0,94000.0,128000.0,2,461000.0
CL202301007,2023,Palermo,CABA,06/12/2019,36,s/d,581000.0,4.0,172000.0,5,225000.0,No,725.0,0,421000.0,546000.0,1,3822000.0
CL202300356,2023,Rosario Norte,Salta,03/02/2021,32,MT,842000.0,3.8,71000.0,1,273000.0,0,703.0,2,390000.0,1054000.0,0,3130000.0
CL202303064,2023,Mendoza Sur,Salta,12/04/2018,25,monotributo,527000.0,2.7,207000.0,5,119000.0,si,645.0,2,28000.0,854000.0,1,2071000.0
CL202306634,2023,Microcentro,Tucumán,2021-03-15,35,Monotributo,679000.0,9.2,93000.0,3,154000.0,0,722.0,0,522000.0,660000.0,0,4554000.0
CL202303693,2023,Córdoba Shopping,CABA,2019-12-02,45,changas,279000.0,9.5,79000.0,2,110000.0,0,631.0,0,25000.0,285000.0,0,2072000.0
CL202303596,2023,Canal Digital,Córdoba,14/08/2016,37,changas,,5.3,103000.0,2,69.0,si,639.0,0,197000.0,409000.0,0,452000.0
CL202302927,2023,Canal Digital,Salta,05/05/2018,34,MT,762000.0,,29000.0,3,283.0,0,719.0,0,600000.0,1587000.0,0,5560000.0
CL202300505,2023,Mendoza Sur,Mendoza,22/03/2018,25,Rel. Dependencia,548000.0,8.0,190000.0,4,191000.0,S,605.0,3,408000.0,583000.0,1,3431000.0
CL202305950,2023,La Plata,Santa Fe,09/10/2021,28,RD,903000.0,6.7,543000.0,8,182000.0,Sí,535.0,5,647000.0,1550000.0,4,4564000.0
CL202302062,2023,Central,CABA,25/02/2017,34,Monotributo,550000.0,7.4,212000.0,3,168000.0,no,662.0,0,693000.0,666000.0,1,4091000.0
CL202303671,2023,Palermo,Córdoba,01/09/2016,46,Informal,340000.0,11.2,62000.0,3,89000.0,0,720.0,2,250000.0,349000.0,0,628000.0
CL202304464,2023,Mendoza Sur,Buenos Aires,02/17/2020,37,monotributo,704000.0,,89000.0,2,150000.0,S,715.0,0,413000.0,1149000.0,0,3622000.0
CL202304803,2023,Mendoza Sur,Santa Fe,18/12/2018,63,RD,,19.4,326000.0,2,374000.0,no,539.0,1,639000.0,1130000.0,0,5684000.0
CL202303163,2023,La Plata,Santa Fe,31/12/2016,36,monotributo,391000.0,,91000.0,3,107000.0,Sí,598.0,1,136000.0,319000.0,0,2641000.0
CL202304779,2023,Córdoba Shopping,Córdoba,2016-03-18,59,monotrib.,,15.7,110000.0,3,81000.0,1,656.0,1,130000.0,259000.0,0,1632000.0
CL202300707,2023,Canal Digital,Córdoba,11/04/2016,18,Rel. Dependencia,990000.0,3.7,123000.0,7,202.0,S,700.0,0,366000.0,1559000.0,0,7050000.0
CL202306525,2023,Córdoba Shopping,Santa Fe,2017-10-15,48,MT,167000.0,9.9,63000.0,2,70000.0,N,,0,62000.0,255000.0,0,760000.0
CL202301567,2023,Canal Digital,Mendoza,23/01/2021,44,Relación de Dependencia,536000.0,8.2,80000.0,3,187.0,No,642.0,0,355000.0,1051000.0,1,1061000.0
CL202306607,2023,Palermo,CABA,2021-10-04,29,RD,,10.2,256000.0,5,141000.0,No,662.0,0,628000.0,2066000.0,0,3372000.0
CL202305785,2023,Microcentro,Córdoba,28/11/2020,28,Rel. Dependencia,,6.5,51000.0,6,64000.0,no,,3,78000.0,396000.0,2,1954000.0
CL202301291,2023,Canal Digital,Buenos Aires,2019-06-09,23,informal,238000.0,0.0,141000.0,5,96.0,Sí,,0,147000.0,469000.0,0,1695000.0
CL202305716,2023,Palermo,Santa Fe,24/05/2018,36,Informal,359000.0,8.8,181000.0,3,96000.0,si,608.0,1,42000.0,521000.0,1,2272000.0
CL202303893,2023,Córdoba Shopping,Córdoba,2018-01-03,25,relacion de dependencia,636000.0,7.5,267000.0,1,308000.0,0,571.0,2,288000.0,1049000.0,2,4340000.0
CL202305141,2023,Rosario Norte,Buenos Aires,09/10/2018,46,RD,919000.0,12.8,351000.0,6,194000.0,si,687.0,0,304000.0,1378000.0,0,6120000.0
CL202306530,2023,Rosario Norte,Mendoza,2021-03-10,34,s/d,,8.0,146000.0,2,95000.0,No,606.0,3,80000.0,416000.0,0,1727000.0
CL202305432,2023,Central,Santa Fe,2016-06-28,30,s/d,119000.0,5.7,47000.0,1,34000.0,N,578.0,2,65000.0,256000.0,1,383000.0
CL202302024,2023,Microcentro,Santa Fe,10/11/2018,51,changas,176000.0,14.3,77000.0,3,67000.0,Sí,565.0,2,21000.0,225000.0,0,877000.0
CL202305421,2023,Mendoza Sur,CABA,09/22/2018,18,changas,170000.0,0.0,29000.0,3,69000.0,no,630.0,2,33000.0,145000.0,0,1237000.0
CL202300630,2023,Microcentro,Córdoba,03/24/2020,38,relacion de dependencia,418000.0,15.1,156000.0,2,111000.0,No,625.0,3,251000.0,557000.0,1,1752000.0
CL202302738,2023,Central,Buenos Aires,2021-09-17,37,monotributo,448000.0,9.4,227000.0,3,109000.0,S,,1,157000.0,914000.0,0,3476000.0
CL202300617,2023,La Plata,Neuquén,2017-03-04,53,relacion de dependencia,862000.0,13.2,194000.0,4,124000.0,0,633.0,0,586000.0,984000.0,1,1541000.0
CL202306796,2023,Rosario Norte,Santa Fe,01/10/2016,59,monotrib.,385000.0,,64000.0,1,50000.0,N,723.0,0,248000.0,585000.0,0,2481000.0
CL202306372,2023,Central,Córdoba,01/22/2021,46,monotributo,257000.0,9.1,30000.0,1,138000.0,N,567.0,0,34000.0,223000.0,1,656000.0
CL202305995,2023,Mendoza Sur,CABA,2018-05-26,46,Rel. Dependencia,273000.0,16.7,94000.0,4,50000.0,0,611.0,1,162000.0,257000.0,1,1496000.0
CL202306458,2023,Rosario Norte,Tucumán,01/02/2021,28,RD,1012000.0,11.5,155000.0,6,466000.0,No,,0,357000.0,2042000.0,0,7313000.0
CL202305171,2023,Canal Digital,Tucumán,29/05/2019,42,relacion de dependencia,,9.9,127000.0,6,114.0,si,560.0,2,206000.0,370000.0,1,2586000.0
CL202303176,2023,Central,Córdoba,2016-06-03,64,relacion de dependencia,862000.0,17.9,231000.0,5,310000.0,No,800.0,2,735000.0,1470000.0,0,2585000.0
CL202300878,2023,Microcentro,Córdoba,2017-06-30,33,Rel. Dependencia,222000.0,7.3,78000.0,4,43000.0,no,604.0,1,138000.0,259000.0,0,1499000.0
CL202301089,2023,Rosario Norte,Salta,04/12/2021,38,informal,169000.0,9.3,65000.0,2,48000.0,0,627.0,3,155000.0,363000.0,0,1226000.0
CL202303636,2023,Central,Santa Fe,01/17/2018,69,Monotributo,333000.0,,120000.0,4,91000.0,N,682.0,0,30000.0,565000.0,1,2447000.0
CL202304050,2023,Rosario Norte,Tucumán,23/06/2021,28,monotrib.,703000.0,2.8,155000.0,3,83000.0,1,672.0,1,309000.0,1477000.0,0,1578000.0
CL202300995,2023,Central,CABA,2019-12-10,61,s/d,287000.0,,50000.0,6,86000.0,No,634.0,0,301000.0,453000.0,0,574000.0
CL202303958,2023,Palermo,Neuquén,2021-01-04,25,Rel. Dependencia,,2.6,44000.0,3,168000.0,0,795.0,0,206000.0,708000.0,0,1354000.0
CL202306570,2023,Mendoza Sur,Tucumán,31/10/2020,33,relacion de dependencia,799000.0,11.7,359000.0,1,145000.0,No,595.0,4,0.0,1598000.0,3,2729000.0
CL202304874,2023,La Plata,Mendoza,08/11/2018,47,MT,414000.0,15.7,170000.0,3,113000.0,1,578.0,2,132000.0,779000.0,1,1773000.0
CL202300730,2023,Central,Tucumán,24/05/2017,23,Rel. Dependencia,2143000.0,3.0,263000.0,9,298000.0,No,804.0,0,2203000.0,1959000.0,0,6312000.0
CL202303977,2023,Rosario Norte,Salta,12/04/2016,51,s/d,126000.0,9.1,13000.0,3,19000.0,N,671.0,1,73000.0,105000.0,0,330000.0
CL202302831,2023,Rosario Norte,Salta,05/15/2018,23,relacion de dependencia,1339000.0,,76000.0,3,466000.0,Sí,780.0,0,741000.0,1647000.0,0,6032000.0
CL202301101,2023,Palermo,Santa Fe,2017-03-12,57,RD,954000.0,17.1,179000.0,3,313000.0,no,622.0,0,308000.0,1966000.0,2,2097000.0
CL202301757,2023,Central,Neuquén,15/08/2020,26,Monotributo,,1.4,52000.0,5,90000.0,No,654.0,2,129000.0,222000.0,0,730000.0
CL202302083,2023,Palermo,Buenos Aires,02/04/2018,65,MT,709000.0,16.7,171000.0,3,230000.0,si,631.0,2,340000.0,1130000.0,1,2630000.0
CL202301833,2023,Central,Buenos Aires,08/09/2018,53,RD,359000.0,19.6,124000.0,4,80000.0,0,621.0,0,335000.0,630000.0,2,951000.0
CL202303843,2023,La Plata,Mendoza,06/09/2016,61,RD,663000.0,20.6,281000.0,6,188000.0,no,611.0,0,388000.0,1296000.0,0,2047000.0
CL202301156,2023,Central,Salta,2016-12-22,44,monotributo,475000.0,10.7,91000.0,2,149000.0,No,850.0,1,171000.0,588000.0,0,1982000.0
CL202303417,2023,Palermo,Córdoba,07/02/2021,31,Rel. Dependencia,835000.0,10.4,139000.0,7,101000.0,1,707.0,0,575000.0,1344000.0,1,2203000.0
CL202302541,2023,La Plata,Tucumán,11/08/2016,72,MT,,,47000.0,5,21000.0,No,629.0,0,70000.0,375000.0,1,1376000.0
CL202306512,2023,Palermo,Tucumán,15/03/2018,21,Relación de Dependencia,545000.0,6.6,168000.0,4,152000.0,no,733.0,3,156000.0,452000.0,0,1721000.0
CL202303833,2023,Palermo,Mendoza,27/01/2018,59,informal,2580000.0,,93000.0,2,86000.0,no,604.0,3,146000.0,354000.0,0,1338000.0
CL202303560,2023,Palermo,CABA,12/07/2016,33,monotributo,442000.0,6.9,127000.0,2,136000.0,no,708.0,1,265000.0,835000.0,0,1749000.0
CL202303391,2023,Canal Digital,Neuquén,16/06/2021,18,monotrib.,531000.0,2.4,72000.0,2,189.0,No,657.0,0,251000.0,501000.0,0,3259000.0
CL202303124,2023,Mendoza Sur,Salta,23/08/2018,36,Rel. Dependencia,1499000.0,11.7,166000.0,7,201000.0,No,662.0,1,298000.0,1978000.0,0,8946000.0
CL202303034,2023,Rosario Norte,Buenos Aires,13/01/2020,30,RD,856000.0,9.0,196000.0,6,299000.0,0,664.0,1,29000.0,958000.0,1,5432000.0
CL202305516,2023,La Plata,Córdoba,02/13/2017,63,Rel. Dependencia,1291000.0,17.7,105000.0,3,453000.0,no,734.0,1,766000.0,1506000.0,1,7593000.0
CL202301361,2023,Microcentro,Mendoza,08/13/2017,31,MT,203000.0,3.7,102000.0,4,20000.0,no,588.0,0,64000.0,222000.0,1,1186000.0
CL202303726,2023,Canal Digital,Buenos Aires,20/01/2019,31,Rel. Dependencia,414000.0,11.6,319000.0,7,197.0,1,516.0,6,349000.0,529000.0,1,1928000.0
CL202303347,2023,Córdoba Shopping,Salta,02/04/2021,39,monotrib.,688000.0,11.9,210000.0,2,196000.0,N,644.0,0,309000.0,740000.0,0,2241000.0
CL202306606,2023,Microcentro,Mendoza,27/01/2016,30,Informal,,,49000.0,4,39000.0,Sí,627.0,2,35000.0,235000.0,0,635000.0
CL202303729,2023,Central,CABA,03/18/2021,21,Relación de Dependencia,912000.0,0.0,174000.0,4,477000.0,No,618.0,0,445000.0,1441000.0,1,5349000.0
CL202300708,2023,Central,Mendoza,09/06/2020,51,Relación de Dependencia,1351000.0,17.1,508000.0,7,474000.0,si,554.0,1,552000.0,1594000.0,0,4783000.0
CL202303115,2023,La Plata,CABA,2018-12-19,48,Rel. Dependencia,795000.0,20.0,173000.0,2,227000.0,no,705.0,1,563000.0,803000.0,0,2265000.0
CL202304798,2023,Rosario Norte,Buenos Aires,23/04/2021,47,RD,299000.0,15.0,119000.0,6,106000.0,si,590.0,2,208000.0,384000.0,3,1967000.0
CL202301665,2023,Rosario Norte,Córdoba,08/04/2020,59,monotributo,,16.2,120000.0,4,244000.0,No,701.0,1,681000.0,1147000.0,0,3005000.0
CL202300245,2023,Microcentro,Salta,13/10/2020,44,Relación de Dependencia,1042000.0,11.0,281000.0,4,522000.0,Sí,652.0,2,663000.0,1307000.0,0,6700000.0
CL202300610,2023,Palermo,Tucumán,09/08/2019,47,Rel. Dependencia,385000.0,13.8,71000.0,6,50000.0,1,640.0,1,144000.0,316000.0,1,3002000.0
CL202301885,2023,Mendoza Sur,Neuquén,15/11/2017,55,Relación de Dependencia,843000.0,13.9,275000.0,1,227000.0,si,608.0,0,635000.0,1700000.0,1,1328000.0
CL202305606,2023,Central,Buenos Aires,2018-06-11,33,monotributo,677000.0,5.7,79000.0,2,229000.0,no,664.0,0,0.0,1078000.0,1,4261000.0
CL202300774,2023,Mendoza Sur,Salta,04/09/2020,35,changas,422000.0,7.3,38000.0,2,245000.0,no,731.0,2,176000.0,597000.0,1,2608000.0
CL202305664,2023,Córdoba Shopping,Buenos Aires,2021-06-29,43,Rel. Dependencia,,9.3,17000.0,3,200000.0,No,683.0,2,249000.0,938000.0,0,3418000.0
CL202306723,2023,Rosario Norte,Tucumán,07/10/2019,26,s/d,457000.0,0.5,95000.0,4,229000.0,N,709.0,0,239000.0,766000.0,0,3087000.0
CL202303190,2023,La Plata,Mendoza,2021-12-19,47,RD,380000.0,,44000.0,5,47000.0,No,,1,199000.0,395000.0,0,3021000.0
CL202306452,2023,Palermo,Salta,01/01/2018,27,changas,90000.0,4.6,57000.0,2,14000.0,1,538.0,3,61000.0,184000.0,2,494000.0
CL202300145,2023,Central,Tucumán,02/07/2021,39,monotrib.,502000.0,12.0,73000.0,3,153000.0,no,626.0,0,187000.0,772000.0,2,1779000.0
CL202305991,2023,Córdoba Shopping,CABA,2019-12-20,32,monotrib.,517000.0,,79000.0,5,197000.0,no,741.0,0,501000.0,659000.0,1,3661000.0
CL202302788,2023,Central,Santa Fe,18/02/2021,33,Relación de Dependencia,536000.0,7.8,100000.0,5,131000.0,S,,2,85000.0,637000.0,1,2264000.0
CL202302599,2023,Mendoza Sur,Salta,2016-08-09,30,RD,1687000.0,9.9,322000.0,4,599000.0,0,753.0,1,341000.0,3575000.0,0,10560000.0
CL202305102,2023,Central,Buenos Aires,18/03/2019,43,RD,516000.0,12.4,140000.0,1,181000.0,1,666.0,0,431000.0,482000.0,0,3617000.0
CL202306097,2023,Microcentro,Buenos Aires,25/06/2018,53,Informal,93000.0,,47000.0,5,36000.0,si,558.0,2,9000.0,161000.0,1,309000.0
CL202303501,2023,Central,Santa Fe,26/07/2018,46,Rel. Dependencia,500000.0,9.7,83000.0,2,153000.0,no,760.0,0,389000.0,485000.0,1,3202000.0
CL202302604,2023,La Plata,CABA,19/04/2021,32,monotrib.,414000.0,6.3,158000.0,4,103000.0,Sí,643.0,0,331000.0,752000.0,3,1758000.0
CL202305910,2023,Mendoza Sur,Mendoza,23/01/2019,37,s/d,,,113000.0,2,93000.0,1,597.0,1,195000.0,463000.0,3,1421000.0
CL202306394,2023,Córdoba Shopping,Mendoza,02/18/2021,31,Relación de Dependencia,1480000.0,5.5,156000.0,4,548000.0,No,729.0,0,615000.0,2745000.0,1,3852000.0
CL202305362,2023,Córdoba Shopping,Córdoba,2020-04-30,45,RD,441000.0,9.4,60000.0,2,204000.0,no,618.0,1,96000.0,697000.0,1,1836000.0
CL202302065,2023,Microcentro,Salta,10/05/2018,78,MT,400000.0,19.9,20000.0,4,96000.0,no,741.0,2,203000.0,480000.0,1,1689000.0
CL202304126,2023,Central,Mendoza,16/03/2021,49,Rel. Dependencia,1969000.0,15.2,919000.0,6,744000.0,no,599.0,0,1250000.0,2884000.0,0,14619000.0
CL202300070,2023,Córdoba Shopping,Neuquén,06/01/2020,45,RD,1196000.0,,274000.0,4,252000.0,S,,1,726000.0,2564000.0,1,2106000.0
CL202303990,2023,Mendoza Sur,Tucumán,08/05/2019,35,RD,861000.0,7.0,334000.0,6,299000.0,0,645.0,0,231000.0,1274000.0,0,1593000.0
CL202306621,2023,Córdoba Shopping,Mendoza,06/12/2017,59,Informal,187000.0,,118000.0,6,92000.0,S,532.0,1,89000.0,287000.0,2,1339000.0
CL202303051,2023,Mendoza Sur,Tucumán,06/09/2016,59,MT,224000.0,,82000.0,3,7000.0,0,612.0,0,120000.0,394000.0,2,699000.0
CL202303620,2023,Microcentro,Buenos Aires,08/10/2020,35,Relación de Dependencia,1198000.0,7.2,334000.0,1,257000.0,0,784.0,0,252000.0,1813000.0,0,9264000.0
CL202303149,2023,Córdoba Shopping,Neuquén,29/07/2020,37,Rel. Dependencia,727000.0,5.8,54000.0,3,332000.0,no,716.0,1,131000.0,1541000.0,0,1638000.0
CL202303917,2023,Palermo,Buenos Aires,10/24/2017,73,relacion de dependencia,866000.0,23.2,266000.0,4,324000.0,si,619.0,2,657000.0,1507000.0,1,5083000.0
CL202302469,2023,Palermo,Santa Fe,15/04/2018,37,RD,957000.0,,341000.0,1,335000.0,N,703.0,1,995000.0,1368000.0,1,5791000.0
CL202300255,2023,Rosario Norte,Buenos Aires,04/05/2019,21,informal,352000.0,3.5,53000.0,4,134000.0,No,678.0,1,119000.0,644000.0,1,1327000.0
CL202300532,2023,La Plata,Salta,06/12/2017,37,s/d,266000.0,,86000.0,2,97000.0,1,616.0,3,63000.0,554000.0,2,2110000.0
CL202303170,2023,Córdoba Shopping,Córdoba,08/12/2019,22,Rel. Dependencia,677000.0,0.0,52000.0,5,204000.0,No,678.0,2,266000.0,843000.0,0,4084000.0
CL202303245,2023,Córdoba Shopping,Córdoba,12/19/2017,40,relacion de dependencia,1139000.0,11.3,226000.0,5,439000.0,1,662.0,0,808000.0,2432000.0,0,4879000.0
CL202303345,2023,Mendoza Sur,Tucumán,25/12/2018,53,s/d,198000.0,14.8,35000.0,2,74000.0,No,707.0,0,88000.0,288000.0,1,1452000.0
CL202300692,2023,La Plata,CABA,21/06/2017,43,MT,280000.0,9.8,90000.0,3,68000.0,Sí,650.0,0,168000.0,503000.0,1,991000.0
CL202302036,2023,Microcentro,Neuquén,30/01/2016,56,Monotributo,250000.0,17.5,130000.0,2,86000.0,N,593.0,1,165000.0,268000.0,1,518000.0
CL202305116 ,2023,Palermo,Córdoba,31/05/2017,44,Relación de Dependencia,1211000.0,15.0,66000.0,4,232000.0,N,692.0,0,897000.0,1028000.0,1,2551000.0
CL202305260,2023,Córdoba Shopping,Tucumán,2020-11-16,44,Relación de Dependencia,894000.0,12.8,141000.0,7,373000.0,1,611.0,0,168000.0,1121000.0,0,4099000.0
CL202301056,2023,Central,Tucumán,24/10/2020,47,monotributo,265000.0,10.2,100000.0,2,65000.0,Sí,656.0,3,122000.0,524000.0,0,1842000.0
CL202303198,2023,Córdoba Shopping,CABA,04/03/2017,33,RD,620000.0,8.0,322000.0,3,286000.0,no,642.0,7,350000.0,676000.0,2,3373000.0
CL202302500,2023,Palermo,Mendoza,25/12/2016,42,RD,646000.0,8.5,168000.0,1,299000.0,1,608.0,3,510000.0,1190000.0,1,3884000.0
CL202305357,2023,Córdoba Shopping,Santa Fe,2020-10-01,35,RD,1364000.0,12.9,161000.0,4,567000.0,S,723.0,3,1117000.0,1162000.0,0,3242000.0
CL202304117,2023,Central,Mendoza,12/12/2019,39,Relación de Dependencia,803000.0,7.0,158000.0,2,266000.0,N,706.0,2,484000.0,835000.0,1,1660000.0
CL202300883,2023,Rosario Norte,Mendoza,05/10/2016,42,RD,917000.0,,59000.0,3,78000.0,no,689.0,0,395000.0,1371000.0,2,5710000.0
CL202305268,2023,Mendoza Sur,Neuquén,16/06/2021,26,monotrib.,365000.0,5.1,38000.0,3,77000.0,No,770.0,0,353000.0,774000.0,1,2537000.0
CL202303165,2023,Rosario Norte,CABA,07/02/2017,23,Rel. Dependencia,821000.0,2.7,120000.0,3,211000.0,No,807.0,0,426000.0,698000.0,0,5304000.0
CL202302569,2023,Canal Digital,Córdoba,09/12/2017,60,Relación de Dependencia,,15.3,135000.0,5,472.0,0,677.0,0,395000.0,2134000.0,1,2670000.0
CL202305725,2023,La Plata,Buenos Aires,05/05/2017,23,Rel. Dependencia,682000.0,7.3,137000.0,4,137000.0,no,664.0,1,63000.0,1365000.0,0,3969000.0
CL202303267,2023,Microcentro,Buenos Aires,18/01/2020,21,Informal,382000.0,0.0,209000.0,2,121000.0,S,629.0,1,228000.0,753000.0,1,860000.0
CL202305471,2023,Palermo,Neuquén,2017-05-06,39,RD,635000.0,13.2,85000.0,4,98000.0,0,709.0,1,655000.0,1254000.0,0,2474000.0
CL202304449,2023,Microcentro,Buenos Aires,10/09/2019,52,informal,121000.0,,49000.0,3,65000.0,si,664.0,1,0.0,214000.0,0,619000.0
CL202302454,2023,Canal Digital,CABA,11/05/2017,45,Rel. Dependencia,388000.0,10.8,158000.0,4,107.0,Sí,640.0,2,78000.0,466000.0,1,1798000.0
CL202302663,2023,Central,CABA,22/04/2018,63,RD,462000.0,17.0,190000.0,5,157000.0,N,624.0,1,320000.0,979000.0,0,1147000.0
CL202305856,2023,Mendoza Sur,Córdoba,20/07/2020,39,RD,613000.0,9.9,223000.0,8,156000.0,1,578.0,1,61000.0,741000.0,0,2094000.0
CL202301113,2023,Canal Digital,Tucumán,11/17/2019,47,Relación de Dependencia,1175000.0,16.7,139000.0,2,587.0,N,719.0,0,1010000.0,1319000.0,0,5867000.0
CL202304429,2023,Canal Digital,Tucumán,28/02/2016,45,RD,647000.0,17.4,158000.0,5,165.0,N,686.0,5,605000.0,968000.0,0,3358000.0
CL202302497,2023,Palermo,Neuquén,21/03/2020,59,changas,231000.0,,121000.0,2,111000.0,si,577.0,0,80000.0,190000.0,0,414000.0
CL202304642,2023,Microcentro,CABA,30/03/2019,54,Informal,,,127000.0,3,42000.0,Sí,640.0,3,173000.0,353000.0,0,1750000.0
CL202302237,2023,Palermo,CABA,2021-09-24,30,Rel. Dependencia,2556000.0,5.0,265000.0,4,676000.0,Sí,792.0,1,1638000.0,2708000.0,1,18988000.0
CL202304551,2023,Canal Digital,Salta,21/03/2021,46,monotributo,304000.0,15.7,95000.0,4,69.0,S,601.0,1,154000.0,388000.0,0,912000.0
CL202305692,2023,La Plata,Neuquén,24/12/2017,50,monotributo,326000.0,11.2,71000.0,2,197000.0,no,767.0,1,128000.0,270000.0,0,939000.0
CL202306153,2023,La Plata,Buenos Aires,29/03/2017,36,MT,602000.0,4.2,16000.0,4,210000.0,no,673.0,0,355000.0,1297000.0,0,2218000.0
CL202303961,2023,Rosario Norte,Salta,20/05/2018,35,MT,,,68000.0,2,535000.0,no,848.0,0,823000.0,896000.0,0,5432000.0
CL202304225,2023,Microcentro,Santa Fe,13/02/2016,44,Informal,227000.0,12.5,50000.0,4,13000.0,S,660.0,1,159000.0,413000.0,0,1704000.0
CL202300184,2023,Mendoza Sur,CABA,07/14/2017,41,Monotributo,,3.4,52000.0,2,141000.0,no,691.0,0,134000.0,413000.0,0,566000.0
CL202302720,2023,La Plata,Tucumán,11/03/2017,47,Monotributo,445000.0,,209000.0,3,197000.0,Sí,573.0,1,262000.0,734000.0,0,843000.0
CL202300262,2023,Palermo,Buenos Aires,05/08/2017,43,s/d,141000.0,,20000.0,3,57000.0,S,646.0,1,38000.0,225000.0,1,431000.0
CL202305820,2023,Mendoza Sur,Buenos Aires,31/08/2016,44,monotrib.,273000.0,9.2,160000.0,3,18000.0,No,494.0,0,103000.0,384000.0,2,1397000.0
CL202303502,2023,Mendoza Sur,Buenos Aires,2017-12-02,37,monotrib.,388000.0,,138000.0,3,151000.0,no,629.0,0,213000.0,371000.0,1,975000.0
CL202302197,2023,Canal Digital,Buenos Aires,03/08/2019,53,changas,150000.0,9.4,44000.0,2,48.0,Sí,661.0,3,20000.0,142000.0,0,556000.0
CL202304542,2023,Canal Digital,Mendoza,2017-01-25,45,Monotributo,930000.0,5.9,239000.0,2,55.0,No,757.0,1,720000.0,1500000.0,0,5163000.0
CL202300298,2023,Mendoza Sur,Tucumán,27/01/2021,18,informal,278000.0,,149000.0,3,120000.0,si,,8,204000.0,351000.0,2,1726000.0
CL202305104,2023,Microcentro,Córdoba,27/09/2019,37,changas,104000.0,5.7,59000.0,2,32000.0,1,582.0,4,99000.0,145000.0,1,157000.0
CL202302326,2023,Palermo,Mendoza,06/10/2017,32,MT,347000.0,,164000.0,1,202000.0,0,618.0,1,114000.0,536000.0,0,2363000.0
CL202302096,2023,La Plata,Santa Fe,2017-10-05,49,RD,625000.0,17.8,251000.0,9,182000.0,1,655.0,0,408000.0,1019000.0,1,4880000.0
CL202302768,2023,Rosario Norte,Santa Fe,10/08/2017,47,monotrib.,364000.0,15.0,27000.0,3,122000.0,No,,0,127000.0,513000.0,0,1374000.0
CL202303924,2023,Central,Neuquén,29/03/2016,45,monotrib.,517000.0,,76000.0,1,80000.0,no,743.0,1,117000.0,533000.0,1,823000.0
CL202305098,2023,Central,Córdoba,17/07/2019,50,monotrib.,811000.0,9.1,212000.0,3,268000.0,No,585.0,1,71000.0,1780000.0,1,2084000.0
CL202306365,2023,Córdoba Shopping,Córdoba,25/01/2020,58,RD,1275000.0,16.0,243000.0,5,180000.0,0,772.0,1,368000.0,2454000.0,0,8769000.0
CL202303888,2023,Rosario Norte,Buenos Aires,28/09/2018,62,Relación de Dependencia,859000.0,16.6,161000.0,3,296000.0,N,738.0,2,561000.0,1779000.0,0,5610000.0
CL202306373,2023,Microcentro,Santa Fe,29/05/2020,66,informal,275000.0,,92000.0,3,6000.0,si,611.0,3,248000.0,462000.0,0,1798000.0
CL202305185,2023,Palermo,Salta,2016-02-17,31,relacion de dependencia,,13.4,181000.0,2,236000.0,no,755.0,3,609000.0,1866000.0,0,4832000.0
CL202300451,2023,Palermo,Santa Fe,16/07/2021,43,Rel. Dependencia,615000.0,10.3,119000.0,7,218000.0,no,741.0,0,219000.0,1015000.0,0,1699000.0
CL202303336 ,2023,Canal Digital,Tucumán,2019-08-29,18,relacion de dependencia,925000.0,,178000.0,3,286.0,0,822.0,0,146000.0,1565000.0,0,1970000.0
CL202303085,2023,Canal Digital,Tucumán,14/09/2016,48,Monotributo,586000.0,,167000.0,5,121.0,No,615.0,0,365000.0,1161000.0,2,4233000.0
CL202305864,2023,La Plata,Salta,13/04/2020,30,Rel. Dependencia,510000.0,5.8,108000.0,5,99000.0,N,671.0,0,385000.0,935000.0,0,3813000.0
CL202300399,2023,La Plata,Tucumán,02/12/2021,48,RD,,17.1,180000.0,4,382000.0,S,,2,938000.0,2116000.0,0,2436000.0
CL202301626,2023,Canal Digital,Buenos Aires,11/02/2020,37,monotributo,409000.0,7.0,130000.0,2,109.0,si,632.0,0,83000.0,370000.0,0,2724000.0
CL202303082,2023,Rosario Norte,Neuquén,01/05/2018,19,MT,986000.0,0.0,145000.0,4,495000.0,1,754.0,1,452000.0,1104000.0,0,6977000.0
CL202302728,2023,Microcentro,Mendoza,01/01/2021,42,Relación de Dependencia,1053000.0,13.7,139000.0,2,262000.0,No,,0,0.0,1732000.0,0,2896000.0
CL202303575,2023,Palermo,Córdoba,02/10/2020,69,informal,137000.0,23.9,40000.0,3,56000.0,S,639.0,1,94000.0,113000.0,0,1038000.0
CL202302556,2023,Córdoba Shopping,Neuquén,12/09/2018,37,monotributo,142000.0,2.7,124000.0,1,14000.0,1,,6,47000.0,248000.0,5,705000.0
CL202302862,2023,Mendoza Sur,Mendoza,23/12/2019,57,Informal,171000.0,11.8,64000.0,3,16000.0,S,598.0,3,111000.0,276000.0,1,1156000.0
CL202303432,2023,Palermo,Tucumán,2019-08-23,51,MT,810000.0,10.1,309000.0,2,283000.0,S,591.0,0,216000.0,1771000.0,0,6421000.0
CL202303606,2023,Rosario Norte,Neuquén,2020-03-16,27,monotributo,894000.0,3.5,111000.0,5,375000.0,S,693.0,1,328000.0,946000.0,0,2742000.0
CL202303311,2023,Microcentro,Santa Fe,24/11/2019,39,relacion de dependencia,,9.0,153000.0,4,246000.0,no,595.0,0,337000.0,1407000.0,0,3043000.0
CL202304772,2023,Mendoza Sur,Tucumán,11/21/2016,58,Relación de Dependencia,259000.0,18.1,90000.0,7,80000.0,0,597.0,1,70000.0,540000.0,2,564000.0
CL202303152,2023,Central,Buenos Aires,20/03/2019,48,Rel. Dependencia,1716000.0,14.7,349000.0,3,358000.0,1,746.0,1,1104000.0,2759000.0,1,7421000.0
CL202306202,2023,Córdoba Shopping,CABA,16/12/2019,69,monotrib.,867000.0,22.4,23000.0,2,297000.0,no,736.0,2,398000.0,1575000.0,1,4629000.0
CL202304434,2023,Rosario Norte,Santa Fe,10/31/2019,55,informal,358000.0,,121000.0,4,75000.0,N,558.0,3,313000.0,384000.0,0,866000.0
CL202306680,2023,Mendoza Sur,Santa Fe,2017-12-06,27,RD,1794000.0,4.8,539000.0,2,313000.0,0,597.0,1,688000.0,3792000.0,1,14309000.0
CL202302447,2023,Palermo,Buenos Aires,22/11/2021,44,monotrib.,814000.0,10.6,225000.0,2,117000.0,no,661.0,1,414000.0,1000000.0,1,2787000.0
CL202305844,2023,Mendoza Sur,Mendoza,03/02/2019,43,RD,1026000.0,12.4,0.0,5,351000.0,0,721.0,1,592000.0,1722000.0,0,6537000.0
CL202301704,2023,La Plata,Buenos Aires,06/05/2019,62,MT,676000.0,,182000.0,2,198000.0,No,625.0,0,576000.0,1478000.0,0,4856000.0
CL202303595,2023,Canal Digital,CABA,12/03/2018,57,relacion de dependencia,,14.8,167000.0,4,243.0,si,651.0,2,489000.0,1384000.0,1,3079000.0
CL202305267,2023,Córdoba Shopping,Córdoba,11/13/2021,39,RD,409000.0,10.5,143000.0,2,52000.0,S,602.0,1,305000.0,356000.0,0,3232000.0
CL202302338,2023,Microcentro,Santa Fe,2019-09-16,39,MT,547000.0,10.0,121000.0,2,316000.0,No,699.0,0,13000.0,447000.0,0,3662000.0
CL202301608,2023,Córdoba Shopping,Córdoba,04/11/2017,19,Monotributo,297000.0,0.3,59000.0,6,139000.0,Sí,684.0,1,112000.0,474000.0,1,1487000.0
CL202302673,2023,La Plata,CABA,29/12/2017,38,Informal,276000.0,,189000.0,2,113000.0,S,569.0,3,171000.0,475000.0,4,804000.0
CL202304783,2023,Córdoba Shopping,Neuquén,07/09/2017,36,RD,1255000.0,9.7,128000.0,7,417000.0,No,633.0,2,310000.0,1381000.0,0,9205000.0
CL202303175,2023,Rosario Norte,Mendoza,2016-11-29,49,Rel. Dependencia,413000.0,15.8,193000.0,2,44000.0,1,557.0,2,196000.0,700000.0,0,796000.0
CL202301420,2023,Palermo,Mendoza,29/01/2021,50,monotrib.,208000.0,,142000.0,3,48000.0,1,526.0,1,147000.0,277000.0,2,1331000.0
CL202305476,2023,Microcentro,Santa Fe,26/09/2020,46,monotributo,449000.0,,276000.0,1,122000.0,N,511.0,5,119000.0,804000.0,4,1147000.0
CL202306505,2023,Córdoba Shopping,Salta,12/07/2016,53,changas,93000.0,12.0,49000.0,4,49000.0,0,572.0,2,38000.0,171000.0,0,453000.0
CL202301196,2023,Palermo,Neuquén,2020-10-26,38,monotrib.,,3.4,153000.0,2,97000.0,si,567.0,2,228000.0,391000.0,4,668000.0
CL202300392,2023,Córdoba Shopping,Salta,24/01/2017,26,MT,549000.0,3.2,173000.0,4,245000.0,no,706.0,0,395000.0,1045000.0,0,3442000.0
CL202305776,2023,Canal Digital,Córdoba,27/12/2021,38,relacion de dependencia,776000.0,6.0,426000.0,4,267.0,Sí,629.0,1,379000.0,1681000.0,2,2412000.0
CL202304309,2023,Córdoba Shopping,Buenos Aires,28/08/2019,41,Relación de Dependencia,963000.0,10.3,305000.0,3,438000.0,N,616.0,2,831000.0,1376000.0,1,4080000.0
CL202305474,2023,Palermo,Salta,2017-11-27,39,monotrib.,548000.0,7.1,273000.0,4,256000.0,S,532.0,1,455000.0,640000.0,3,3370000.0
CL202300272,2023,Canal Digital,Tucumán,2017-09-27,21,monotrib.,,1.9,72000.0,1,121.0,0,720.0,0,181000.0,658000.0,1,1130000.0
CL202300637,2023,Córdoba Shopping,Neuquén,2019-07-25,60,RD,638000.0,14.8,182000.0,2,76000.0,N,619.0,2,280000.0,1338000.0,0,1198000.0
CL202306733,2023,La Plata,CABA,07/08/2019,35,relacion de dependencia,474000.0,9.0,193000.0,1,222000.0,N,703.0,0,210000.0,1025000.0,1,1409000.0
CL202303853,2023,La Plata,Mendoza,31/01/2016,57,relacion de dependencia,282000.0,20.4,130000.0,4,89000.0,si,547.0,3,269000.0,273000.0,2,2087000.0
CL202300760,2023,Córdoba Shopping,Tucumán,01/07/2017,18,informal,348000.0,,55000.0,2,110000.0,S,696.0,0,141000.0,637000.0,1,1318000.0
CL202305970,2023,Córdoba Shopping,CABA,21/04/2018,49,relacion de dependencia,776000.0,11.9,321000.0,2,55000.0,Sí,634.0,2,781000.0,924000.0,0,2375000.0
CL202301338,2023,La Plata,Santa Fe,2019-11-08,52,monotrib.,880000.0,,116000.0,4,510000.0,Sí,725.0,1,746000.0,823000.0,0,1896000.0
CL202306718,2023,La Plata,Córdoba,12/09/2018,18,Relación de Dependencia,1129000.0,4.9,230000.0,3,399000.0,N,786.0,1,820000.0,2438000.0,0,7066000.0
CL202302106,2023,Mendoza Sur,Córdoba,20/04/2021,45,Relación de Dependencia,671000.0,,359000.0,5,242000.0,S,,1,298000.0,838000.0,0,1071000.0
CL202304702,2023,Canal Digital,Santa Fe,09/04/2020,27,s/d,,,49000.0,2,14.0,0,560.0,2,65000.0,130000.0,2,250000.0
CL202302075,2023,Rosario Norte,Tucumán,2017-10-24,30,s/d,245000.0,3.6,36000.0,7,75000.0,no,696.0,0,203000.0,479000.0,0,644000.0
CL202305061,2023,Córdoba Shopping,Mendoza,30/09/2017,34,MT,428000.0,8.1,112000.0,4,137000.0,no,,1,264000.0,763000.0,0,917000.0
CL202306451,2023,Palermo,Mendoza,2018-04-25,52,Relación de Dependencia,,13.5,161000.0,5,193000.0,Sí,667.0,2,527000.0,607000.0,1,4477000.0
CL202302434,2023,Microcentro,Santa Fe,2018-10-15,55,RD,3881000.0,17.3,598000.0,7,1543000.0,0,766.0,0,1830000.0,5207000.0,0,15495000.0
CL202301032,2023,Microcentro,Córdoba,25/06/2019,28,monotrib.,808000.0,5.4,131000.0,4,488000.0,0,691.0,0,497000.0,1484000.0,0,3069000.0
CL202301514,2023,Rosario Norte,CABA,08/09/2020,40,Relación de Dependencia,490000.0,11.1,132000.0,6,162000.0,si,645.0,1,523000.0,770000.0,0,1254000.0
CL202304439,2023,Microcentro,Córdoba,2016-07-09,43,MT,450000.0,,297000.0,1,172000.0,si,472.0,6,316000.0,468000.0,1,2747000.0
CL202300770,2023,Canal Digital,Santa Fe,12/02/2020,48,MT,421000.0,10.1,87000.0,2,202.0,S,688.0,0,212000.0,665000.0,1,785000.0
CL202304180,2023,Central,Neuquén,2019-03-23,44,Rel. Dependencia,852000.0,,120000.0,4,291000.0,1,654.0,0,571000.0,1734000.0,0,2939000.0
CL202303558,2023,Rosario Norte,Córdoba,2018-09-07,43,relacion de dependencia,586000.0,12.5,72000.0,8,333000.0,N,739.0,1,307000.0,603000.0,0,3569000.0
CL202305424,2023,Microcentro,Neuquén,07/01/2021,36,Rel. Dependencia,442000.0,4.1,178000.0,5,190000.0,N,571.0,2,192000.0,876000.0,0,1592000.0
CL202302539,2023,Rosario Norte,Neuquén,09/15/2017,37,changas,149000.0,5.0,47000.0,5,44000.0,0,640.0,0,70000.0,184000.0,0,291000.0
CL202300477,2023,Mendoza Sur,Tucumán,06/10/2019,42,RD,,8.9,55000.0,4,173000.0,N,758.0,2,205000.0,903000.0,1,3867000.0
CL202304460,2023,Mendoza Sur,Neuquén,29/06/2020,40,Relación de Dependencia,,9.8,787000.0,4,1672000.0,No,712.0,0,485000.0,7249000.0,0,12919000.0
CL202300856,2023,Rosario Norte,Córdoba,20/04/2021,47,RD,989000.0,11.6,223000.0,5,473000.0,No,671.0,2,501000.0,2015000.0,0,1712000.0
CL202303495,2023,Palermo,Mendoza,14/05/2019,58,Relación de Dependencia,865000.0,16.9,381000.0,3,292000.0,N,614.0,3,702000.0,1207000.0,0,2742000.0
CL202301357,2023,Microcentro,Córdoba,2020-03-31,39,relacion de dependencia,1654000.0,11.7,204000.0,3,860000.0,N,760.0,0,814000.0,1446000.0,0,10062000.0
CL202301121,2023,La Plata,Tucumán,09/09/2016,52,MT,596000.0,,38000.0,1,176000.0,no,688.0,1,527000.0,890000.0,0,2448000.0
CL202301376,2023,Mendoza Sur,Salta,16/06/2018,25,Informal,,2.3,47000.0,3,9000.0,N,639.0,2,18000.0,353000.0,0,438000.0
CL202300378,2023,Rosario Norte,Mendoza,29/11/2020,62,RD,1933000.0,21.9,253000.0,7,420000.0,No,755.0,3,1809000.0,1734000.0,0,13885000.0
CL202302347,2023,Microcentro,Neuquén,19/05/2020,64,relacion de dependencia,,20.4,224000.0,6,411000.0,0,751.0,1,449000.0,1730000.0,0,3383000.0
CL202306286,2023,Palermo,Neuquén,22/01/2021,62,RD,384000.0,20.7,141000.0,4,123000.0,1,531.0,2,104000.0,602000.0,1,2230000.0
CL202302034,2023,Rosario Norte,Neuquén,12/14/2020,45,MT,1204000.0,8.4,216000.0,3,387000.0,N,673.0,1,598000.0,1881000.0,1,4274000.0
CL202305388,2023,Palermo,Neuquén,12/03/2019,41,relacion de dependencia,361000.0,,61000.0,3,162000.0,si,673.0,1,106000.0,746000.0,0,1415000.0
CL202305351,2023,Central,Mendoza,18/08/2019,51,relacion de dependencia,,11.8,330000.0,4,735000.0,0,750.0,2,2274000.0,4692000.0,0,14237000.0
CL202301399,2023,Canal Digital,Santa Fe,09/25/2018,48,relacion de dependencia,677000.0,13.9,392000.0,2,269.0,1,593.0,1,563000.0,947000.0,1,4609000.0
CL202305165,2023,Palermo,Santa Fe,2017-01-26,34,RD,374000.0,11.7,189000.0,3,84000.0,Sí,579.0,1,444000.0,436000.0,2,733000.0
CL202301132,2023,Canal Digital,Tucumán,21/06/2019,22,Relación de Dependencia,1163000.0,,346000.0,6,192.0,si,633.0,0,712000.0,2463000.0,2,7299000.0
CL202302210,2023,La Plata,Buenos Aires,27/03/2016,30,MT,257000.0,1.4,134000.0,3,48000.0,S,574.0,1,158000.0,564000.0,0,1552000.0
CL202303194,2023,Córdoba Shopping,Neuquén,08/02/2017,41,RD,434000.0,,123000.0,6,169000.0,Sí,624.0,1,215000.0,857000.0,0,2551000.0
CL202304689,2023,Córdoba Shopping,Neuquén,2017-01-05,33,Informal,313000.0,8.2,63000.0,3,88000.0,0,667.0,0,273000.0,662000.0,1,2380000.0
CL202304801,2023,Mendoza Sur,Córdoba,16/08/2018,52,Monotributo,931000.0,13.5,129000.0,3,383000.0,No,690.0,0,568000.0,2002000.0,0,6423000.0
CL202302343,2023,La Plata,Buenos Aires,28/06/2018,26,Relación de Dependencia,,5.8,422000.0,1,589000.0,No,,0,1174000.0,1669000.0,0,3432000.0
CL202306724,2023,Palermo,Salta,17/07/2018,52,s/d,290000.0,14.8,68000.0,1,54000.0,Sí,687.0,2,169000.0,360000.0,1,1621000.0
CL202306475,2023,Palermo,Neuquén,11/07/2017,44,Relación de Dependencia,861000.0,16.0,76000.0,4,204000.0,No,635.0,2,488000.0,1249000.0,0,3311000.0
CL202306551,2023,Palermo,Santa Fe,24/01/2020,47,Rel. Dependencia,981000.0,,99000.0,2,232000.0,N,693.0,2,867000.0,1977000.0,0,4438000.0
CL202306059,2023,Central,Neuquén,19/06/2016,28,informal,189000.0,1.1,162000.0,2,37000.0,S,463.0,7,32000.0,312000.0,7,386000.0
CL202302208,2023,Palermo,Neuquén,26/12/2020,54,monotrib.,144000.0,11.3,16000.0,3,76000.0,N,782.0,0,122000.0,304000.0,0,765000.0
CL202305201,2023,Microcentro,Córdoba,01/02/2017,61,RD,1292000.0,18.3,119000.0,2,453000.0,No,697.0,0,518000.0,1262000.0,0,4770000.0
CL202306133,2023,La Plata,Santa Fe,06/05/2018,32,informal,96000.0,5.7,67000.0,3,44000.0,0,557.0,4,76000.0,180000.0,0,362000.0
CL202305175,2023,Canal Digital,Mendoza,11/12/2017,23,monotrib.,,,203000.0,2,105.0,1,558.0,1,267000.0,499000.0,0,1185000.0
CL202306685,2023,Canal Digital,CABA,25/11/2020,40,changas,360000.0,10.4,135000.0,4,147.0,No,674.0,2,110000.0,691000.0,0,1167000.0
CL202305906,2023,Canal Digital,Córdoba,20/06/2016,36,monotrib.,373000.0,,19000.0,4,106.0,No,679.0,0,305000.0,424000.0,1,1489000.0
CL202301714,2023,Central,Córdoba,25/04/2021,32,RD,898000.0,7.4,119000.0,2,239000.0,Sí,761.0,0,62000.0,1111000.0,0,6805000.0
CL202304372,2023,Mendoza Sur,Santa Fe,23/06/2017,60,RD,590000.0,16.7,110000.0,5,318000.0,0,637.0,3,419000.0,1080000.0,0,3388000.0
CL202305038,2023,La Plata,Buenos Aires,06/01/2016,23,changas,274000.0,,120000.0,4,82000.0,no,597.0,1,189000.0,435000.0,1,1913000.0
CL202301030,2023,Microcentro,CABA,21/10/2017,32,Informal,181000.0,5.4,54000.0,2,72000.0,S,685.0,0,138000.0,203000.0,2,1215000.0
CL202306736,2023,Palermo,Neuquén,27/03/2019,18,Monotributo,354000.0,0.0,34000.0,2,90000.0,0,749.0,2,113000.0,672000.0,0,2500000.0
CL202305979,2023,Central,CABA,13/12/2016,45,relacion de dependencia,496000.0,9.5,101000.0,3,143000.0,No,724.0,0,389000.0,591000.0,0,2197000.0
CL202305629,2023,Mendoza Sur,Salta,20/02/2017,23,informal,164000.0,4.4,57000.0,2,40000.0,0,636.0,0,155000.0,273000.0,0,806000.0
CL202303147,2023,Microcentro,Mendoza,2018-10-29,63,MT,748000.0,15.8,120000.0,3,142000.0,N,740.0,2,162000.0,1513000.0,0,3423000.0
CL202303954,2023,Canal Digital,Buenos Aires,31/03/2018,37,s/d,,5.5,81000.0,3,97.0,si,624.0,0,278000.0,391000.0,1,1082000.0
CL202302528,2023,Córdoba Shopping,Santa Fe,13/09/2020,23,informal,139000.0,0.0,41000.0,4,47000.0,N,615.0,0,88000.0,242000.0,0,988000.0
CL202300979,2023,Córdoba Shopping,Buenos Aires,02/03/2020,47,relacion de dependencia,,14.3,266000.0,3,339000.0,No,749.0,0,588000.0,1414000.0,0,2907000.0
CL202303168,2023,Mendoza Sur,Buenos Aires,24/10/2021,72,Monotributo,103000.0,,47000.0,5,13000.0,1,,0,86000.0,124000.0,0,596000.0
CL202303819,2023,Central,Santa Fe,20/08/2020,45,RD,873000.0,12.0,160000.0,6,268000.0,No,593.0,0,307000.0,1463000.0,0,6189000.0
CL202305242,2023,Central,Tucumán,03/03/2017,36,Rel. Dependencia,,7.3,232000.0,5,131000.0,1,,2,324000.0,576000.0,2,2487000.0
CL202301055,2023,Palermo,Buenos Aires,02/09/2021,47,Relación de Dependencia,,12.1,178000.0,2,368000.0,No,629.0,0,684000.0,1432000.0,0,6248000.0
CL202301612,2023,Palermo,Córdoba,04/04/2021,31,relacion de dependencia,440000.0,5.7,44000.0,3,109000.0,No,717.0,0,93000.0,770000.0,0,1965000.0
CL202300862,2023,Mendoza Sur,Salta,07/10/2020,45,monotrib.,90000.0,12.0,68000.0,1,34000.0,1,488.0,5,68000.0,188000.0,3,626000.0
CL202302445,2023,Rosario Norte,Tucumán,15/11/2016,35,RD,697000.0,8.4,496000.0,7,200000.0,Sí,550.0,3,485000.0,1463000.0,1,1874000.0
CL202303458,2023,Central,Buenos Aires,14/04/2017,50,Relación de Dependencia,,17.5,302000.0,4,82000.0,0,793.0,0,359000.0,2050000.0,0,4486000.0
CL202304946,2023,Central,Tucumán,12/10/2018,52,Monotributo,,9.7,159000.0,2,77000.0,no,546.0,4,94000.0,217000.0,0,793000.0
CL202300482,2023,Rosario Norte,Córdoba,28/12/2019,25,informal,216000.0,,60000.0,2,46000.0,Sí,649.0,3,194000.0,293000.0,1,883000.0
CL202302542,2023,Córdoba Shopping,Santa Fe,14/01/2019,18,relacion de dependencia,880000.0,0.0,110000.0,4,283000.0,no,,2,467000.0,1658000.0,0,6247000.0
CL202305489,2023,Microcentro,Neuquén,2017-12-27,49,s/d,264000.0,,83000.0,1,59000.0,0,604.0,3,219000.0,383000.0,2,1587000.0
CL202302716,2023,Microcentro,Córdoba,15/01/2019,41,RD,987000.0,12.5,175000.0,6,469000.0,0,742.0,0,674000.0,1198000.0,1,6312000.0
CL202304147,2023,Mendoza Sur,Santa Fe,03/01/2017,44,monotrib.,397000.0,10.4,38000.0,3,157000.0,1,,0,260000.0,514000.0,0,1220000.0
CL202303018,2023,Rosario Norte,Neuquén,14/05/2017,42,s/d,129000.0,6.6,96000.0,3,62000.0,si,500.0,2,127000.0,256000.0,2,208000.0
CL202304118,2023,La Plata,Neuquén,16/09/2018,29,Relación de Dependencia,13610000.0,7.7,177000.0,2,443000.0,si,709.0,0,595000.0,1381000.0,0,5454000.0
CL202303252,2023,La Plata,Mendoza,24/09/2020,22,monotrib.,535000.0,0.0,68000.0,3,216000.0,N,646.0,1,413000.0,974000.0,0,3551000.0
CL202300853,2023,La Plata,Neuquén,20/07/2021,53,changas,106000.0,,28000.0,3,12000.0,no,649.0,0,65000.0,135000.0,2,422000.0
CL202300777,2023,La Plata,Salta,2020-10-15,21,monotributo,595000.0,0.0,68000.0,1,189000.0,1,699.0,0,275000.0,508000.0,0,3329000.0
CL202300215,2023,Palermo,Neuquén,05/13/2018,25,monotributo,301000.0,,84000.0,4,111000.0,Sí,664.0,2,132000.0,391000.0,0,1754000.0
CL202304618,2023,Microcentro,Tucumán,05/05/2021,37,monotributo,981000.0,9.6,146000.0,4,76000.0,no,793.0,0,740000.0,1257000.0,0,2901000.0
CL202301115,2023,Mendoza Sur,Buenos Aires,22/01/2018,51,Informal,601000.0,,34000.0,1,191000.0,No,734.0,1,286000.0,695000.0,0,3395000.0
CL202304087,2023,Palermo,CABA,2016-06-04,46,monotrib.,295000.0,,94000.0,2,114000.0,1,666.0,1,137000.0,328000.0,0,2160000.0
CL202305944,2023,Canal Digital,Mendoza,2017-07-07,54,informal,210000.0,,23000.0,2,34.0,0,691.0,0,120000.0,444000.0,0,542000.0
CL202300716,2023,Mendoza Sur,Mendoza,24/10/2016,42,Monotributo,498000.0,10.6,43000.0,8,250000.0,no,806.0,0,98000.0,644000.0,0,1279000.0
CL202306779,2023,Palermo,Tucumán,2020-12-07,40,Relación de Dependencia,802000.0,9.6,110000.0,1,402000.0,No,721.0,2,475000.0,1018000.0,0,3368000.0
CL202303456,2023,Palermo,Tucumán,18/12/2016,33,monotrib.,679000.0,,214000.0,4,144000.0,Sí,682.0,1,237000.0,795000.0,1,5137000.0
CL202300973,2023,Microcentro,Salta,23/03/2018,56,Informal,131000.0,9.1,76000.0,5,68000.0,1,558.0,4,85000.0,236000.0,0,844000.0
CL202302040,2023,Córdoba Shopping,Tucumán,06/11/2017,40,Informal,,3.5,58000.0,5,125000.0,No,668.0,0,292000.0,485000.0,0,661000.0
CL202303771,2023,Palermo,Mendoza,17/09/2017,38,Monotributo,2025000.0,9.1,265000.0,3,691000.0,Sí,721.0,1,635000.0,1759000.0,0,7435000.0
CL202303131,2023,Córdoba Shopping,Córdoba,27/07/2021,40,relacion de dependencia,618000.0,14.9,82000.0,7,199000.0,0,629.0,0,604000.0,573000.0,0,4823000.0
CL202303423,2023,Canal Digital,Mendoza,06/06/2019,40,informal,164000.0,6.3,45000.0,2,89.0,si,643.0,2,40000.0,138000.0,1,1290000.0
CL202300541,2023,Central,Neuquén,2021-09-05,32,informal,,5.6,33000.0,3,85000.0,si,705.0,0,104000.0,504000.0,0,980000.0
CL202303349,2023,Rosario Norte,Buenos Aires,03/29/2019,45,Relación de Dependencia,875000.0,11.0,148000.0,7,239000.0,N,689.0,0,554000.0,1193000.0,1,1504000.0
CL202300467,2023,Mendoza Sur,Salta,07/07/2017,32,changas,172000.0,4.4,81000.0,3,77000.0,Sí,544.0,2,47000.0,258000.0,2,1297000.0
CL202300100,2023,Central,CABA,2017-09-25,60,changas,,17.1,102000.0,1,177000.0,No,684.0,1,241000.0,678000.0,1,2025000.0
CL202302499,2023,Microcentro,Mendoza,30/07/2016,18,Relación de Dependencia,747000.0,4.4,183000.0,2,271000.0,No,733.0,3,582000.0,971000.0,0,1183000.0
CL202306044,2023,Mendoza Sur,CABA,2017-06-07,62,RD,1076000.0,20.9,95000.0,4,209000.0,N,724.0,1,800000.0,1855000.0,1,5003000.0
CL202300882,2023,Rosario Norte,Buenos Aires,06/05/2018,49,relacion de dependencia,624000.0,13.3,83000.0,5,166000.0,No,671.0,0,452000.0,1348000.0,0,4310000.0
CL202300938,2023,Canal Digital,Salta,21/12/2021,37,monotributo,400000.0,,103000.0,2,113.0,0,696.0,0,255000.0,614000.0,0,2960000.0
CL202305443,2023,Central,Mendoza,16/11/2019,37,Relación de Dependencia,1674000.0,15.2,216000.0,4,556000.0,no,730.0,2,1162000.0,1512000.0,0,4231000.0
CL202305203,2023,La Plata,Córdoba,28/10/2021,40,relacion de dependencia,397000.0,11.2,222000.0,6,129000.0,si,,1,179000.0,469000.0,1,2412000.0
CL202301426,2023,La Plata,Mendoza,25/09/2016,28,informal,108000.0,,26000.0,3,39000.0,si,622.0,0,67000.0,202000.0,1,701000.0
CL202306470,2023,Central,Salta,19/11/2021,42,changas,242000.0,11.6,105000.0,2,85000.0,Sí,548.0,7,127000.0,295000.0,1,1052000.0
CL202302712,2023,Mendoza Sur,Córdoba,2016-09-04,48,Relación de Dependencia,1269000.0,15.6,62000.0,2,411000.0,si,,0,1222000.0,2374000.0,1,5907000.0
CL202304272,2023,Microcentro,Córdoba,2020-01-20,53,RD,400000.0,15.9,57000.0,4,84000.0,No,602.0,2,128000.0,844000.0,0,2276000.0
CL202301192,2023,Microcentro,Neuquén,12/01/2017,53,Informal,201000.0,13.3,84000.0,4,86000.0,si,663.0,2,97000.0,375000.0,1,672000.0
CL202303951,2023,Canal Digital,Salta,29/01/2019,30,monotributo,359000.0,,77000.0,4,84.0,N,638.0,0,168000.0,481000.0,0,2604000.0
CL202304006,2023,Rosario Norte,Buenos Aires,16/01/2018,63,changas,190000.0,,30000.0,1,85000.0,0,700.0,2,13000.0,330000.0,3,562000.0
CL202303369,2023,Córdoba Shopping,Santa Fe,2020-08-29,56,Monotributo,2477000.0,10.3,17000.0,2,627000.0,No,850.0,0,1934000.0,3227000.0,0,16259000.0
CL202305447,2023,Rosario Norte,Mendoza,07/06/2017,47,relacion de dependencia,282000.0,16.6,44000.0,2,59000.0,No,688.0,1,190000.0,323000.0,0,478000.0
CL202305668,2023,Canal Digital,Santa Fe,25/12/2019,32,Relación de Dependencia,546000.0,6.3,99000.0,3,173.0,no,616.0,2,463000.0,961000.0,1,1978000.0
CL202306329,2023,Mendoza Sur,Mendoza,12/06/2021,40,monotrib.,516000.0,,161000.0,2,69000.0,No,594.0,1,349000.0,928000.0,2,1340000.0
CL202302351,2023,Microcentro,Santa Fe,03/10/2018,40,Monotributo,408000.0,6.8,87000.0,1,182000.0,No,658.0,2,0.0,344000.0,0,1642000.0
CL202302168,2023,Central,Salta,28/09/2019,26,Rel. Dependencia,516000.0,8.0,180000.0,4,120000.0,No,605.0,0,240000.0,556000.0,0,1335000.0
CL202302714,2023,La Plata,Tucumán,14/12/2019,35,Monotributo,,5.9,110000.0,8,83000.0,1,815.0,1,814000.0,1354000.0,0,2200000.0
CL202304284,2023,Canal Digital,Buenos Aires,2019-06-24,34,Informal,157000.0,,52000.0,4,67.0,Sí,513.0,1,159000.0,196000.0,0,333000.0
CL202302388,2023,Córdoba Shopping,Buenos Aires,07/02/2020,42,Rel. Dependencia,405000.0,12.2,169000.0,5,162000.0,Sí,597.0,1,489000.0,798000.0,2,2170000.0
CL202304199,2023,Rosario Norte,Buenos Aires,20/04/2017,50,s/d,235000.0,7.8,75000.0,3,31000.0,No,613.0,2,87000.0,307000.0,0,1182000.0
CL202302255,2023,Mendoza Sur,Santa Fe,18/03/2021,54,Rel. Dependencia,,14.4,310000.0,3,511000.0,0,673.0,0,300000.0,2002000.0,1,7712000.0
CL202301918,2023,Microcentro,Mendoza,20/02/2020,56,relacion de dependencia,542000.0,15.0,342000.0,4,253000.0,Sí,584.0,2,400000.0,857000.0,0,2440000.0
CL202300594,2023,Rosario Norte,Córdoba,10/11/2016,41,Relación de Dependencia,523000.0,11.3,143000.0,3,102000.0,N,636.0,0,462000.0,756000.0,0,1414000.0
CL202305976,2023,Microcentro,Neuquén,06/01/2021,38,Rel. Dependencia,505000.0,10.5,275000.0,6,166000.0,Sí,632.0,3,495000.0,541000.0,1,3694000.0
CL202301660,2023,Palermo,Salta,17/03/2019,38,Relación de Dependencia,,13.2,159000.0,6,183000.0,Sí,713.0,1,259000.0,1030000.0,0,3884000.0
CL202304669,2023,La Plata,Salta,25/04/2021,48,RD,178000.0,,51000.0,3,65000.0,0,674.0,2,239000.0,316000.0,1,1104000.0
CL202305675,2023,Mendoza Sur,Buenos Aires,2016-01-11,63,Rel. Dependencia,526000.0,17.1,28000.0,4,186000.0,no,704.0,0,0.0,525000.0,1,902000.0
CL202303578,2023,Palermo,Tucumán,10/01/2019,50,MT,964000.0,8.9,22000.0,2,193000.0,0,654.0,1,498000.0,1334000.0,0,4758000.0
CL202304158,2023,Central,Salta,01/26/2020,47,RD,1177000.0,15.5,193000.0,1,433000.0,0,758.0,2,220000.0,2037000.0,0,2683000.0
CL202300900,2023,Canal Digital,Santa Fe,08/06/2019,36,Relación de Dependencia,340000.0,,35000.0,3,60.0,S,648.0,0,316000.0,593000.0,2,2139000.0
CL202300120,2023,Central,Buenos Aires,2021-07-27,52,Relación de Dependencia,1814000.0,12.7,276000.0,2,418000.0,0,748.0,0,675000.0,3687000.0,0,8807000.0
CL202300483,2023,Microcentro,Córdoba,16/09/2016,59,monotrib.,1190000.0,17.8,130000.0,1,175000.0,N,760.0,1,612000.0,1832000.0,0,2587000.0
CL202304980,2023,La Plata,Tucumán,16/02/2020,36,Relación de Dependencia,2396000.0,8.5,585000.0,1,281000.0,no,819.0,0,776000.0,2113000.0,0,13855000.0
CL202302966,2023,Mendoza Sur,Buenos Aires,04/04/2018,47,relacion de dependencia,,15.0,473000.0,4,968000.0,0,735.0,0,589000.0,1887000.0,0,12346000.0
CL202303154,2023,La Plata,Tucumán,15/10/2019,37,monotributo,766000.0,8.1,118000.0,4,364000.0,No,711.0,0,602000.0,1075000.0,0,1416000.0
CL202300387,2023,Microcentro,Córdoba,11/05/2021,47,Monotributo,415000.0,,90000.0,4,99000.0,no,699.0,0,251000.0,739000.0,1,1518000.0
CL202303774,2023,Rosario Norte,Tucumán,11/24/2017,40,changas,209000.0,6.6,38000.0,2,38000.0,S,675.0,2,147000.0,234000.0,1,733000.0
CL202304558,2023,Palermo,Santa Fe,17/07/2020,43,Rel. Dependencia,831000.0,13.4,182000.0,5,307000.0,1,623.0,1,249000.0,788000.0,0,3854000.0
CL202302074,2023,Palermo,Mendoza,2019-12-17,54,relacion de dependencia,1055000.0,15.6,237000.0,4,530000.0,si,733.0,1,748000.0,1122000.0,0,6639000.0
CL202306008,2023,Mendoza Sur,Tucumán,2018-11-29,56,MT,,8.4,59000.0,4,38000.0,S,627.0,0,166000.0,487000.0,0,1814000.0
CL202301478,2023,Córdoba Shopping,Salta,28/07/2016,33,monotrib.,360000.0,9.8,48000.0,4,119000.0,N,709.0,1,287000.0,532000.0,0,1983000.0
CL202303697,2023,Palermo,Santa Fe,07/01/2020,40,monotrib.,431000.0,6.5,37000.0,3,129000.0,0,664.0,0,203000.0,935000.0,0,3263000.0
CL202303830,2023,Mendoza Sur,Córdoba,27/05/2016,49,Rel. Dependencia,860000.0,10.1,122000.0,3,89000.0,No,691.0,0,537000.0,1729000.0,0,6068000.0
CL202303966,2023,Canal Digital,Buenos Aires,13/11/2018,27,monotrib.,849000.0,1.2,117000.0,3,130.0,No,762.0,0,1072000.0,707000.0,1,1680000.0
CL202306542,2023,Microcentro,Buenos Aires,04/05/2019,45,Informal,217000.0,9.6,128000.0,1,49000.0,no,607.0,2,62000.0,266000.0,1,958000.0
CL202304014,2023,Palermo,Salta,12/07/2017,29,monotributo,576000.0,,217000.0,2,169000.0,no,704.0,0,204000.0,838000.0,2,4001000.0
CL202304097,2023,La Plata,Buenos Aires,09/19/2017,32,Rel. Dependencia,609000.0,5.8,87000.0,2,191000.0,0,723.0,2,279000.0,726000.0,0,2464000.0
CL202305486,2023,Mendoza Sur,Mendoza,06/04/2021,31,relacion de dependencia,720000.0,6.2,0.0,6,162000.0,0,,1,210000.0,940000.0,0,3685000.0
CL202306224,2023,Mendoza Sur,Neuquén,2021-04-13,39,Relación de Dependencia,278000.0,9.5,157000.0,5,35000.0,Sí,572.0,3,151000.0,275000.0,2,2099000.0
CL202304844,2023,Mendoza Sur,Tucumán,08/31/2018,62,RD,2433000.0,18.6,305000.0,3,560000.0,No,789.0,0,1465000.0,2735000.0,0,5383000.0
CL202303127,2023,Palermo,Mendoza,29/11/2018,44,Relación de Dependencia,897000.0,,111000.0,5,195000.0,no,,0,506000.0,954000.0,0,3720000.0
CL202302080,2023,Palermo,Salta,09/02/2021,30,monotrib.,,5.2,223000.0,4,7000.0,Sí,637.0,2,442000.0,520000.0,1,2216000.0
CL202302638,2023,Canal Digital,Mendoza,12/25/2019,29,Rel. Dependencia,,3.1,181000.0,3,261.0,No,652.0,1,1226000.0,1796000.0,0,8601000.0
CL202300993,2023,Microcentro,Salta,10/11/2021,49,relacion de dependencia,,17.4,692000.0,4,1179000.0,N,633.0,0,2061000.0,4904000.0,1,15357000.0
CL202301546,2023,Rosario Norte,Salta,27/11/2017,57,relacion de dependencia,,15.8,111000.0,3,431000.0,No,659.0,1,688000.0,1000000.0,0,5094000.0
CL202300200,2023,Córdoba Shopping,Buenos Aires,25/12/2017,50,monotrib.,647000.0,12.0,290000.0,3,201000.0,Sí,655.0,1,375000.0,848000.0,0,4509000.0
CL202300830,2023,La Plata,Salta,2021-03-16,70,Monotributo,248000.0,22.9,77000.0,6,90000.0,N,670.0,0,108000.0,289000.0,0,1314000.0
CL202303089,2023,Canal Digital,Salta,09/04/2018,47,Rel. Dependencia,599000.0,13.9,26000.0,4,162.0,0,669.0,0,259000.0,1058000.0,0,920000.0
CL202305130,2023,Palermo,Mendoza,03/11/2018,53,MT,650000.0,10.7,98000.0,3,256000.0,S,677.0,1,275000.0,1046000.0,0,3025000.0
CL202305055,2023,Microcentro,CABA,2019-05-04,52,s/d,90000.0,,72000.0,3,19000.0,1,,1,55000.0,77000.0,5,498000.0
CL202304729,2023,Rosario Norte,Tucumán,03/05/2020,27,monotrib.,230000.0,,95000.0,3,56000.0,si,596.0,2,133000.0,210000.0,0,383000.0
CL202305092,2023,Central,Santa Fe,11/18/2017,51,Rel. Dependencia,704000.0,14.2,230000.0,3,179000.0,si,655.0,2,756000.0,696000.0,0,3168000.0
CL202304081,2023,La Plata,CABA,11/19/2019,45,monotrib.,259000.0,12.3,96000.0,1,80000.0,No,633.0,0,62000.0,474000.0,0,611000.0
CL202303030,2023,La Plata,CABA,05/14/2017,42,informal,730000.0,8.3,121000.0,3,238000.0,N,718.0,0,365000.0,1246000.0,0,3765000.0
CL202302387,2023,Córdoba Shopping,Tucumán,15/09/2021,34,relacion de dependencia,800000.0,7.1,119000.0,3,146000.0,No,736.0,0,822000.0,999000.0,0,5507000.0
CL202305190,2023,Central,CABA,2021-06-16,40,Informal,141000.0,11.5,57000.0,5,25000.0,Sí,687.0,4,89000.0,135000.0,1,831000.0
CL202304576,2023,Microcentro,Santa Fe,2021-09-04,20,relacion de dependencia,2660000.0,1.3,393000.0,3,837000.0,N,773.0,2,1181000.0,4107000.0,0,9721000.0
CL202306708,2023,Palermo,Neuquén,29/11/2018,40,relacion de dependencia,812000.0,11.0,55000.0,3,360000.0,Sí,717.0,1,601000.0,1553000.0,0,5567000.0
CL202305584,2023,La Plata,Córdoba,06/11/2019,41,Relación de Dependencia,406000.0,12.2,248000.0,4,157000.0,si,555.0,2,227000.0,355000.0,2,3196000.0
CL202304753,2023,Canal Digital,CABA,08/08/2016,40,Informal,455000.0,12.7,55000.0,3,124.0,0,,1,398000.0,916000.0,0,1582000.0
CL202304337,2023,Palermo,Tucumán,2021-10-30,39,monotrib.,,5.0,103000.0,1,138000.0,No,721.0,1,191000.0,544000.0,1,1779000.0
CL202305784,2023,Canal Digital,CABA,2021-11-06,35,relacion de dependencia,730000.0,9.1,166000.0,2,9.0,N,655.0,0,451000.0,860000.0,0,3002000.0
CL202306731,2023,Mendoza Sur,CABA,10/16/2020,18,Rel. Dependencia,1073000.0,6.3,102000.0,4,262000.0,N,747.0,1,673000.0,1934000.0,0,6859000.0
CL202302520,2023,Central,Salta,26/11/2018,60,RD,,15.1,349000.0,4,327000.0,1,640.0,2,341000.0,1958000.0,1,4864000.0
CL202304374,2023,Canal Digital,Mendoza,25/04/2017,29,relacion de dependencia,,3.3,269000.0,7,281.0,Sí,590.0,2,85000.0,1269000.0,0,3686000.0
CL202301288,2023,La Plata,Neuquén,08/11/2018,39,informal,344000.0,2.6,58000.0,1,81000.0,N,737.0,0,196000.0,555000.0,0,2480000.0
CL202302215,2023,Rosario Norte,Buenos Aires,01/11/2021,18,Monotributo,423000.0,0.0,267000.0,2,75000.0,0,581.0,2,265000.0,654000.0,2,2077000.0
CL202305316,2023,Central,Buenos Aires,20/06/2016,52,s/d,143000.0,,71000.0,5,53000.0,1,551.0,1,101000.0,248000.0,3,222000.0
CL202303897,2023,La Plata,Buenos Aires,2020-08-14,70,MT,186000.0,,46000.0,2,75000.0,0,642.0,2,140000.0,210000.0,1,1249000.0
CL202303655,2023,Rosario Norte,Neuquén,14/05/2017,31,Monotributo,,2.9,288000.0,2,228000.0,No,566.0,3,553000.0,1289000.0,0,3071000.0
CL202304797,2023,Canal Digital,Mendoza,2020-09-08,44,RD,720000.0,11.5,157000.0,3,194.0,N,722.0,0,283000.0,763000.0,0,4954000.0
CL202301086,2023,Canal Digital,CABA,2020-12-11,59,RD,1387000.0,17.3,226000.0,1,307.0,No,811.0,0,1139000.0,2893000.0,0,4054000.0
CL202305710,2023,Central,Neuquén,01/02/2017,59,relacion de dependencia,744000.0,20.4,191000.0,4,304000.0,S,637.0,0,775000.0,1603000.0,1,5174000.0
CL202305115,2023,Palermo,Neuquén,23/12/2019,42,RD,715000.0,11.8,77000.0,6,270000.0,0,715.0,0,497000.0,965000.0,2,4775000.0
CL202305975,2023,Canal Digital,Córdoba,2016-11-01,28,Relación de Dependencia,,7.2,81000.0,3,221.0,N,,0,521000.0,1162000.0,0,3374000.0
CL202303404,2023,Mendoza Sur,Salta,13/07/2016,18,relacion de dependencia,760000.0,5.4,87000.0,5,398000.0,N,712.0,0,642000.0,1210000.0,0,2401000.0
CL202304690,2023,Palermo,Salta,11/06/2021,62,changas,268000.0,13.3,93000.0,3,94000.0,Sí,584.0,0,119000.0,290000.0,0,1655000.0
CL202304833,2023,La Plata,Santa Fe,01/06/2019,38,RD,1017000.0,11.7,209000.0,3,389000.0,N,625.0,0,480000.0,1128000.0,0,6239000.0
CL202301680,2023,Microcentro,Neuquén,2021-07-27,23,Relación de Dependencia,1286000.0,6.2,343000.0,3,317000.0,1,681.0,1,842000.0,1971000.0,0,7047000.0
CL202306324,2023,Rosario Norte,Mendoza,04/01/2018,67,MT,242000.0,,108000.0,3,59000.0,si,673.0,2,39000.0,429000.0,1,1196000.0
CL202301877,2023,Rosario Norte,Tucumán,2020-08-08,56,relacion de dependencia,5010000.0,14.7,172000.0,5,269000.0,N,632.0,1,168000.0,794000.0,0,2921000.0
CL202306425,2023,Córdoba Shopping,Córdoba,2020-12-10,49,relacion de dependencia,1205000.0,11.8,223000.0,5,289000.0,Sí,,1,263000.0,1745000.0,0,7906000.0
CL202302372,2023,Córdoba Shopping,Neuquén,2018-06-28,65,Rel. Dependencia,,18.2,182000.0,3,115000.0,0,,0,332000.0,440000.0,0,2921000.0
CL202305930,2023,Rosario Norte,Salta,07/08/2018,18,monotrib.,278000.0,0.0,41000.0,4,123000.0,N,629.0,1,211000.0,437000.0,1,514000.0
CL202303718,2023,Córdoba Shopping,Buenos Aires,2019-09-06,35,monotrib.,754000.0,4.7,133000.0,6,185000.0,Sí,620.0,1,455000.0,1653000.0,0,4232000.0
CL202305538,2023,Rosario Norte,Buenos Aires,02/02/2017,45,RD,521000.0,10.7,157000.0,4,177000.0,0,655.0,2,123000.0,520000.0,0,4069000.0
CL202302373,2023,Central,Tucumán,2020-09-20,54,s/d,179000.0,13.9,81000.0,3,5000.0,No,613.0,2,100000.0,167000.0,1,323000.0
CL202301651,2023,Microcentro,Córdoba,03/03/2020,49,Monotributo,257000.0,9.1,114000.0,2,79000.0,no,586.0,2,216000.0,322000.0,2,1247000.0
CL202303123,2023,La Plata,Tucumán,03/26/2017,18,Informal,312000.0,0.0,99000.0,4,104000.0,1,604.0,0,50000.0,547000.0,2,545000.0
CL202302602,2023,La Plata,Mendoza,2017-02-02,45,RD,659000.0,,131000.0,4,160000.0,no,663.0,0,412000.0,793000.0,0,4999000.0
CL202301560,2023,Rosario Norte,Mendoza,16/05/2018,62,changas,115000.0,18.0,34000.0,1,49000.0,N,613.0,0,20000.0,216000.0,0,393000.0
CL202306368,2023,Microcentro,Tucumán,06/11/2017,58,RD,1076000.0,19.1,102000.0,7,334000.0,0,732.0,0,364000.0,2064000.0,1,4109000.0
CL202306284,2023,Córdoba Shopping,Mendoza,2016-03-10,23,Monotributo,,2.8,258000.0,2,142000.0,No,651.0,2,567000.0,1144000.0,0,962000.0
CL202306211,2023,Rosario Norte,Tucumán,19/09/2018,38,RD,1472000.0,14.2,177000.0,6,404000.0,N,778.0,1,983000.0,2758000.0,0,7678000.0
CL202303324,2023,Canal Digital,Tucumán,11/03/2017,50,monotrib.,271000.0,10.3,49000.0,2,94.0,no,701.0,0,128000.0,279000.0,0,1386000.0
CL202302867,2023,Central,Santa Fe,07/11/2020,60,Monotributo,493000.0,12.3,146000.0,2,148000.0,0,687.0,0,248000.0,957000.0,0,2258000.0
CL202301324,2023,Rosario Norte,Córdoba,28/10/2018,37,relacion de dependencia,853000.0,8.8,393000.0,4,59000.0,Sí,580.0,2,471000.0,1717000.0,1,5517000.0
CL202303842,2023,Córdoba Shopping,Salta,10/04/2021,32,relacion de dependencia,,8.0,88000.0,6,371000.0,S,,2,603000.0,855000.0,0,5637000.0
CL202305158,2023,Mendoza Sur,CABA,2020-06-27,43,s/d,90000.0,,66000.0,2,32000.0,Sí,614.0,3,30000.0,111000.0,1,398000.0
CL202300228,2023,Palermo,Neuquén,2019-09-11,18,Informal,,0.0,66000.0,2,22000.0,si,618.0,3,90000.0,204000.0,0,814000.0
CL202302217,2023,Córdoba Shopping,CABA,06/06/2016,26,relacion de dependencia,618000.0,4.7,100000.0,5,5000.0,no,772.0,2,179000.0,588000.0,0,1338000.0
CL202306500,2023,Central,Mendoza,26/03/2017,38,RD,1388000.0,11.9,415000.0,6,459000.0,si,654.0,0,1064000.0,2044000.0,2,4114000.0
CL202304613,2023,Canal Digital,Salta,09/19/2021,36,changas,232000.0,,40000.0,4,128.0,no,713.0,2,193000.0,401000.0,0,1510000.0
CL202305335,2023,Microcentro,CABA,07/24/2017,35,Rel. Dependencia,453000.0,5.8,144000.0,4,212000.0,0,,0,338000.0,983000.0,0,2105000.0
CL202303947,2023,Rosario Norte,Neuquén,2020-03-04,39,Relación de Dependencia,799000.0,,107000.0,3,211000.0,N,653.0,0,435000.0,1663000.0,0,4295000.0
CL202302590,2023,Córdoba Shopping,Santa Fe,06/25/2016,55,informal,160000.0,,42000.0,5,68000.0,No,635.0,0,13000.0,305000.0,0,1180000.0
CL202302146,2023,Canal Digital,Buenos Aires,2017-12-11,41,MT,508000.0,,86000.0,3,142.0,1,587.0,0,464000.0,931000.0,1,2865000.0
CL202302363,2023,Central,Mendoza,08/05/2018,47,s/d,234000.0,8.4,50000.0,3,44000.0,0,628.0,0,165000.0,258000.0,0,1371000.0
CL202305972,2023,Microcentro,CABA,12/12/2020,33,monotributo,564000.0,7.3,139000.0,6,85000.0,S,751.0,1,320000.0,1203000.0,0,1369000.0
CL202305961,2023,Palermo,Córdoba,06/08/2019,38,RD,518000.0,12.1,73000.0,4,112000.0,si,686.0,0,341000.0,860000.0,0,3426000.0
CL202304966,2023,Mendoza Sur,Salta,02/03/2018,51,monotributo,382000.0,10.6,201000.0,3,143000.0,no,585.0,4,259000.0,475000.0,0,2411000.0
CL202301552,2023,Palermo,Salta,13/11/2020,37,RD,2138000.0,3.7,193000.0,5,445000.0,No,769.0,0,766000.0,3255000.0,0,8505000.0
CL202300602,2023,Mendoza Sur,Buenos Aires,2018-04-18,41,Rel. Dependencia,,14.1,109000.0,4,236000.0,0,713.0,0,314000.0,1253000.0,0,6340000.0
CL202304223,2023,Central,Salta,25/09/2016,67,s/d,,16.1,87000.0,5,38000.0,Sí,,0,79000.0,168000.0,0,341000.0
CL202303929,2023,Central,Salta,03/12/2016,65,Informal,151000.0,15.7,26000.0,5,43000.0,Sí,,2,124000.0,159000.0,0,1199000.0
CL202306595,2023,Canal Digital,Buenos Aires,19/11/2018,41,informal,203000.0,7.0,96000.0,4,96.0,S,596.0,2,140000.0,358000.0,0,918000.0
CL202301177,2023,Mendoza Sur,Buenos Aires,16/05/2021,41,monotributo,585000.0,,166000.0,3,107000.0,0,695.0,1,580000.0,576000.0,0,3772000.0
CL202300171,2023,La Plata,Córdoba,11/12/2019,39,Rel. Dependencia,858000.0,8.6,157000.0,6,267000.0,N,752.0,0,801000.0,998000.0,0,4815000.0
CL202300618,2023,Canal Digital,Neuquén,12/02/2020,18,Relación de Dependencia,737000.0,0.2,226000.0,1,233.0,0,705.0,1,503000.0,1176000.0,0,5447000.0
CL202304986,2023,Rosario Norte,Tucumán,07/12/2019,56,informal,291000.0,15.6,134000.0,5,128000.0,no,534.0,1,27000.0,461000.0,3,1686000.0
CL202302973,2023,Microcentro,Buenos Aires,2016-08-29,45,relacion de dependencia,1079000.0,14.5,104000.0,10,326000.0,si,797.0,1,427000.0,1695000.0,1,2327000.0
CL202304991,2023,Palermo,Santa Fe,21/07/2016,53,monotrib.,,,44000.0,4,140000.0,no,692.0,3,309000.0,860000.0,1,2478000.0
CL202302022,2023,La Plata,Tucumán,12/12/2020,22,Rel. Dependencia,,7.7,39000.0,3,166000.0,N,,1,192000.0,430000.0,0,1246000.0
CL202306275,2023,Mendoza Sur,Santa Fe,2018-12-31,48,relacion de dependencia,1248000.0,17.4,164000.0,2,171000.0,No,642.0,0,246000.0,2496000.0,0,5633000.0
CL202300192,2023,Palermo,Mendoza,07/07/2021,31,monotrib.,814000.0,5.8,163000.0,3,151000.0,no,689.0,1,860000.0,1462000.0,0,5790000.0
CL202306480,2023,Palermo,Neuquén,09/11/2020,22,s/d,347000.0,2.0,188000.0,5,110000.0,Sí,602.0,4,65000.0,334000.0,1,2737000.0
CL202302424,2023,Microcentro,CABA,2017-07-18,39,Monotributo,498000.0,,137000.0,2,104000.0,S,681.0,0,479000.0,489000.0,1,3548000.0
CL202301586,2023,Córdoba Shopping,Tucumán,2020-12-30,38,Monotributo,364000.0,9.2,71000.0,2,133000.0,Sí,608.0,3,163000.0,769000.0,0,1748000.0
CL202300579,2023,Palermo,CABA,26/03/2017,33,relacion de dependencia,640000.0,10.3,113000.0,5,293000.0,0,,3,664000.0,803000.0,0,1266000.0
CL202302402,2023,Mendoza Sur,Buenos Aires,17/06/2021,38,relacion de dependencia,532000.0,6.1,177000.0,7,186000.0,1,653.0,0,382000.0,444000.0,0,3013000.0
CL202300473,2023,La Plata,Mendoza,2018-08-01,25,relacion de dependencia,540000.0,7.0,99000.0,7,152000.0,Sí,677.0,0,296000.0,491000.0,0,3482000.0
CL202300474,2023,Rosario Norte,Salta,04/12/2016,53,relacion de dependencia,754000.0,16.9,62000.0,6,401000.0,no,721.0,0,359000.0,1224000.0,1,4090000.0
CL202302553,2023,La Plata,Tucumán,05/05/2018,18,relacion de dependencia,2527000.0,0.5,372000.0,4,864000.0,0,850.0,3,1565000.0,2022000.0,0,11883000.0
CL202306754,2023,Microcentro,Buenos Aires,18/01/2017,47,RD,878000.0,15.3,189000.0,3,184000.0,No,850.0,0,859000.0,1856000.0,0,3355000.0
CL202301583,2023,Rosario Norte,Salta,07/01/2019,41,Rel. Dependencia,1797000.0,11.5,234000.0,3,346000.0,No,754.0,0,905000.0,3779000.0,0,14315000.0
CL202305897,2023,La Plata,Mendoza,02/07/2019,35,informal,90000.0,7.5,58000.0,4,51000.0,si,631.0,1,61000.0,123000.0,0,500000.0
CL202305925,2023,Canal Digital,Neuquén,08/20/2020,18,RD,1422000.0,0.8,410000.0,1,637.0,Sí,664.0,0,1073000.0,2628000.0,0,8804000.0
CL202306111,2023,Córdoba Shopping,Salta,17/11/2018,60,MT,,16.1,146000.0,3,100000.0,N,681.0,0,303000.0,388000.0,0,3505000.0
CL202303099,2023,Canal Digital,Neuquén,24/07/2020,51,RD,453000.0,13.0,194000.0,4,302.0,Sí,638.0,2,241000.0,916000.0,0,2096000.0
CL202305003,2023,Palermo,Mendoza,15/06/2016,60,MT,606000.0,15.8,127000.0,2,5000.0,no,729.0,2,518000.0,728000.0,1,3205000.0
CL202304067,2023,Córdoba Shopping,Buenos Aires,18/01/2018,42,Relación de Dependencia,531000.0,15.5,123000.0,8,59000.0,N,679.0,1,350000.0,613000.0,0,2212000.0
CL202300273,2023,Canal Digital,Salta,13/09/2017,60,s/d,,18.1,100000.0,4,163.0,N,733.0,1,320000.0,663000.0,0,1473000.0
CL202301925,2023,Canal Digital,CABA,25/03/2020,31,Rel. Dependencia,,6.3,164000.0,3,144.0,No,,0,488000.0,2167000.0,0,4281000.0
CL202304005,2023,Mendoza Sur,Buenos Aires,31/12/2019,44,MT,394000.0,,160000.0,3,67000.0,N,597.0,2,186000.0,702000.0,0,2373000.0
CL202303193,2023,Córdoba Shopping,Neuquén,2017-03-10,21,MT,611000.0,,47000.0,3,236000.0,no,704.0,0,492000.0,1129000.0,3,3648000.0
CL202305852,2023,Microcentro,Salta,05/12/2016,28,RD,,6.4,117000.0,7,155000.0,Sí,670.0,1,647000.0,984000.0,0,1772000.0
CL202301894,2023,La Plata,Salta,09/11/2016,39,RD,611000.0,7.1,288000.0,2,107000.0,si,627.0,3,635000.0,670000.0,0,3185000.0
CL202303399,2023,Córdoba Shopping,CABA,2016-04-23,20,RD,1361000.0,3.6,202000.0,3,255000.0,No,723.0,1,1026000.0,2083000.0,0,9279000.0
CL202300091,2023,La Plata,Buenos Aires,2017-09-04,49,relacion de dependencia,1066000.0,18.1,211000.0,5,425000.0,S,664.0,0,585000.0,986000.0,0,4651000.0
CL202303660,2023,Central,Santa Fe,04/03/2016,40,Relación de Dependencia,427000.0,10.7,106000.0,3,178000.0,Sí,685.0,0,311000.0,420000.0,0,707000.0
CL202302181,2023,Córdoba Shopping,Santa Fe,05/10/2019,51,Relación de Dependencia,1915000.0,14.7,379000.0,5,812000.0,no,645.0,1,1934000.0,1599000.0,0,7251000.0
CL202300832,2023,Rosario Norte,Santa Fe,2018-04-23,59,monotrib.,1189000.0,12.2,100000.0,2,185000.0,0,632.0,0,534000.0,1648000.0,1,6872000.0
CL202302692,2023,Córdoba Shopping,Salta,12/04/2021,64,Rel. Dependencia,,16.5,217000.0,6,70000.0,S,516.0,4,177000.0,460000.0,2,1559000.0
CL202301397,2023,Mendoza Sur,Santa Fe,2018-11-09,36,s/d,127000.0,,42000.0,2,60000.0,0,631.0,0,94000.0,123000.0,0,951000.0
CL202303494,2023,Central,Tucumán,04/05/2020,30,Rel. Dependencia,1872000.0,6.6,291000.0,6,936000.0,no,701.0,0,2149000.0,2726000.0,1,3716000.0
CL202305239,2023,Central,Santa Fe,02/11/2019,25,monotributo,,2.0,52000.0,3,42000.0,0,746.0,2,195000.0,454000.0,0,1909000.0
CL202306468,2023,Palermo,CABA,06/03/2017,56,relacion de dependencia,1231000.0,14.7,391000.0,5,177000.0,N,666.0,1,1047000.0,1824000.0,0,3473000.0
CL202304800,2023,Córdoba Shopping,Tucumán,2021-11-22,37,Rel. Dependencia,867000.0,11.1,240000.0,4,369000.0,No,648.0,1,636000.0,1185000.0,0,2212000.0
CL202304854,2023,La Plata,Tucumán,16/06/2019,46,Relación de Dependencia,1300000.0,10.6,187000.0,7,246000.0,No,704.0,0,1111000.0,1729000.0,0,6856000.0
CL202303180,2023,La Plata,Tucumán,03/13/2017,47,MT,586000.0,9.4,154000.0,1,157000.0,N,751.0,2,413000.0,801000.0,0,3072000.0
CL202305870,2023,Córdoba Shopping,Buenos Aires,23/01/2021,30,monotrib.,276000.0,6.2,69000.0,3,53000.0,1,712.0,1,148000.0,247000.0,0,913000.0
CL202305515,2023,Mendoza Sur,Tucumán,2016-10-02,38,informal,286000.0,,57000.0,3,112000.0,N,624.0,1,309000.0,533000.0,0,1231000.0
cl202300148,2023,Canal Digital,Santa Fe,22/05/2019,55,Informal,234000.0,8.9,52000.0,2,89.0,no,593.0,0,68000.0,300000.0,1,858000.0
CL202300559,2023,La Plata,Buenos Aires,2016-02-17,65,monotributo,1317000.0,,18000.0,2,467000.0,N,751.0,1,690000.0,2576000.0,0,8513000.0
CL202306391,2023,Microcentro,Salta,14/09/2020,19,Rel. Dependencia,,1.5,215000.0,3,618000.0,0,776.0,0,848000.0,2308000.0,0,6608000.0
CL202300831,2023,La Plata,Santa Fe,2017-02-01,42,monotrib.,323000.0,8.7,114000.0,1,31000.0,S,627.0,2,102000.0,681000.0,1,2127000.0
CL202304898,2023,Palermo,Santa Fe,15/05/2019,74,Monotributo,623000.0,20.6,85000.0,2,126000.0,No,776.0,0,341000.0,892000.0,0,1641000.0
CL202306144,2023,Canal Digital,Santa Fe,03/07/2017,47,s/d,175000.0,,84000.0,3,59.0,Sí,591.0,3,97000.0,344000.0,2,900000.0
CL202306032,2023,Córdoba Shopping,Santa Fe,09/03/2019,59,Rel. Dependencia,,20.9,80000.0,7,85000.0,no,556.0,0,200000.0,446000.0,2,2446000.0
CL202300950,2023,Palermo,Neuquén,03/12/2017,38,Informal,304000.0,,55000.0,4,99000.0,si,696.0,0,156000.0,368000.0,0,1048000.0
CL202306619,2023,La Plata,Santa Fe,10/10/2020,18,relacion de dependencia,990000.0,2.8,118000.0,8,392000.0,N,715.0,0,413000.0,1344000.0,0,4611000.0
cl202302178,2023,Rosario Norte,CABA,25/12/2016,18,monotributo,331000.0,0.0,100000.0,2,85000.0,si,659.0,1,179000.0,705000.0,0,1646000.0
CL202303460,2023,Canal Digital,Buenos Aires,19/06/2019,51,RD,833000.0,16.7,91000.0,7,356.0,0,675.0,1,505000.0,1003000.0,0,1545000.0
CL202301431,2023,Mendoza Sur,Buenos Aires,10/12/2018,45,Informal,412000.0,13.7,51000.0,3,169000.0,S,685.0,0,314000.0,333000.0,0,1317000.0
CL202305076,2023,Microcentro,Córdoba,30/08/2019,48,MT,277000.0,,83000.0,6,112000.0,N,691.0,3,243000.0,470000.0,0,1331000.0
CL202302408,2023,Palermo,Tucumán,31/12/2017,44,Rel. Dependencia,743000.0,10.2,147000.0,2,165000.0,N,604.0,0,491000.0,1244000.0,0,2469000.0
CL202306710,2023,Palermo,Neuquén,01/02/2021,40,Rel. Dependencia,870000.0,11.7,219000.0,2,146000.0,0,688.0,0,429000.0,1422000.0,0,3167000.0
CL202301369,2023,Microcentro,Santa Fe,10/04/2016,47,s/d,,,110000.0,3,102000.0,si,544.0,0,123000.0,595000.0,3,1417000.0
CL202302422,2023,Central,Salta,07/01/2021,44,Monotributo,,11.7,68000.0,2,191000.0,no,728.0,1,342000.0,1024000.0,0,3955000.0
CL202304728,2023,Mendoza Sur,Santa Fe,27/06/2017,54,relacion de dependencia,648000.0,12.0,71000.0,4,216000.0,si,,2,351000.0,1159000.0,0,1186000.0
CL202303172,2023,Mendoza Sur,Buenos Aires,08/05/2017,42,informal,90000.0,,38000.0,3,20000.0,S,579.0,0,32000.0,76000.0,2,159000.0
CL202304521,2023,La Plata,Neuquén,02/25/2018,30,relacion de dependencia,461000.0,6.5,229000.0,4,57000.0,S,,1,179000.0,436000.0,1,1923000.0
CL202304237,2023,Córdoba Shopping,Salta,02/09/2019,46,MT,,13.9,54000.0,2,59000.0,0,671.0,0,103000.0,236000.0,0,1168000.0
CL202300531,2023,Microcentro,Mendoza,2017-04-27,58,RD,1045000.0,17.1,56000.0,5,216000.0,N,758.0,2,139000.0,1931000.0,0,3313000.0
CL202303942,2023,Rosario Norte,Santa Fe,14/03/2021,39,relacion de dependencia,1867000.0,8.8,319000.0,4,563000.0,1,713.0,1,1186000.0,3688000.0,2,3493000.0
CL202300756,2023,Palermo,Mendoza,28/08/2021,46,RD,1096000.0,,545000.0,3,529000.0,1,581.0,0,706000.0,1674000.0,0,3751000.0
CL202301873,2023,Microcentro,CABA,2016-03-31,51,Rel. Dependencia,,15.5,70000.0,5,115000.0,N,697.0,0,154000.0,383000.0,0,2501000.0
CL202301571,2023,Central,Tucumán,08/01/2019,34,s/d,316000.0,2.5,101000.0,3,129000.0,Sí,631.0,1,219000.0,303000.0,1,1693000.0
CL202303821,2023,Canal Digital,Córdoba,26/05/2019,55,informal,142000.0,17.7,35000.0,2,41.0,N,709.0,1,136000.0,245000.0,1,982000.0
CL202305464,2023,Mendoza Sur,Neuquén,10/07/2019,35,relacion de dependencia,1000000.0,10.1,195000.0,7,189000.0,0,692.0,2,936000.0,997000.0,0,2224000.0
CL202306170,2023,Canal Digital,CABA,2018-12-03,48,monotributo,672000.0,11.4,152000.0,3,205.0,0,738.0,2,381000.0,936000.0,0,4787000.0
CL202301017,2023,Central,Tucumán,2017-12-07,21,MT,,,92000.0,5,125000.0,No,738.0,0,193000.0,662000.0,0,2290000.0
CL202306370,2023,Canal Digital,Salta,10/14/2021,33,Monotributo,696000.0,8.9,94000.0,2,30.0,No,592.0,1,669000.0,645000.0,0,1487000.0
CL202305359,2023,Rosario Norte,Córdoba,2016-03-05,41,monotrib.,443000.0,8.1,141000.0,2,186000.0,no,,1,212000.0,510000.0,2,3338000.0
CL202305112,2023,Palermo,CABA,2016-02-06,54,MT,,,162000.0,3,142000.0,Sí,650.0,2,361000.0,631000.0,0,866000.0
CL202302321,2023,La Plata,Buenos Aires,30/05/2021,40,monotributo,284000.0,,79000.0,2,65000.0,N,,1,74000.0,261000.0,2,1385000.0
CL202302247,2023,Córdoba Shopping,Córdoba,28/12/2016,55,Relación de Dependencia,465000.0,19.7,171000.0,6,94000.0,si,,1,375000.0,749000.0,0,3532000.0
CL202301054,2023,Rosario Norte,Buenos Aires,10/05/2020,33,RD,462000.0,10.0,48000.0,5,63000.0,0,704.0,1,251000.0,812000.0,1,793000.0
CL202304945,2023,Córdoba Shopping,Santa Fe,2016-07-01,45,changas,144000.0,8.7,62000.0,1,71000.0,si,636.0,0,98000.0,206000.0,1,1097000.0
CL202306226,2023,Córdoba Shopping,Mendoza,2018-04-30,78,Rel. Dependencia,306000.0,22.1,117000.0,6,42000.0,No,574.0,0,218000.0,548000.0,0,1266000.0
CL202300369,2023,Córdoba Shopping,CABA,13/09/2020,39,MT,716000.0,8.3,145000.0,5,389000.0,No,763.0,2,247000.0,1139000.0,0,4923000.0
CL202303559,2023,La Plata,CABA,2020-03-25,21,monotrib.,617000.0,2.2,108000.0,1,194000.0,No,666.0,1,343000.0,854000.0,0,4147000.0
CL202300772,2023,Córdoba Shopping,Mendoza,24/03/2019,52,Informal,160000.0,,60000.0,5,58000.0,S,627.0,1,85000.0,298000.0,0,777000.0
CL202306348,2023,Córdoba Shopping,Mendoza,2019-09-30,38,Relación de Dependencia,528000.0,9.7,63000.0,4,80000.0,0,686.0,1,163000.0,761000.0,0,1117000.0
CL202306679,2023,La Plata,CABA,25/06/2018,52,Informal,278000.0,9.4,86000.0,2,31000.0,0,620.0,2,123000.0,593000.0,0,1285000.0
CL202305747,2023,Rosario Norte,Tucumán,2018-01-01,32,MT,727000.0,4.4,77000.0,5,161000.0,0,686.0,0,128000.0,1040000.0,0,4330000.0
CL202301691,2023,Central,Buenos Aires,14/12/2020,44,relacion de dependencia,2037000.0,12.5,474000.0,7,695000.0,1,617.0,2,495000.0,3360000.0,0,3161000.0
CL202306659,2023,Central,Córdoba,15/11/2017,46,relacion de dependencia,515000.0,9.1,107000.0,3,164000.0,no,662.0,1,86000.0,506000.0,1,3572000.0
CL202302085,2023,Córdoba Shopping,Córdoba,23/03/2017,28,monotributo,678000.0,4.2,128000.0,3,180000.0,no,669.0,0,575000.0,698000.0,0,4989000.0
CL202304356,2023,Mendoza Sur,Tucumán,24/06/2016,49,changas,144000.0,,47000.0,5,51000.0,N,709.0,2,3000.0,208000.0,0,1014000.0
CL202300293,2023,Mendoza Sur,Mendoza,2016-12-20,38,Monotributo,768000.0,8.6,180000.0,1,259000.0,Sí,702.0,0,315000.0,1219000.0,0,2823000.0
CL202303204,2023,Central,Neuquén,26/03/2020,49,relacion de dependencia,359000.0,13.1,151000.0,7,149000.0,no,603.0,3,237000.0,346000.0,0,1144000.0
CL202302814,2023,La Plata,Salta,19/12/2019,25,RD,934000.0,5.5,311000.0,5,265000.0,0,722.0,1,318000.0,1988000.0,0,6181000.0
CL202302176,2023,Rosario Norte,Neuquén,13/06/2018,41,monotributo,390000.0,,50000.0,6,144000.0,N,628.0,1,110000.0,607000.0,1,1418000.0
CL202306776,2023,Microcentro,Neuquén,2017-08-27,38,RD,773000.0,7.7,115000.0,6,362000.0,0,697.0,0,681000.0,1186000.0,0,3562000.0
CL202302385,2023,Córdoba Shopping,Mendoza,29/07/2017,76,Rel. Dependencia,,24.7,76000.0,2,208000.0,0,729.0,1,253000.0,901000.0,0,4203000.0
CL202306725,2023,Central,Neuquén,11/02/2017,55,relacion de dependencia,718000.0,16.8,487000.0,3,227000.0,1,526.0,4,219000.0,948000.0,0,1877000.0
CL202302479,2023,Mendoza Sur,Neuquén,04/10/2018,57,changas,90000.0,12.9,53000.0,4,35000.0,Sí,500.0,6,72000.0,90000.0,2,202000.0
CL202301103,2023,Córdoba Shopping,Salta,2017-03-16,41,s/d,,6.3,88000.0,1,11000.0,1,,2,156000.0,654000.0,1,2407000.0
CL202305266,2023,Central,Mendoza,2018-03-24,48,Monotributo,388000.0,7.7,86000.0,1,99000.0,no,653.0,1,233000.0,449000.0,2,2833000.0
CL202306074,2023,Palermo,Salta,23/10/2019,33,Monotributo,1243000.0,6.1,543000.0,3,321000.0,S,581.0,7,1107000.0,1256000.0,0,9531000.0
CL202301153,2023,Central,Tucumán,2018-03-26,18,Relación de Dependencia,441000.0,1.8,177000.0,6,161000.0,si,630.0,0,340000.0,774000.0,0,2266000.0
CL202304953,2023,La Plata,Tucumán,20/08/2021,49,Relación de Dependencia,501000.0,,238000.0,1,143000.0,Sí,644.0,3,552000.0,783000.0,1,1019000.0
CL202303094,2023,Canal Digital,Santa Fe,2017-11-16,29,Relación de Dependencia,1153000.0,6.9,128000.0,4,433.0,no,724.0,0,964000.0,1211000.0,1,8031000.0
CL202300698,2023,Microcentro,Mendoza,11/07/2021,22,relacion de dependencia,349000.0,0.9,39000.0,1,154000.0,0,627.0,0,293000.0,465000.0,1,858000.0
CL202306453,2023,Microcentro,Córdoba,05/02/2018,32,relacion de dependencia,432000.0,9.2,98000.0,5,137000.0,0,645.0,4,192000.0,564000.0,0,897000.0
CL202300281,2023,Central,CABA,2021-09-05,39,informal,,7.0,39000.0,1,29000.0,No,759.0,1,189000.0,193000.0,0,660000.0
CL202302357,2023,Canal Digital,Neuquén,05/30/2017,28,changas,90000.0,3.3,55000.0,3,29.0,si,610.0,2,0.0,185000.0,1,324000.0
CL202302253,2023,Canal Digital,Buenos Aires,30/06/2021,34,Relación de Dependencia,,,90000.0,4,79.0,no,653.0,1,630000.0,1285000.0,1,4362000.0
CL202305390,2023,Microcentro,Neuquén,2019-12-25,31,informal,344000.0,0.0,87000.0,3,124000.0,Sí,684.0,3,197000.0,330000.0,0,2678000.0
CL202306050,2023,Córdoba Shopping,Salta,2021-04-23,49,Monotributo,375000.0,,268000.0,4,196000.0,si,525.0,3,340000.0,434000.0,4,1190000.0
CL202301126,2023,Microcentro,Buenos Aires,2017-04-05,40,Rel. Dependencia,977000.0,8.9,486000.0,4,235000.0,no,,3,162000.0,942000.0,3,3682000.0
CL202302616,2023,Microcentro,Buenos Aires,2019-03-23,20,monotrib.,303000.0,4.1,115000.0,3,98000.0,1,640.0,3,185000.0,294000.0,3,1767000.0
CL202301688,2023,La Plata,CABA,2021-09-02,20,Monotributo,373000.0,,80000.0,6,129000.0,N,683.0,0,348000.0,689000.0,1,717000.0
CL202300353,2023,Mendoza Sur,Córdoba,16/09/2018,51,Rel. Dependencia,,9.6,134000.0,2,312000.0,1,676.0,1,245000.0,1101000.0,0,4235000.0
CL202303871,2023,Palermo,Buenos Aires,09/09/2016,30,s/d,492000.0,4.7,138000.0,2,229000.0,si,641.0,1,281000.0,806000.0,0,2122000.0
CL202301188,2023,Canal Digital,Tucumán,2017-02-09,43,s/d,111000.0,9.2,66000.0,2,35.0,S,566.0,5,40000.0,129000.0,1,591000.0
CL202304478,2023,Palermo,Córdoba,12/16/2018,23,Monotributo,300000.0,,50000.0,1,73000.0,N,690.0,1,78000.0,481000.0,0,1771000.0
CL202303259,2023,Mendoza Sur,Neuquén,03/01/2018,35,RD,1058000.0,9.7,168000.0,4,342000.0,S,639.0,0,1020000.0,2163000.0,0,3518000.0
CL202306102,2023,Palermo,Santa Fe,15/07/2019,21,s/d,157000.0,0.0,22000.0,2,41000.0,N,644.0,2,103000.0,295000.0,0,890000.0
CL202303762,2023,Canal Digital,Buenos Aires,03/11/2016,58,monotributo,,,49000.0,2,64.0,no,681.0,0,139000.0,398000.0,0,1088000.0
CL202305929,2023,Central,Córdoba,2018-04-10,18,monotrib.,,,82000.0,2,137000.0,S,685.0,2,95000.0,348000.0,1,1129000.0
CL202305283,2023,Mendoza Sur,Neuquén,29/11/2018,39,monotrib.,330000.0,11.0,50000.0,2,119000.0,0,622.0,0,182000.0,697000.0,0,1785000.0
CL202305505,2023,Rosario Norte,Santa Fe,2018-05-26,41,Rel. Dependencia,,9.4,213000.0,4,135000.0,N,,1,761000.0,1594000.0,0,5330000.0
CL202301042,2023,Mendoza Sur,Mendoza,11/02/2020,54,MT,,,138000.0,4,165000.0,1,629.0,1,406000.0,341000.0,0,830000.0
CL202300341,2023,Rosario Norte,Tucumán,27/10/2019,23,MT,,,109000.0,3,124000.0,No,805.0,2,363000.0,777000.0,1,2227000.0
CL202305308,2023,Córdoba Shopping,Córdoba,07/08/2017,63,s/d,222000.0,17.4,65000.0,2,127000.0,No,634.0,2,173000.0,254000.0,1,1041000.0
CL202300906,2023,Palermo,Neuquén,02/19/2016,62,relacion de dependencia,299000.0,18.7,57000.0,7,79000.0,0,649.0,0,331000.0,321000.0,1,543000.0
CL202300998,2023,Canal Digital,Neuquén,03/17/2021,47,informal,205000.0,12.0,119000.0,2,63.0,Sí,659.0,4,120000.0,198000.0,2,490000.0
CL202305919,2023,Microcentro,Salta,12/25/2020,39,changas,,6.6,50000.0,3,35000.0,0,607.0,1,72000.0,201000.0,0,941000.0
CL202306485,2023,Córdoba Shopping,Tucumán,11/05/2020,36,Informal,191000.0,5.4,97000.0,5,97000.0,No,527.0,1,105000.0,283000.0,0,478000.0
CL202302861,2023,Microcentro,Santa Fe,07/25/2020,40,monotrib.,,8.0,35000.0,2,116000.0,si,764.0,1,453000.0,1089000.0,0,4051000.0
CL202302341,2023,Canal Digital,Tucumán,01/03/2016,36,monotributo,568000.0,5.2,221000.0,4,241.0,Sí,543.0,1,373000.0,1192000.0,2,927000.0
CL202301867,2023,Palermo,Santa Fe,10/25/2019,46,s/d,,15.3,59000.0,2,48000.0,0,599.0,0,80000.0,212000.0,3,826000.0
CL202303448,2023,Rosario Norte,Mendoza,20/12/2019,45,Informal,160000.0,,105000.0,3,47000.0,si,,8,123000.0,331000.0,2,645000.0
CL202300576,2023,Mendoza Sur,Mendoza,13/02/2017,59,Relación de Dependencia,,16.9,38000.0,1,106000.0,0,640.0,1,173000.0,340000.0,1,648000.0
CL202301762,2023,Central,Córdoba,24/07/2016,32,monotributo,675000.0,,48000.0,4,236000.0,0,710.0,2,343000.0,917000.0,0,5181000.0
CL202303080,2023,La Plata,Mendoza,2016-02-17,33,RD,1844000.0,6.7,337000.0,2,97000.0,No,850.0,0,1113000.0,3630000.0,1,10396000.0
CL202302938,2023,Palermo,Córdoba,14/05/2019,26,Informal,156000.0,,72000.0,3,27000.0,Sí,592.0,1,0.0,249000.0,0,542000.0
CL202304267,2023,Canal Digital,Buenos Aires,2016-08-01,22,Relación de Dependencia,377000.0,2.7,59000.0,3,161.0,N,689.0,0,0.0,511000.0,0,989000.0
CL202305819,2023,Microcentro,Córdoba,10/06/2017,42,changas,113000.0,8.5,2000.0,5,45000.0,si,621.0,1,56000.0,143000.0,0,431000.0
CL202305325,2023,Microcentro,Tucumán,19/10/2018,39,s/d,172000.0,,48000.0,2,42000.0,No,698.0,1,137000.0,260000.0,0,452000.0
CL202304857,2023,Canal Digital,Tucumán,2020-02-24,42,changas,199000.0,,117000.0,3,82.0,Sí,559.0,2,128000.0,352000.0,3,1128000.0
CL202305989,2023,Rosario Norte,Tucumán,22/09/2021,55,Relación de Dependencia,1006000.0,17.0,253000.0,2,213000.0,S,700.0,0,306000.0,1169000.0,0,7229000.0
CL202301780,2023,Palermo,Córdoba,2017-03-23,25,monotrib.,484000.0,3.9,34000.0,3,182000.0,1,699.0,0,145000.0,942000.0,0,1864000.0
CL202301468,2023,Rosario Norte,Salta,2021-01-18,40,relacion de dependencia,1116000.0,6.9,233000.0,3,360000.0,no,752.0,1,416000.0,1519000.0,0,6928000.0
CL202300975,2023,Canal Digital,CABA,17/10/2020,24,RD,1064000.0,8.9,183000.0,5,232.0,no,701.0,0,740000.0,2005000.0,0,5013000.0
CL202304346,2023,Mendoza Sur,Santa Fe,10/23/2016,26,MT,351000.0,,134000.0,3,94000.0,0,581.0,0,226000.0,510000.0,0,2036000.0
CL202305533,2023,Central,Tucumán,2021-06-29,65,monotributo,412000.0,18.3,54000.0,2,125000.0,N,678.0,0,346000.0,582000.0,0,1404000.0
CL202304658,2023,Microcentro,CABA,2021-12-06,24,monotributo,291000.0,1.9,210000.0,3,122000.0,S,513.0,4,281000.0,631000.0,4,1721000.0
CL202303986,2023,Rosario Norte,CABA,05/11/2016,39,relacion de dependencia,300000.0,13.7,86000.0,2,97000.0,no,713.0,2,142000.0,355000.0,0,1642000.0
CL202306487,2023,Palermo,CABA,01/07/2018,51,relacion de dependencia,620000.0,9.0,18000.0,3,148000.0,no,711.0,1,249000.0,1208000.0,0,3943000.0
CL202305166,2023,La Plata,Neuquén,2020-07-15,36,Rel. Dependencia,828000.0,8.6,44000.0,6,170000.0,no,735.0,0,420000.0,1377000.0,1,2214000.0
CL202301523,2023,Mendoza Sur,Tucumán,31/01/2017,43,Relación de Dependencia,459000.0,15.5,142000.0,5,151000.0,No,650.0,0,99000.0,380000.0,0,1580000.0
CL202306464,2023,La Plata,Buenos Aires,22/02/2020,30,monotrib.,266000.0,,39000.0,1,89000.0,No,662.0,0,136000.0,239000.0,1,2113000.0
CL202300820,2023,Canal Digital,Buenos Aires,2017-09-02,45,MT,701000.0,,140000.0,2,303.0,no,684.0,0,189000.0,891000.0,0,1635000.0
CL202301010,2023,Mendoza Sur,Córdoba,29/05/2020,55,RD,497000.0,14.5,91000.0,4,98000.0,si,710.0,1,273000.0,962000.0,0,2459000.0
CL202303454,2023,La Plata,Mendoza,29/11/2020,34,RD,695000.0,8.3,157000.0,3,215000.0,0,632.0,1,236000.0,918000.0,0,3356000.0
CL202300550,2023,La Plata,Santa Fe,02/02/2016,48,MT,5180000.0,11.2,288000.0,1,151000.0,si,610.0,1,0.0,620000.0,2,3771000.0
CL202305442,2023,Canal Digital,CABA,2016-04-29,31,Informal,850000.0,10.1,181000.0,1,189.0,no,822.0,1,329000.0,890000.0,0,3952000.0
CL202306460,2023,Córdoba Shopping,Tucumán,2018-01-27,29,Monotributo,,4.6,208000.0,3,298000.0,N,689.0,1,419000.0,1454000.0,0,4524000.0
CL202300204,2023,La Plata,Neuquén,09/01/2018,25,monotrib.,352000.0,0.0,115000.0,2,152000.0,Sí,567.0,2,189000.0,385000.0,1,964000.0
CL202300978,2023,La Plata,Santa Fe,01/10/2017,28,Rel. Dependencia,,9.1,124000.0,3,138000.0,1,606.0,1,264000.0,288000.0,1,899000.0
CL202304572,2023,Central,Mendoza,2016-12-09,39,RD,519000.0,12.6,44000.0,4,309000.0,no,692.0,0,279000.0,868000.0,0,3362000.0
CL202303907,2023,Rosario Norte,Tucumán,2020-02-17,51,MT,,,120000.0,3,210000.0,0,748.0,1,256000.0,1334000.0,0,1629000.0
CL202301021,2023,La Plata,Córdoba,13/09/2018,35,Informal,122000.0,6.4,46000.0,1,13000.0,S,609.0,2,75000.0,213000.0,0,528000.0
CL202300290,2023,Canal Digital,CABA,01/12/2017,53,relacion de dependencia,,15.9,140000.0,5,401.0,no,697.0,3,713000.0,2648000.0,2,8982000.0
CL202303800,2023,Córdoba Shopping,Salta,18/08/2020,44,Rel. Dependencia,,12.2,372000.0,2,172000.0,0,,1,405000.0,787000.0,1,3938000.0
CL202306758,2023,Central,Salta,15/05/2021,53,Monotributo,738000.0,10.9,177000.0,4,222000.0,no,686.0,0,644000.0,607000.0,0,2590000.0
CL202305240,2023,Central,CABA,10/31/2018,50,monotrib.,,,127000.0,2,58000.0,Sí,601.0,1,72000.0,412000.0,0,1291000.0
CL202302477,2023,Microcentro,Buenos Aires,2017-01-21,18,changas,,2.4,49000.0,4,90000.0,si,716.0,0,85000.0,452000.0,0,1735000.0
CL202303476,2023,Córdoba Shopping,Córdoba,02/09/2016,35,relacion de dependencia,366000.0,13.7,66000.0,3,128000.0,1,,1,160000.0,429000.0,2,2350000.0
CL202305579,2023,La Plata,Buenos Aires,2017-07-29,42,Rel. Dependencia,347000.0,8.5,98000.0,6,86000.0,1,612.0,0,225000.0,672000.0,0,1691000.0
CL202302818,2023,Mendoza Sur,Santa Fe,2018-10-06,34,MT,1123000.0,8.5,132000.0,2,5000.0,0,708.0,1,596000.0,1942000.0,0,8906000.0
CL202301072,2023,Mendoza Sur,Salta,28/07/2020,44,monotrib.,1428000.0,,155000.0,2,594000.0,no,739.0,1,1111000.0,1704000.0,1,4030000.0
CL202304494,2023,La Plata,Santa Fe,12/01/2016,26,monotrib.,618000.0,5.1,29000.0,5,213000.0,si,698.0,0,353000.0,1241000.0,0,4767000.0
CL202305002,2023,Canal Digital,Mendoza,12/09/2020,26,Monotributo,358000.0,,121000.0,4,103.0,No,709.0,1,180000.0,542000.0,1,1345000.0
CL202303645,2023,Central,CABA,2020-06-28,54,MT,447000.0,16.4,106000.0,2,205000.0,0,719.0,1,401000.0,492000.0,1,2075000.0
CL202305539,2023,Palermo,Córdoba,19/11/2019,32,RD,482000.0,5.8,197000.0,8,65000.0,si,615.0,0,179000.0,896000.0,0,2505000.0
CL202304013,2023,La Plata,Santa Fe,13/11/2019,38,Monotributo,587000.0,6.2,181000.0,1,24000.0,Sí,671.0,2,389000.0,572000.0,1,4092000.0
CL202306299,2023,Rosario Norte,Salta,15/04/2021,44,monotrib.,,,178000.0,5,176000.0,N,740.0,0,191000.0,2495000.0,0,3603000.0
CL202304696,2023,Central,Mendoza,03/02/2016,28,MT,785000.0,0.0,202000.0,2,348000.0,no,619.0,2,369000.0,1474000.0,0,5256000.0
CL202303743,2023,Rosario Norte,Buenos Aires,24/10/2020,46,MT,870000.0,,94000.0,3,280000.0,N,715.0,2,318000.0,1868000.0,0,3163000.0
CL202304396,2023,Córdoba Shopping,Neuquén,2017-03-26,33,MT,334000.0,,68000.0,5,125000.0,No,626.0,3,129000.0,503000.0,0,1686000.0
CL202302972,2023,La Plata,Santa Fe,10/02/2016,31,MT,621000.0,2.1,42000.0,3,200000.0,no,715.0,0,366000.0,1260000.0,0,1718000.0
CL202302859,2023,Palermo,CABA,2020-05-06,44,Informal,,12.0,200000.0,5,86000.0,S,556.0,6,150000.0,396000.0,4,459000.0
CL202301654,2023,Córdoba Shopping,Santa Fe,2016-01-16,26,Relación de Dependencia,648000.0,1.5,67000.0,5,144000.0,no,682.0,0,459000.0,1074000.0,1,2623000.0
CL202301135,2023,Palermo,Tucumán,17/12/2019,47,informal,,8.9,54000.0,3,58000.0,Sí,630.0,0,117000.0,406000.0,0,311000.0
CL202302182,2023,Palermo,Salta,2021-08-09,18,Rel. Dependencia,1022000.0,7.3,171000.0,6,303000.0,Sí,762.0,1,540000.0,1453000.0,0,4604000.0
CL202305739,2023,Canal Digital,Mendoza,11/25/2018,43,changas,90000.0,11.4,46000.0,3,29.0,no,682.0,3,88000.0,140000.0,2,493000.0
CL202301584,2023,Mendoza Sur,Tucumán,11/07/2016,53,MT,,,309000.0,4,151000.0,no,761.0,1,1053000.0,1642000.0,0,11727000.0
CL202301379,2023,Rosario Norte,Tucumán,01/02/2018,31,Rel. Dependencia,,4.5,358000.0,3,426000.0,0,624.0,2,277000.0,2381000.0,2,2638000.0
CL202304161,2023,Mendoza Sur,Tucumán,2018-02-11,40,relacion de dependencia,,14.4,327000.0,3,62000.0,Sí,634.0,3,287000.0,805000.0,2,1643000.0
CL202305597,2023,Palermo,CABA,2016-12-17,35,Rel. Dependencia,558000.0,6.9,48000.0,4,31000.0,No,708.0,1,202000.0,524000.0,2,1361000.0
CL202302199,2023,Palermo,Córdoba,24/08/2018,49,informal,349000.0,,80000.0,5,160000.0,Sí,646.0,0,56000.0,628000.0,0,2082000.0
CL202305200,2023,Canal Digital,Salta,24/11/2017,33,monotrib.,,5.5,141000.0,1,76.0,S,647.0,2,122000.0,330000.0,0,807000.0
CL202302588,2023,Canal Digital,Mendoza,06/09/2017,18,Informal,178000.0,0.8,53000.0,4,43.0,N,665.0,1,101000.0,179000.0,0,765000.0
CL202302727,2023,Córdoba Shopping,Buenos Aires,2016-12-09,56,monotrib.,628000.0,15.6,84000.0,2,162000.0,Sí,,2,83000.0,639000.0,1,1693000.0
CL202301111,2023,Central,Tucumán,28/04/2018,54,Relación de Dependencia,974000.0,12.3,107000.0,5,422000.0,1,704.0,0,35000.0,1574000.0,0,7194000.0
CL202301538,2023,Microcentro,Santa Fe,2018-05-19,28,MT,433000.0,,63000.0,1,139000.0,no,666.0,2,322000.0,656000.0,0,1366000.0
CL202300516,2023,Microcentro,Salta,19/11/2019,43,Rel. Dependencia,574000.0,13.4,131000.0,6,115000.0,0,682.0,0,295000.0,1246000.0,1,2078000.0
CL202306630,2023,Palermo,Buenos Aires,11/01/2018,31,relacion de dependencia,291000.0,7.0,48000.0,6,77000.0,N,683.0,1,271000.0,574000.0,0,762000.0
CL202300549,2023,Rosario Norte,Tucumán,20/12/2019,36,relacion de dependencia,663000.0,3.3,102000.0,5,203000.0,No,653.0,1,286000.0,884000.0,2,3694000.0
CL202306729,2023,Microcentro,Salta,2020-12-09,57,Informal,140000.0,14.0,66000.0,1,49000.0,si,563.0,0,82000.0,254000.0,1,352000.0
CL202304663,2023,Mendoza Sur,Mendoza,03/07/2017,22,monotrib.,491000.0,,112000.0,2,60000.0,si,711.0,3,282000.0,547000.0,1,3169000.0
CL202306649,2023,Palermo,Santa Fe,04/02/2017,51,s/d,,14.7,37000.0,3,148000.0,0,690.0,1,160000.0,578000.0,1,1558000.0
CL202302441,2023,Palermo,Salta,25/10/2018,59,Rel. Dependencia,1365000.0,18.8,279000.0,4,468000.0,no,715.0,1,791000.0,2302000.0,1,9701000.0
CL202306518,2023,Mendoza Sur,Salta,2016-08-13,44,informal,238000.0,11.7,66000.0,4,67000.0,0,683.0,0,74000.0,309000.0,2,361000.0
CL202306752,2023,Central,Mendoza,07/28/2016,51,Relación de Dependencia,553000.0,14.6,92000.0,7,134000.0,N,715.0,0,428000.0,971000.0,0,2625000.0
CL202300086,2023,Mendoza Sur,CABA,2019-10-17,63,RD,784000.0,15.3,82000.0,3,253000.0,N,644.0,1,834000.0,1180000.0,0,1448000.0
CL202306549,2023,Rosario Norte,Tucumán,28/07/2019,43,MT,,,240000.0,4,135000.0,S,495.0,3,109000.0,654000.0,1,987000.0
CL202302566,2023,Palermo,Tucumán,11/11/2016,60,informal,509000.0,,73000.0,3,139000.0,N,792.0,0,303000.0,586000.0,0,4070000.0
CL202303576,2023,Palermo,Santa Fe,10/07/2021,49,informal,,8.3,28000.0,4,86000.0,N,745.0,2,189000.0,538000.0,1,1157000.0
CL202306573,2023,Palermo,Neuquén,02/22/2021,21,Rel. Dependencia,742000.0,4.8,94000.0,4,332000.0,No,642.0,0,666000.0,1069000.0,0,5185000.0
CL202305206,2023,Microcentro,Buenos Aires,2016-11-17,33,Relación de Dependencia,601000.0,13.0,130000.0,7,228000.0,N,708.0,1,357000.0,1065000.0,0,4247000.0
CL202304527,2023,Central,Salta,24/01/2020,27,relacion de dependencia,1491000.0,3.9,301000.0,2,515000.0,N,744.0,0,837000.0,2138000.0,0,11425000.0
CL202302969,2023,Microcentro,Mendoza,03/02/2016,33,monotributo,413000.0,2.1,88000.0,3,134000.0,0,650.0,2,277000.0,842000.0,0,1884000.0
CL202306090,2023,Córdoba Shopping,Tucumán,2018-10-08,32,monotrib.,163000.0,2.2,89000.0,4,5000.0,S,573.0,2,70000.0,158000.0,2,532000.0
CL202304942,2023,La Plata,Córdoba,11/05/2021,56,Relación de Dependencia,403000.0,14.0,156000.0,3,66000.0,1,610.0,2,17000.0,875000.0,1,1149000.0
CL202305555,2023,Rosario Norte,Neuquén,18/11/2017,44,relacion de dependencia,593000.0,13.9,128000.0,4,193000.0,N,667.0,1,310000.0,1280000.0,2,2996000.0
CL202300198,2023,Rosario Norte,Córdoba,2016-04-27,64,relacion de dependencia,827000.0,13.0,179000.0,5,311000.0,0,704.0,1,348000.0,736000.0,0,1521000.0
CL202304748,2023,Microcentro,Mendoza,05/09/2016,48,MT,339000.0,9.3,154000.0,4,96000.0,S,633.0,2,94000.0,392000.0,2,1646000.0
CL202301031,2023,Central,Buenos Aires,09/10/2020,38,Monotributo,626000.0,5.2,109000.0,2,341000.0,0,745.0,1,286000.0,581000.0,0,4405000.0
CL202306077,2023,Microcentro,Tucumán,15/02/2018,39,Relación de Dependencia,383000.0,8.0,26000.0,3,91000.0,Sí,670.0,0,123000.0,783000.0,0,1566000.0
CL202300336,2023,Microcentro,Neuquén,12/04/2017,56,informal,221000.0,12.7,58000.0,5,76000.0,S,635.0,1,130000.0,300000.0,0,829000.0
CL202304769,2023,Rosario Norte,CABA,08/07/2017,41,relacion de dependencia,434000.0,9.6,119000.0,5,119000.0,No,597.0,0,294000.0,406000.0,0,1466000.0
CL202303408,2023,Canal Digital,Tucumán,21/07/2021,36,Relación de Dependencia,,11.7,257000.0,5,447.0,no,717.0,1,330000.0,3092000.0,0,7050000.0
CL202301180,2023,Microcentro,Tucumán,27/08/2016,18,relacion de dependencia,,0.2,93000.0,5,157000.0,No,705.0,0,298000.0,900000.0,0,3605000.0
CL202304547,2023,Central,Córdoba,02/04/2021,39,monotributo,,11.6,99000.0,1,79000.0,N,700.0,0,474000.0,1491000.0,0,3432000.0
CL202306021,2023,La Plata,Buenos Aires,06/15/2016,42,RD,607000.0,12.1,115000.0,5,167000.0,No,700.0,2,341000.0,757000.0,0,4381000.0
CL202300062,2023,Palermo,Tucumán,2020-06-28,39,RD,,6.6,181000.0,4,205000.0,1,608.0,2,105000.0,944000.0,0,973000.0
CL202300569,2023,Córdoba Shopping,Tucumán,01/08/2016,50,MT,,14.1,77000.0,4,147000.0,no,,0,268000.0,950000.0,0,2623000.0
CL202305945,2023,Mendoza Sur,CABA,12/11/2017,50,relacion de dependencia,455000.0,11.7,54000.0,3,139000.0,Sí,,0,148000.0,463000.0,1,3029000.0
CL202304091,2023,Córdoba Shopping,Salta,05/03/2018,62,informal,,16.2,23000.0,1,60000.0,No,744.0,2,52000.0,228000.0,0,793000.0
CL202305658,2023,Central,Salta,03/03/2018,38,Relación de Dependencia,1100000.0,0.7,127000.0,4,102000.0,N,744.0,0,752000.0,2287000.0,0,6857000.0
CL202301578,2023,Rosario Norte,Santa Fe,09/16/2021,26,Relación de Dependencia,1474000.0,6.3,244000.0,4,451000.0,No,769.0,0,496000.0,1329000.0,0,2750000.0
CL202303944,2023,Córdoba Shopping,Neuquén,06/02/2017,46,RD,597000.0,11.7,146000.0,3,262000.0,N,727.0,1,400000.0,1184000.0,1,1047000.0
CL202303425,2023,Microcentro,Tucumán,09/12/2020,31,relacion de dependencia,,8.2,78000.0,4,159000.0,0,623.0,1,148000.0,934000.0,0,3677000.0
CL202305604,2023,Palermo,Tucumán,13/10/2019,25,monotributo,366000.0,0.0,97000.0,3,142000.0,Sí,655.0,2,48000.0,766000.0,0,2006000.0
CL202303922,2023,Rosario Norte,CABA,2016-07-05,44,Rel. Dependencia,,16.2,126000.0,3,614000.0,S,791.0,0,846000.0,1941000.0,0,10845000.0
CL202306350,2023,Canal Digital,CABA,04/09/2016,33,relacion de dependencia,2804000.0,10.3,362000.0,7,959.0,No,748.0,2,1380000.0,5416000.0,0,7259000.0
CL202302982,2023,Canal Digital,Córdoba,11/05/2017,49,MT,583000.0,11.7,278000.0,4,170.0,1,,1,510000.0,909000.0,1,3668000.0
CL202304837,2023,Mendoza Sur,Mendoza,23/10/2020,28,s/d,,,181000.0,4,106000.0,Sí,600.0,2,186000.0,410000.0,3,1333000.0
CL202305194,2023,Córdoba Shopping,Neuquén,29/12/2017,32,Monotributo,247000.0,,56000.0,2,90000.0,Sí,688.0,1,153000.0,218000.0,1,1133000.0
CL202303647,2023,Rosario Norte,Santa Fe,12/05/2021,51,monotributo,426000.0,,84000.0,3,156000.0,si,741.0,0,540000.0,866000.0,0,2673000.0
CL202300558,2023,Córdoba Shopping,CABA,2017-12-10,35,informal,,,131000.0,6,67000.0,si,542.0,1,147000.0,393000.0,0,1889000.0
CL202300897,2023,Palermo,Neuquén,03/07/2017,54,monotrib.,535000.0,12.8,77000.0,5,65000.0,no,659.0,0,73000.0,588000.0,0,1827000.0
CL202304269,2023,Rosario Norte,Córdoba,20/12/2020,53,RD,505000.0,16.1,215000.0,8,246000.0,Sí,,3,294000.0,969000.0,0,3961000.0
CL202301903,2023,La Plata,Salta,03/01/2020,37,RD,583000.0,9.5,75000.0,5,329000.0,0,850.0,0,522000.0,891000.0,0,2563000.0
CL202301796,2023,Microcentro,Tucumán,2020-01-17,32,relacion de dependencia,,11.0,382000.0,3,57000.0,Sí,569.0,1,523000.0,1210000.0,1,2422000.0
CL202301124,2023,Microcentro,Salta,15/08/2019,28,monotributo,220000.0,,111000.0,4,48000.0,si,637.0,3,89000.0,266000.0,2,342000.0
CL202300498,2023,La Plata,Córdoba,2020-08-27,45,relacion de dependencia,740000.0,12.4,267000.0,3,331000.0,0,677.0,1,408000.0,1268000.0,0,3294000.0
CL202301251,2023,Rosario Norte,Salta,2018-11-27,18,MT,301000.0,,100000.0,5,87000.0,No,616.0,0,0.0,420000.0,1,588000.0
CL202306604,2023,Rosario Norte,Buenos Aires,2016-01-18,52,Relación de Dependencia,1840000.0,16.7,612000.0,8,580000.0,N,659.0,1,745000.0,2107000.0,1,8389000.0
CL202305064,2023,Mendoza Sur,Salta,31/08/2017,51,relacion de dependencia,721000.0,14.3,110000.0,6,70000.0,no,646.0,0,101000.0,582000.0,0,1723000.0
CL202303445,2023,Mendoza Sur,Mendoza,11/06/2016,47,changas,238000.0,12.1,143000.0,1,76000.0,1,568.0,0,141000.0,257000.0,0,968000.0
CL202301849,2023,Canal Digital,Buenos Aires,03/20/2019,23,Relación de Dependencia,504000.0,1.0,161000.0,5,196.0,0,616.0,0,379000.0,630000.0,0,3263000.0
CL202302559,2023,Microcentro,Santa Fe,2016-10-26,45,relacion de dependencia,,14.9,231000.0,6,688000.0,no,668.0,2,1090000.0,2618000.0,0,4263000.0
CL202301993,2023,Córdoba Shopping,Salta,13/03/2020,18,relacion de dependencia,591000.0,0.0,289000.0,4,199000.0,0,613.0,0,299000.0,739000.0,1,1745000.0
CL202302630,2023,Mendoza Sur,Córdoba,05/05/2021,65,relacion de dependencia,517000.0,14.2,181000.0,4,188000.0,0,656.0,0,230000.0,678000.0,2,1481000.0
CL202301092,2023,Canal Digital,Salta,08/02/2021,46,Relación de Dependencia,,,218000.0,2,238.0,S,619.0,0,224000.0,578000.0,1,2123000.0
CL202306539,2023,Central,Salta,19/07/2017,44,RD,551000.0,13.1,319000.0,3,196000.0,si,592.0,1,74000.0,582000.0,1,3282000.0
CL202302097,2023,Central,Córdoba,25/02/2020,41,changas,97000.0,,46000.0,4,36000.0,0,640.0,1,48000.0,195000.0,2,382000.0
CL202303129,2023,Canal Digital,Santa Fe,2016-03-31,33,RD,808000.0,13.4,304000.0,6,276.0,S,679.0,0,469000.0,718000.0,0,5596000.0
CL202303320,2023,Microcentro,Neuquén,17/06/2016,57,s/d,379000.0,16.3,109000.0,2,63000.0,N,613.0,2,73000.0,742000.0,0,2646000.0
CL202302188,2023,Canal Digital,Santa Fe,2017-10-09,64,relacion de dependencia,1394000.0,16.0,242000.0,4,415.0,N,707.0,2,955000.0,2474000.0,0,5475000.0
CL202306697,2023,Mendoza Sur,Santa Fe,2019-11-15,30,Rel. Dependencia,,3.0,151000.0,5,318000.0,No,693.0,1,620000.0,1291000.0,0,4366000.0
CL202304930,2023,Mendoza Sur,Santa Fe,21/12/2019,46,informal,90000.0,,48000.0,3,29000.0,si,545.0,2,49000.0,197000.0,0,632000.0
CL202305006,2023,Rosario Norte,CABA,15/06/2016,25,Rel. Dependencia,1064000.0,9.3,331000.0,4,566000.0,No,656.0,1,790000.0,1375000.0,0,4475000.0
CL202303035,2023,Córdoba Shopping,Neuquén,06/06/2019,28,informal,251000.0,3.5,147000.0,2,21000.0,1,,3,98000.0,320000.0,0,1654000.0
CL202303568,2023,Canal Digital,Buenos Aires,17/10/2019,20,relacion de dependencia,615000.0,4.5,107000.0,1,104.0,no,761.0,1,279000.0,949000.0,1,3369000.0
CL202304949,2023,Palermo,CABA,01/09/2020,46,relacion de dependencia,683000.0,18.8,73000.0,3,203000.0,N,724.0,1,431000.0,1079000.0,0,5400000.0
CL202306501,2023,La Plata,Salta,02/17/2018,62,RD,910000.0,19.0,96000.0,6,336000.0,No,750.0,2,563000.0,1969000.0,1,6130000.0
CL202303206,2023,Central,Buenos Aires,27/04/2020,56,relacion de dependencia,402000.0,14.1,101000.0,3,133000.0,no,713.0,2,0.0,472000.0,0,2164000.0
CL202305572,2023,Palermo,Buenos Aires,28/08/2021,27,Rel. Dependencia,750000.0,5.4,68000.0,2,324000.0,0,768.0,0,231000.0,973000.0,0,2830000.0
CL202300389,2023,Mendoza Sur,Córdoba,11/23/2020,24,monotributo,380000.0,,174000.0,2,36000.0,Sí,626.0,1,211000.0,618000.0,2,2511000.0
CL202302920,2023,La Plata,Mendoza,2018-06-02,39,RD,1665000.0,9.5,444000.0,5,725000.0,No,597.0,1,964000.0,3568000.0,0,8730000.0
CL202305000,2023,Canal Digital,Salta,11/07/2019,47,Informal,135000.0,7.9,91000.0,5,36.0,S,550.0,1,99000.0,163000.0,1,360000.0
CL202305612,2023,Palermo,Santa Fe,01/02/2020,74,Monotributo,1081000.0,23.0,192000.0,4,225000.0,no,685.0,2,642000.0,2011000.0,0,2657000.0
CL202300162,2023,Palermo,CABA,04/02/2019,57,changas,750000.0,,138000.0,3,355000.0,si,689.0,1,233000.0,738000.0,1,3572000.0
CL202304650,2023,Microcentro,Córdoba,04/09/2018,29,Rel. Dependencia,844000.0,5.9,102000.0,4,328000.0,N,,1,261000.0,1378000.0,0,4089000.0
CL202305613,2023,Córdoba Shopping,Córdoba,22/04/2021,38,Informal,207000.0,,36000.0,2,89000.0,0,687.0,0,77000.0,294000.0,1,774000.0
CL202306712,2023,Mendoza Sur,Santa Fe,04/12/2017,55,relacion de dependencia,1311000.0,15.2,456000.0,8,260000.0,S,,2,546000.0,1144000.0,0,2875000.0
CL202303125,2023,Córdoba Shopping,Santa Fe,24/10/2020,46,Rel. Dependencia,,,122000.0,4,269000.0,no,695.0,0,308000.0,676000.0,0,5097000.0
CL202300781,2023,Mendoza Sur,CABA,02/24/2020,38,Relación de Dependencia,1016000.0,3.5,76000.0,4,308000.0,no,727.0,0,367000.0,1084000.0,0,7643000.0
CL202301675,2023,Microcentro,Tucumán,2018-08-25,36,informal,140000.0,9.5,46000.0,1,34000.0,No,658.0,0,70000.0,280000.0,0,487000.0
CL202304504,2023,Rosario Norte,Córdoba,2018-10-12,41,Monotributo,968000.0,5.8,106000.0,2,398000.0,0,781.0,1,431000.0,2114000.0,0,5649000.0
CL202304513,2023,Palermo,Mendoza,03/02/2020,61,Informal,,15.3,51000.0,2,56000.0,No,,0,223000.0,305000.0,1,2236000.0
CL202305851,2023,Palermo,Buenos Aires,19/08/2021,36,Relación de Dependencia,860000.0,8.8,461000.0,2,176000.0,1,608.0,1,0.0,873000.0,3,1589000.0
CL202302032,2023,Rosario Norte,Tucumán,18/02/2017,40,RD,511000.0,13.4,225000.0,4,79000.0,si,,0,614000.0,679000.0,0,864000.0
CL202300310,2023,Canal Digital,Mendoza,16/04/2017,47,informal,247000.0,,107000.0,3,55.0,S,606.0,4,206000.0,469000.0,0,1521000.0
CL202306184,2023,Central,Buenos Aires,2018-06-04,33,Rel. Dependencia,700000.0,10.1,90000.0,3,383000.0,no,711.0,1,147000.0,1497000.0,0,4000000.0
CL202301807,2023,Central,Buenos Aires,01/07/2019,39,Monotributo,203000.0,8.6,101000.0,2,73000.0,si,597.0,2,187000.0,210000.0,1,519000.0
CL202302201,2023,La Plata,Santa Fe,2018-01-09,18,MT,,,48000.0,4,27000.0,N,624.0,4,94000.0,198000.0,0,1329000.0
CL202300849,2023,Microcentro,Tucumán,20/02/2019,49,Relación de Dependencia,,14.6,90000.0,4,393000.0,Sí,658.0,2,823000.0,2188000.0,0,6232000.0
CL202302699,2023,Córdoba Shopping,Buenos Aires,16/11/2019,46,monotributo,384000.0,7.7,114000.0,6,133000.0,1,694.0,0,226000.0,498000.0,1,2845000.0
CL202300962,2023,Microcentro,Tucumán,11/14/2017,55,relacion de dependencia,813000.0,16.7,92000.0,5,191000.0,no,782.0,0,342000.0,1729000.0,1,1520000.0
CL202305751,2023,Canal Digital,Neuquén,06/06/2017,35,Informal,96000.0,,48000.0,2,42.0,no,600.0,3,107000.0,162000.0,0,530000.0
CL202305722,2023,La Plata,CABA,18/01/2017,38,MT,460000.0,,355000.0,3,70000.0,Sí,579.0,6,420000.0,685000.0,7,3106000.0
CL202303400,2023,La Plata,CABA,25/12/2020,31,s/d,224000.0,5.9,111000.0,2,75000.0,Sí,606.0,2,110000.0,491000.0,0,691000.0
CL202305088,2023,La Plata,CABA,24/06/2017,37,RD,744000.0,7.9,272000.0,3,281000.0,No,578.0,1,424000.0,768000.0,0,2895000.0
CL202306787,2023,Rosario Norte,Santa Fe,03/02/2020,38,Relación de Dependencia,1111000.0,11.9,238000.0,3,330000.0,Sí,689.0,2,654000.0,1696000.0,0,8382000.0
CL202300521,2023,Canal Digital,Salta,2021-03-24,30,s/d,209000.0,3.5,51000.0,4,93.0,si,621.0,0,98000.0,218000.0,0,881000.0
CL202301091,2023,Rosario Norte,Neuquén,02/04/2017,59,Informal,173000.0,10.4,68000.0,2,39000.0,S,616.0,0,72000.0,159000.0,1,296000.0
CL202303526,2023,Palermo,CABA,04/01/2018,38,monotrib.,604000.0,7.9,271000.0,4,205000.0,No,567.0,0,441000.0,706000.0,1,1489000.0
CL202304522,2023,Rosario Norte,Salta,2018-10-09,53,relacion de dependencia,967000.0,16.5,98000.0,4,173000.0,Sí,716.0,2,748000.0,1019000.0,0,1842000.0
CL202304084,2023,Rosario Norte,CABA,2021-10-22,68,Relación de Dependencia,567000.0,19.4,107000.0,4,186000.0,N,731.0,1,223000.0,929000.0,0,3627000.0
CL202305718,2023,Canal Digital,Mendoza,04/11/2017,18,Relación de Dependencia,611000.0,3.2,49000.0,6,151.0,S,779.0,1,217000.0,736000.0,1,2692000.0
CL202306072,2023,Central,Tucumán,2020-04-17,30,Informal,197000.0,,95000.0,3,90000.0,N,589.0,2,109000.0,190000.0,0,1535000.0
CL202302029,2023,Córdoba Shopping,Tucumán,07/05/2019,46,Informal,198000.0,,90000.0,2,66000.0,Sí,524.0,4,145000.0,169000.0,1,1219000.0
CL202305044,2023,Canal Digital,Buenos Aires,26/03/2016,18,Relación de Dependencia,486000.0,0.0,36000.0,4,135.0,N,,2,40000.0,674000.0,0,2430000.0
CL202300019,2023,Canal Digital,Buenos Aires,2021-01-09,47,MT,336000.0,14.7,69000.0,2,144.0,N,747.0,3,244000.0,544000.0,1,2628000.0
CL202304958,2023,Córdoba Shopping,Mendoza,30/11/2016,18,changas,338000.0,0.0,52000.0,4,46000.0,0,631.0,1,0.0,367000.0,0,1656000.0
CL202301576,2023,La Plata,Mendoza,2020-01-30,47,relacion de dependencia,1518000.0,11.9,198000.0,1,378000.0,N,684.0,0,678000.0,2155000.0,0,3323000.0
CL202302439,2023,La Plata,Buenos Aires,2018-03-24,41,Relación de Dependencia,,12.7,124000.0,5,244000.0,0,,1,357000.0,1408000.0,2,3460000.0
CL202302854,2023,Mendoza Sur,Salta,27/09/2018,38,Rel. Dependencia,,10.5,250000.0,7,344000.0,0,718.0,1,693000.0,1508000.0,0,2165000.0
CL202304559,2023,Central,Salta,26/10/2020,27,Relación de Dependencia,,7.5,137000.0,2,281000.0,no,628.0,0,142000.0,762000.0,1,1588000.0
CL202301871,2023,Rosario Norte,Tucumán,26/09/2020,57,s/d,229000.0,11.5,67000.0,5,97000.0,1,636.0,3,157000.0,320000.0,0,1760000.0
CL202300385,2023,Rosario Norte,Tucumán,10/27/2016,52,RD,767000.0,12.3,278000.0,2,240000.0,No,537.0,2,503000.0,842000.0,0,5792000.0
CL202302053,2023,Central,Córdoba,14/07/2021,54,Relación de Dependencia,720000.0,21.3,155000.0,4,229000.0,No,,0,563000.0,1453000.0,1,5266000.0
CL202305915,2023,Central,CABA,09/06/2016,22,RD,1154000.0,2.5,218000.0,3,411000.0,1,659.0,1,510000.0,1202000.0,1,6093000.0
CL202303580,2023,La Plata,Salta,31/12/2017,40,monotributo,621000.0,7.0,154000.0,5,156000.0,No,627.0,1,341000.0,1251000.0,0,2496000.0
CL202301383,2023,Rosario Norte,Santa Fe,11/14/2021,21,monotrib.,428000.0,6.0,88000.0,5,235000.0,N,608.0,1,301000.0,883000.0,0,3026000.0
CL202302615,2023,Córdoba Shopping,Santa Fe,13/07/2020,59,Monotributo,515000.0,,116000.0,3,126000.0,0,695.0,0,399000.0,432000.0,1,2460000.0
CL202300312,2023,La Plata,Buenos Aires,2018-03-26,51,MT,,11.3,107000.0,3,154000.0,N,606.0,0,152000.0,642000.0,0,2085000.0
CL202300819,2023,Central,Neuquén,12/30/2017,27,RD,973000.0,2.4,307000.0,6,229000.0,N,659.0,2,484000.0,1394000.0,0,3867000.0
CL202306112,2023,La Plata,Córdoba,07/30/2018,51,MT,595000.0,11.7,98000.0,5,164000.0,0,720.0,2,166000.0,1135000.0,1,2977000.0
CL202300485,2023,Central,Tucumán,2016-05-16,36,Relación de Dependencia,561000.0,10.4,211000.0,3,193000.0,si,620.0,4,366000.0,621000.0,0,3366000.0
CL202304847,2023,Rosario Norte,Mendoza,2017-01-20,50,relacion de dependencia,564000.0,,172000.0,4,246000.0,1,631.0,1,199000.0,571000.0,0,1783000.0
CL202305280,2023,Palermo,Neuquén,06/03/2017,41,Relación de Dependencia,376000.0,7.8,24000.0,3,5000.0,S,631.0,0,266000.0,572000.0,0,896000.0
CL202300388,2023,Rosario Norte,Salta,17/11/2016,26,relacion de dependencia,1083000.0,6.0,101000.0,3,301000.0,Sí,738.0,0,849000.0,1616000.0,1,3965000.0
CL202303167,2023,Córdoba Shopping,Neuquén,01/04/2021,31,Relación de Dependencia,,9.6,260000.0,3,92000.0,N,,1,381000.0,1830000.0,1,5913000.0
CL202306745,2023,La Plata,CABA,11/03/2020,55,Monotributo,444000.0,,277000.0,1,158000.0,1,601.0,2,341000.0,647000.0,1,1957000.0
CL202302318,2023,Palermo,Neuquén,21/09/2017,42,Relación de Dependencia,1124000.0,9.6,121000.0,6,347000.0,no,822.0,2,788000.0,2057000.0,0,8319000.0
CL202306046,2023,Rosario Norte,Salta,2019-08-22,53,RD,916000.0,15.7,620000.0,5,304000.0,Sí,576.0,3,672000.0,1433000.0,5,4039000.0
CL202300209,2023,Palermo,Tucumán,2019-06-23,49,monotributo,,,49000.0,4,283000.0,0,828.0,0,325000.0,1129000.0,0,1004000.0
CL202305632,2023,Central,CABA,11/02/2018,48,Relación de Dependencia,,,308000.0,7,553000.0,No,658.0,0,923000.0,1635000.0,0,2810000.0
CL202300890,2023,Microcentro,CABA,01/10/2019,47,Rel. Dependencia,,14.1,302000.0,5,398000.0,N,713.0,1,1236000.0,2071000.0,0,2538000.0
CL202306686,2023,Mendoza Sur,Salta,2017-01-26,55,Relación de Dependencia,538000.0,13.1,173000.0,6,43000.0,N,720.0,0,219000.0,1035000.0,0,2379000.0
CL202305090,2023,Mendoza Sur,Salta,2017-06-01,40,monotrib.,,8.6,116000.0,3,256000.0,No,775.0,1,872000.0,2007000.0,0,6002000.0
CL202304744,2023,Mendoza Sur,Mendoza,12/14/2020,45,Relación de Dependencia,1621000.0,,444000.0,2,466000.0,N,686.0,0,1025000.0,1426000.0,2,8794000.0
CL202304052,2023,Córdoba Shopping,Córdoba,17/08/2018,36,Relación de Dependencia,578000.0,8.9,63000.0,5,248000.0,S,630.0,0,291000.0,597000.0,0,3790000.0
CL202306469,2023,Palermo,Salta,04/25/2021,41,Monotributo,234000.0,4.4,100000.0,2,81000.0,S,578.0,2,190000.0,280000.0,0,558000.0
CL202304938,2023,Córdoba Shopping,Córdoba,2018-12-16,57,Rel. Dependencia,451000.0,14.7,76000.0,5,233000.0,no,636.0,1,125000.0,486000.0,1,3073000.0
CL202304525,2023,Microcentro,Salta,2017-08-28,53,monotrib.,,13.5,74000.0,3,257000.0,No,757.0,1,382000.0,615000.0,1,3870000.0
CL202305369,2023,Córdoba Shopping,Mendoza,2018-08-01,19,MT,771000.0,0.0,91000.0,2,359000.0,no,821.0,2,294000.0,1455000.0,2,5200000.0
CL202300490,2023,Microcentro,Tucumán,2020-04-13,36,Informal,178000.0,7.6,49000.0,3,56000.0,si,639.0,0,29000.0,185000.0,1,336000.0
CL202305853,2023,La Plata,Santa Fe,07/08/2019,48,Informal,196000.0,14.7,81000.0,1,95000.0,S,588.0,2,5000.0,388000.0,2,1191000.0
CL202302849,2023,Palermo,Buenos Aires,01/13/2019,56,Relación de Dependencia,905000.0,10.2,101000.0,4,89000.0,0,734.0,0,463000.0,1741000.0,1,4523000.0
CL202305087,2023,Central,Buenos Aires,2020-09-25,18,MT,740000.0,2.9,77000.0,3,151000.0,N,,2,644000.0,596000.0,0,3968000.0
CL202302304,2023,Microcentro,CABA,18/06/2016,45,Monotributo,244000.0,,51000.0,5,75000.0,N,684.0,1,114000.0,336000.0,0,1222000.0
CL202305861,2023,Microcentro,Mendoza,12/05/2016,61,s/d,234000.0,19.7,25000.0,3,142000.0,no,726.0,1,104000.0,241000.0,0,1457000.0
CL202302514,2023,Rosario Norte,Salta,06/14/2018,32,Rel. Dependencia,373000.0,6.3,235000.0,4,57000.0,Sí,,1,113000.0,696000.0,0,1657000.0
CL202300047,2023,Rosario Norte,Mendoza,06/12/2020,38,MT,,,34000.0,3,124000.0,1,718.0,0,50000.0,494000.0,0,1703000.0
CL202301830,2023,Palermo,Santa Fe,2016-11-23,61,MT,634000.0,14.1,116000.0,3,158000.0,no,693.0,1,614000.0,862000.0,0,4121000.0
CL202303486,2023,La Plata,Buenos Aires,2017-05-21,39,MT,746000.0,8.1,68000.0,4,163000.0,S,704.0,0,144000.0,1218000.0,0,2131000.0
CL202303497,2023,Palermo,Buenos Aires,30/04/2018,37,s/d,235000.0,,102000.0,4,63000.0,N,615.0,3,50000.0,430000.0,2,1600000.0
CL202305614,2023,Canal Digital,Córdoba,12/28/2018,56,Rel. Dependencia,739000.0,,183000.0,7,353.0,S,613.0,0,734000.0,832000.0,0,4010000.0
CL202301962,2023,Canal Digital,CABA,21/06/2018,33,informal,137000.0,,56000.0,3,5.0,0,644.0,0,64000.0,269000.0,1,391000.0
CL202301104,2023,Canal Digital,Córdoba,2019-10-10,37,RD,756000.0,10.9,343000.0,1,71.0,Sí,564.0,3,162000.0,820000.0,0,5256000.0
CL202300791,2023,Mendoza Sur,Córdoba,08/07/2020,60,s/d,178000.0,,75000.0,3,39000.0,No,674.0,3,107000.0,274000.0,0,586000.0
CL202302834,2023,Palermo,Salta,11/08/2019,74,RD,1405000.0,26.9,222000.0,3,442000.0,no,677.0,0,845000.0,2608000.0,0,9238000.0
CL202302950,2023,Palermo,Salta,15/07/2017,37,MT,,3.4,83000.0,1,97000.0,0,690.0,2,242000.0,884000.0,1,2243000.0
CL202305037,2023,Mendoza Sur,CABA,14/09/2017,63,MT,,,308000.0,3,167000.0,N,635.0,2,18000.0,947000.0,0,1647000.0
CL202303591,2023,Palermo,CABA,13/12/2020,47,Relación de Dependencia,1452000.0,13.0,382000.0,4,566000.0,no,751.0,1,1136000.0,1342000.0,1,8592000.0
CL202302873,2023,Mendoza Sur,Neuquén,10/08/2019,37,Rel. Dependencia,1021000.0,4.9,197000.0,2,275000.0,N,780.0,0,269000.0,2015000.0,1,1554000.0
CL202300816,2023,Microcentro,Neuquén,04/14/2020,44,Rel. Dependencia,1327000.0,11.9,61000.0,4,527000.0,0,668.0,0,647000.0,2586000.0,0,2361000.0
CL202305828,2023,Canal Digital,Santa Fe,05/30/2016,43,s/d,257000.0,10.1,102000.0,6,49.0,Sí,643.0,2,138000.0,540000.0,0,1743000.0
CL202306678,2023,Mendoza Sur,Santa Fe,05/07/2019,46,RD,434000.0,11.1,84000.0,2,161000.0,N,702.0,0,320000.0,945000.0,0,2739000.0
CL202301657,2023,Palermo,Neuquén,06/04/2021,52,Monotributo,558000.0,8.3,197000.0,3,194000.0,0,630.0,2,165000.0,588000.0,1,1252000.0
CL202304330,2023,Córdoba Shopping,Santa Fe,01/10/2021,65,Monotributo,315000.0,20.6,157000.0,2,134000.0,si,583.0,1,100000.0,522000.0,1,596000.0
CL202304092,2023,Mendoza Sur,Buenos Aires,2018-01-28,38,Rel. Dependencia,241000.0,5.6,152000.0,3,64000.0,1,500.0,2,80000.0,255000.0,2,1441000.0
CL202300499,2023,Rosario Norte,Córdoba,2016-09-06,56,relacion de dependencia,1748000.0,14.0,356000.0,3,588000.0,No,691.0,0,196000.0,3817000.0,0,7790000.0
CL202304554,2023,Rosario Norte,Mendoza,2021-11-06,41,RD,478000.0,9.1,233000.0,2,81000.0,No,578.0,0,171000.0,924000.0,1,3266000.0
CL202304775,2023,Mendoza Sur,Neuquén,09/02/2017,43,relacion de dependencia,,16.6,217000.0,3,267000.0,0,778.0,1,804000.0,1223000.0,0,6576000.0
CL202304888,2023,Microcentro,Córdoba,2019-08-04,38,Relación de Dependencia,401000.0,6.6,189000.0,3,127000.0,no,566.0,0,186000.0,648000.0,0,2446000.0
CL202304850,2023,Central,Salta,02/18/2019,40,monotrib.,1166000.0,10.6,103000.0,2,237000.0,no,,0,560000.0,1817000.0,0,2551000.0
CL202302693,2023,Mendoza Sur,Salta,2020-05-25,59,Rel. Dependencia,619000.0,14.5,40000.0,5,182000.0,Sí,,0,221000.0,816000.0,0,1444000.0
CL202302178,2023,Rosario Norte,CABA,25/12/2016,18,monotributo,331000.0,0.0,100000.0,2,85000.0,si,659.0,1,179000.0,705000.0,0,1646000.0
CL202306749,2023,Mendoza Sur,CABA,29/01/2021,64,Relación de Dependencia,840000.0,20.1,41000.0,3,194000.0,no,719.0,0,306000.0,1103000.0,0,5522000.0
CL202303435,2023,Rosario Norte,Santa Fe,13/07/2019,39,Rel. Dependencia,561000.0,7.5,89000.0,3,146000.0,no,763.0,0,335000.0,692000.0,1,4069000.0
CL202303803,2023,Mendoza Sur,Buenos Aires,2017-11-06,33,changas,411000.0,,94000.0,3,112000.0,N,759.0,1,395000.0,590000.0,0,705000.0
CL202304236,2023,Microcentro,Córdoba,22/09/2021,20,relacion de dependencia,1216000.0,5.1,356000.0,3,305000.0,si,689.0,0,916000.0,2003000.0,0,9409000.0
CL202305341,2023,Palermo,CABA,2018-11-06,44,Rel. Dependencia,649000.0,17.5,97000.0,6,207000.0,N,767.0,3,246000.0,1044000.0,0,3185000.0
CL202304979,2023,Canal Digital,Córdoba,2016-08-11,18,Rel. Dependencia,908000.0,3.2,149000.0,3,388.0,N,693.0,1,433000.0,1742000.0,0,2927000.0
CL202305235,2023,Canal Digital,Córdoba,02/02/2019,35,RD,1344000.0,10.9,0.0,8,506.0,1,656.0,0,854000.0,1698000.0,0,4447000.0
CL202300421,2023,Microcentro,Córdoba,2020-09-16,24,changas,156000.0,,61000.0,1,39000.0,1,661.0,2,87000.0,134000.0,1,1185000.0
CL202306160,2023,La Plata,Tucumán,15/02/2019,51,RD,269000.0,20.2,80000.0,4,64000.0,no,633.0,2,155000.0,365000.0,0,1280000.0
CL202301332,2023,Córdoba Shopping,CABA,2017-06-25,21,monotributo,212000.0,,29000.0,3,15000.0,No,615.0,0,128000.0,337000.0,0,1675000.0
CL202301035,2023,Córdoba Shopping,Salta,24/10/2020,42,Rel. Dependencia,,10.4,76000.0,3,114000.0,No,712.0,1,418000.0,676000.0,0,2261000.0
CL202304072,2023,Palermo,Tucumán,22/05/2019,36,relacion de dependencia,705000.0,5.9,68000.0,5,395000.0,No,,0,161000.0,1190000.0,0,2863000.0
CL202306400,2023,Canal Digital,Córdoba,14/09/2021,46,Rel. Dependencia,386000.0,14.6,80000.0,6,136.0,no,688.0,0,216000.0,669000.0,0,1890000.0
CL202305221,2023,Microcentro,Salta,12/31/2020,72,s/d,177000.0,,60000.0,3,43000.0,1,615.0,3,109000.0,188000.0,0,1260000.0
CL202303049,2023,Microcentro,Mendoza,12/08/2020,58,relacion de dependencia,427000.0,17.8,105000.0,3,105000.0,no,696.0,1,421000.0,750000.0,0,2543000.0
CL202304719,2023,Rosario Norte,Córdoba,06/10/2016,66,relacion de dependencia,562000.0,20.7,77000.0,4,315000.0,N,718.0,0,86000.0,802000.0,0,3924000.0
CL202302039,2023,Córdoba Shopping,Mendoza,06/04/2017,40,MT,500000.0,12.2,27000.0,3,116000.0,0,638.0,0,0.0,847000.0,1,755000.0
CL202304152,2023,Central,Santa Fe,28/01/2021,55,Rel. Dependencia,,16.5,41000.0,3,120000.0,1,676.0,2,175000.0,628000.0,1,1192000.0
CL202301064,2023,Central,Santa Fe,11/07/2018,25,informal,379000.0,,37000.0,1,82000.0,0,661.0,3,161000.0,385000.0,0,603000.0
CL202301494,2023,La Plata,Córdoba,01/11/2017,43,Rel. Dependencia,1698000.0,13.6,427000.0,5,369000.0,0,,0,1375000.0,3591000.0,0,10256000.0
CL202304315,2023,Mendoza Sur,Córdoba,05/03/2017,34,monotributo,,,79000.0,3,156000.0,No,705.0,1,102000.0,727000.0,2,2200000.0
CL202300042,2023,Mendoza Sur,Santa Fe,04/02/2021,20,Monotributo,448000.0,0.0,192000.0,3,246000.0,1,544.0,2,97000.0,531000.0,1,3314000.0
CL202302403,2023,Central,CABA,08/03/2019,25,RD,,5.9,108000.0,1,390000.0,S,678.0,1,786000.0,1193000.0,0,3373000.0
CL202306267,2023,Central,Tucumán,2017-11-05,31,RD,815000.0,7.0,67000.0,6,342000.0,N,765.0,2,929000.0,1680000.0,0,4864000.0
CL202303302,2023,Canal Digital,Córdoba,12/01/2021,18,relacion de dependencia,738000.0,4.1,359000.0,8,278.0,No,598.0,5,39000.0,1452000.0,2,4124000.0
CL202303536,2023,La Plata,CABA,12/01/2016,56,relacion de dependencia,,18.4,201000.0,5,545000.0,N,730.0,0,1105000.0,2272000.0,0,9425000.0
CL202305715,2023,Palermo,Mendoza,2016-06-05,41,MT,612000.0,7.6,115000.0,3,208000.0,no,755.0,2,704000.0,1039000.0,0,2514000.0
CL202302283,2023,Mendoza Sur,Tucumán,10/03/2019,29,Relación de Dependencia,,4.0,411000.0,4,351000.0,S,648.0,1,287000.0,2058000.0,1,2161000.0
CL202301052,2023,Rosario Norte,Tucumán,30/03/2021,34,monotrib.,498000.0,8.9,111000.0,2,286000.0,0,682.0,0,303000.0,475000.0,1,1642000.0
CL202304827,2023,Mendoza Sur,Córdoba,2017-09-20,61,Monotributo,295000.0,,49000.0,4,87000.0,N,692.0,0,337000.0,519000.0,0,1713000.0
CL202302391,2023,Central,Tucumán,03/02/2017,34,s/d,178000.0,8.0,16000.0,3,76000.0,no,671.0,0,128000.0,284000.0,0,1091000.0
CL202304367,2023,Córdoba Shopping,Buenos Aires,09/22/2017,68,Monotributo,225000.0,22.4,175000.0,3,55000.0,si,,5,147000.0,364000.0,3,407000.0
CL202303887,2023,Córdoba Shopping,Buenos Aires,18/02/2021,38,Relación de Dependencia,1189000.0,10.6,229000.0,4,531000.0,0,687.0,1,415000.0,1814000.0,0,8764000.0
CL202304326,2023,Microcentro,CABA,05/10/2021,35,MT,1026000.0,10.1,257000.0,4,123000.0,No,740.0,0,291000.0,1363000.0,0,3959000.0
CL202305257,2023,Canal Digital,Mendoza,08/02/2017,61,Relación de Dependencia,,12.2,45000.0,6,168.0,No,657.0,0,420000.0,525000.0,0,1790000.0
CL202301670,2023,Rosario Norte,Tucumán,23/03/2018,78,changas,231000.0,,39000.0,5,79000.0,N,744.0,2,117000.0,306000.0,0,1811000.0
CL202301726,2023,Córdoba Shopping,Mendoza,2018-11-06,53,Informal,260000.0,13.0,53000.0,3,91000.0,N,598.0,0,87000.0,484000.0,1,1989000.0
CL202306502,2023,Rosario Norte,Tucumán,10/07/2017,34,Relación de Dependencia,910000.0,6.7,163000.0,3,264000.0,N,703.0,0,626000.0,839000.0,0,2948000.0
CL202302780,2023,Palermo,Santa Fe,22/03/2016,36,monotributo,,,62000.0,3,54000.0,S,576.0,2,38000.0,251000.0,0,1078000.0
CL202305162,2023,Mendoza Sur,Santa Fe,10/14/2016,41,RD,553000.0,,143000.0,6,144000.0,N,710.0,1,516000.0,808000.0,0,3858000.0
CL202303300,2023,Rosario Norte,Córdoba,18/06/2018,68,monotrib.,1598000.0,18.8,253000.0,3,669000.0,N,720.0,1,1180000.0,2429000.0,1,9850000.0
CL202303029,2023,Rosario Norte,Tucumán,2021-10-01,40,Monotributo,260000.0,,84000.0,2,108000.0,0,664.0,0,244000.0,564000.0,0,1602000.0
CL202303573,2023,Córdoba Shopping,Neuquén,29/11/2021,48,Rel. Dependencia,620000.0,14.3,197000.0,4,194000.0,si,632.0,3,327000.0,960000.0,0,3223000.0
CL202300805,2023,Palermo,Mendoza,2018-05-07,27,Rel. Dependencia,488000.0,4.8,240000.0,1,64000.0,0,629.0,3,396000.0,683000.0,2,1388000.0
CL202301405,2023,Mendoza Sur,CABA,23/06/2020,66,Rel. Dependencia,806000.0,23.2,112000.0,2,138000.0,No,,1,270000.0,1354000.0,3,2826000.0
CL202300416,2023,Córdoba Shopping,Buenos Aires,08/10/2020,39,Monotributo,346000.0,5.1,31000.0,2,89000.0,N,769.0,0,232000.0,696000.0,0,2176000.0
CL202305730,2023,Canal Digital,CABA,18/02/2021,51,monotributo,449000.0,10.0,84000.0,6,147.0,No,733.0,0,371000.0,551000.0,0,3185000.0
CL202302020,2023,Central,Córdoba,2019-03-03,46,monotrib.,250000.0,15.3,76000.0,3,79000.0,si,712.0,1,154000.0,503000.0,0,991000.0
CL202302656,2023,Microcentro,Santa Fe,05/20/2018,29,MT,470000.0,5.7,129000.0,2,57000.0,N,724.0,0,327000.0,968000.0,0,1173000.0
CL202304701,2023,La Plata,Mendoza,30/10/2019,48,monotrib.,754000.0,,121000.0,3,178000.0,no,750.0,1,510000.0,939000.0,0,5923000.0
CL202301024,2023,La Plata,Mendoza,11/01/2017,58,Relación de Dependencia,,12.0,82000.0,5,267000.0,N,816.0,2,429000.0,642000.0,0,5426000.0
CL202300991,2023,Palermo,Salta,02/07/2016,35,s/d,286000.0,10.7,148000.0,1,123000.0,no,607.0,3,159000.0,627000.0,1,1141000.0
CL202302891,2023,Córdoba Shopping,Mendoza,27/07/2020,45,MT,535000.0,,99000.0,4,143000.0,Sí,637.0,0,245000.0,885000.0,1,1592000.0
CL202304855,2023,Central,Buenos Aires,2019-03-23,52,changas,155000.0,,58000.0,4,32000.0,no,678.0,0,46000.0,147000.0,1,538000.0
CL202305896,2023,Rosario Norte,CABA,16/01/2017,26,relacion de dependencia,9400000.0,7.7,141000.0,4,203000.0,No,699.0,0,293000.0,1822000.0,1,1831000.0
CL202306253,2023,Mendoza Sur,Santa Fe,14/06/2019,35,monotributo,358000.0,5.1,87000.0,3,88000.0,No,700.0,2,341000.0,361000.0,1,616000.0
CL202302009,2023,La Plata,Neuquén,02/03/2020,23,Monotributo,,3.3,89000.0,3,6000.0,No,721.0,0,184000.0,532000.0,0,1611000.0
CL202306618,2023,Canal Digital,Neuquén,2021-11-24,46,monotributo,451000.0,,51000.0,2,241.0,N,639.0,1,342000.0,578000.0,1,2754000.0
CL202304708,2023,Microcentro,Córdoba,07/26/2019,56,RD,1394000.0,17.1,125000.0,3,297000.0,No,793.0,3,847000.0,2076000.0,0,6451000.0
CL202303814,2023,Córdoba Shopping,Santa Fe,01/07/2017,44,MT,244000.0,,109000.0,1,25000.0,No,598.0,0,209000.0,349000.0,1,1134000.0
CL202303717,2023,Palermo,Neuquén,11/06/2020,69,monotributo,700000.0,20.3,87000.0,3,129000.0,S,684.0,0,578000.0,752000.0,1,1918000.0
CL202300967,2023,Palermo,CABA,23/07/2020,28,monotrib.,326000.0,,86000.0,4,113000.0,N,630.0,1,217000.0,537000.0,0,1833000.0
CL202303246,2023,Córdoba Shopping,Santa Fe,06/08/2020,39,relacion de dependencia,1577000.0,9.8,564000.0,4,557000.0,0,597.0,1,577000.0,1955000.0,1,10524000.0
CL202304064,2023,Mendoza Sur,Santa Fe,2019-06-29,18,RD,1070000.0,8.3,214000.0,1,663000.0,no,722.0,0,787000.0,1335000.0,1,3488000.0
CL202301120,2023,Rosario Norte,Buenos Aires,12/13/2016,26,MT,371000.0,5.2,48000.0,4,115000.0,1,771.0,1,167000.0,722000.0,1,2411000.0
CL202303627,2023,Palermo,Santa Fe,21/09/2021,30,MT,560000.0,,38000.0,4,158000.0,Sí,,1,90000.0,594000.0,0,3447000.0
CL202304438,2023,Mendoza Sur,Mendoza,02/12/2019,49,s/d,,8.5,76000.0,4,36000.0,Sí,571.0,1,43000.0,299000.0,1,453000.0
CL202303008,2023,Córdoba Shopping,Neuquén,2018-11-27,57,MT,316000.0,,86000.0,1,94000.0,S,,1,207000.0,693000.0,0,961000.0
CL202302717,2023,La Plata,Tucumán,02/12/2016,18,Rel. Dependencia,639000.0,0.0,106000.0,5,149000.0,N,765.0,1,386000.0,564000.0,0,1661000.0
CL202303744,2023,Central,Córdoba,28/01/2021,60,changas,,14.1,166000.0,4,5000.0,0,663.0,3,84000.0,421000.0,0,777000.0
CL202306300,2023,Central,Tucumán,2021-07-08,18,Relación de Dependencia,869000.0,1.6,86000.0,2,52000.0,no,839.0,2,477000.0,1271000.0,1,5744000.0
CL202305376,2023,Palermo,Santa Fe,11/21/2018,61,RD,578000.0,16.2,85000.0,5,161000.0,1,659.0,0,281000.0,925000.0,0,1183000.0
CL202306382,2023,Microcentro,Buenos Aires,2020-11-30,47,Relación de Dependencia,1312000.0,11.5,145000.0,6,526000.0,No,767.0,2,0.0,1395000.0,0,7832000.0
CL202304686,2023,Canal Digital,CABA,2021-07-04,18,Relación de Dependencia,565000.0,2.2,99000.0,3,82.0,N,720.0,0,319000.0,1048000.0,1,4426000.0
CL202301951,2023,Rosario Norte,Salta,12/07/2021,50,Rel. Dependencia,1293000.0,12.3,128000.0,1,104000.0,no,850.0,0,1121000.0,2317000.0,1,5989000.0
CL202305191,2023,Mendoza Sur,Neuquén,2017-05-07,42,RD,,10.3,259000.0,2,355000.0,N,750.0,0,591000.0,1829000.0,1,7509000.0
CL202304074 ,2023,La Plata,Neuquén,09/18/2017,18,monotrib.,466000.0,,131000.0,2,150000.0,1,630.0,0,324000.0,380000.0,1,2044000.0
CL202306361,2023,Mendoza Sur,Salta,19/12/2018,18,relacion de dependencia,460000.0,6.1,187000.0,6,142000.0,S,648.0,1,328000.0,758000.0,3,751000.0
CL202304717,2023,Palermo,CABA,30/08/2019,33,Relación de Dependencia,,8.0,108000.0,5,170000.0,No,674.0,0,361000.0,1768000.0,1,6405000.0
CL202301860,2023,Rosario Norte,Córdoba,2018-05-09,37,Monotributo,774000.0,,161000.0,5,62000.0,no,772.0,0,298000.0,778000.0,0,4928000.0
CL202300722,2023,Central,Mendoza,2018-07-07,36,MT,,2.6,214000.0,4,149000.0,si,562.0,3,335000.0,620000.0,1,2566000.0
CL202302848,2023,La Plata,Mendoza,04/13/2018,59,Relación de Dependencia,1606000.0,,225000.0,4,711000.0,0,711.0,0,1112000.0,3480000.0,1,10771000.0
CL202305355,2023,Rosario Norte,Mendoza,18/07/2017,54,monotrib.,425000.0,11.6,73000.0,2,101000.0,no,713.0,0,341000.0,479000.0,0,2059000.0
CL202301763,2023,Rosario Norte,CABA,31/05/2017,38,Rel. Dependencia,764000.0,12.2,76000.0,1,118000.0,No,737.0,0,417000.0,857000.0,0,4918000.0
CL202301116,2023,La Plata,Córdoba,08/29/2019,43,monotributo,,11.8,56000.0,4,491000.0,No,731.0,1,427000.0,764000.0,1,3239000.0
CL202300783,2023,Central,Santa Fe,28/06/2018,43,Relación de Dependencia,379000.0,15.9,46000.0,8,67000.0,no,662.0,1,279000.0,590000.0,0,2728000.0
CL202306431,2023,Mendoza Sur,Mendoza,12/05/2016,35,Relación de Dependencia,445000.0,9.0,60000.0,2,126000.0,0,832.0,4,219000.0,419000.0,0,1886000.0
CL202304279,2023,Rosario Norte,Córdoba,2020-06-22,33,informal,,,127000.0,1,38000.0,1,482.0,6,45000.0,157000.0,2,322000.0
cl202304111,2023,Microcentro,Santa Fe,2016-04-24,50,Rel. Dependencia,767000.0,14.1,101000.0,6,201000.0,no,794.0,3,240000.0,1473000.0,0,4863000.0
CL202303253,2023,La Plata,Salta,2021-03-02,39,Rel. Dependencia,995000.0,11.9,134000.0,4,401000.0,N,704.0,0,249000.0,1303000.0,1,4139000.0
CL202306018,2023,Rosario Norte,Santa Fe,17/11/2016,32,RD,536000.0,5.7,103000.0,3,305000.0,No,754.0,0,434000.0,728000.0,0,2247000.0
CL202305310,2023,Palermo,Córdoba,03/06/2017,58,Relación de Dependencia,1863000.0,,393000.0,7,518000.0,si,678.0,1,1325000.0,2165000.0,2,14501000.0
CL202300874,2023,Rosario Norte,CABA,12/07/2020,60,changas,428000.0,15.9,81000.0,6,106000.0,0,701.0,1,202000.0,470000.0,0,2926000.0
CL202302319,2023,Central,Córdoba,19/01/2020,49,Monotributo,475000.0,10.8,86000.0,1,117000.0,N,,0,273000.0,1010000.0,0,1953000.0
CL202300996,2023,Mendoza Sur,Neuquén,04/16/2016,48,monotrib.,425000.0,7.0,71000.0,1,109000.0,S,676.0,1,130000.0,931000.0,0,1707000.0
CL202305457,2023,Central,CABA,15/05/2016,38,RD,1461000.0,6.8,280000.0,2,739000.0,N,787.0,2,543000.0,2839000.0,1,10536000.0
CL202301134,2023,Canal Digital,Neuquén,10/20/2017,69,Rel. Dependencia,858000.0,19.3,135000.0,7,222.0,0,628.0,0,606000.0,802000.0,1,5935000.0
CL202306162,2023,Microcentro,Córdoba,2019-10-18,31,changas,132000.0,3.6,42000.0,2,57000.0,si,635.0,0,56000.0,142000.0,1,569000.0
CL202300465,2023,Rosario Norte,Neuquén,18/05/2020,64,monotributo,,14.1,267000.0,2,157000.0,S,615.0,0,195000.0,951000.0,1,1058000.0
CL202306603,2023,Rosario Norte,Buenos Aires,22/07/2016,38,MT,139000.0,7.5,43000.0,3,47000.0,No,544.0,0,41000.0,260000.0,1,818000.0
CL202300079,2023,Córdoba Shopping,Mendoza,02/02/2019,43,monotrib.,,8.9,232000.0,1,157000.0,si,,4,378000.0,505000.0,2,1093000.0
CL202302516,2023,Microcentro,Santa Fe,26/02/2021,24,s/d,250000.0,,17000.0,2,89000.0,S,650.0,1,138000.0,386000.0,1,607000.0
CL202306418,2023,La Plata,Córdoba,12/01/2017,45,MT,177000.0,4.8,30000.0,2,94000.0,no,686.0,1,36000.0,334000.0,1,426000.0
CL202301334,2023,Central,Mendoza,21/07/2021,23,Informal,422000.0,0.0,140000.0,5,118000.0,si,603.0,1,317000.0,579000.0,2,3106000.0
CL202301240,2023,Palermo,Córdoba,03/01/2016,58,Informal,106000.0,15.5,103000.0,3,33000.0,Sí,556.0,9,43000.0,143000.0,8,565000.0
CL202301678,2023,Canal Digital,Córdoba,03/24/2020,51,monotributo,240000.0,,35000.0,4,53.0,N,702.0,2,200000.0,243000.0,0,786000.0
CL202303362,2023,Palermo,Mendoza,22/01/2016,45,relacion de dependencia,376000.0,12.1,180000.0,6,168000.0,no,,0,86000.0,780000.0,1,2545000.0
CL202302741,2023,Córdoba Shopping,CABA,2016-09-16,40,Rel. Dependencia,209000.0,12.4,124000.0,10,59000.0,No,541.0,6,131000.0,320000.0,4,1577000.0
CL202304479,2023,Canal Digital,Neuquén,2017-10-31,21,MT,312000.0,4.1,77000.0,1,90.0,0,765.0,0,304000.0,314000.0,0,1129000.0
CL202300951,2023,Rosario Norte,Salta,26/02/2020,53,relacion de dependencia,,19.1,144000.0,5,29000.0,si,513.0,1,44000.0,388000.0,5,1418000.0
CL202303593,2023,La Plata,Santa Fe,06/07/2021,32,relacion de dependencia,692000.0,5.2,157000.0,4,304000.0,N,630.0,0,501000.0,849000.0,0,4912000.0
CL202306252,2023,Central,Mendoza,12/14/2016,30,Monotributo,629000.0,,101000.0,2,192000.0,si,688.0,1,298000.0,1379000.0,0,3062000.0
CL202305551,2023,Canal Digital,Mendoza,17/03/2020,52,Relación de Dependencia,598000.0,15.7,110000.0,3,232.0,0,676.0,2,468000.0,732000.0,1,3536000.0
CL202301936,2023,Microcentro,Buenos Aires,01/05/2018,30,informal,206000.0,3.1,24000.0,3,26000.0,0,731.0,0,158000.0,434000.0,2,351000.0
CL202301504,2023,Rosario Norte,Salta,24/12/2018,23,Relación de Dependencia,,3.2,62000.0,6,183000.0,N,662.0,0,113000.0,745000.0,0,1675000.0
CL202303444,2023,Mendoza Sur,Córdoba,01/03/2018,21,relacion de dependencia,834000.0,3.5,263000.0,2,221000.0,si,686.0,1,1004000.0,895000.0,0,4541000.0
CL202302701,2023,Mendoza Sur,Mendoza,03/06/2021,29,informal,184000.0,,42000.0,3,76000.0,0,664.0,0,49000.0,333000.0,1,301000.0
CL202304637,2023,Microcentro,Tucumán,15/01/2017,70,monotributo,,21.4,115000.0,1,66000.0,Sí,,4,123000.0,297000.0,2,834000.0
CL202303014,2023,Rosario Norte,Buenos Aires,10/06/2016,53,Monotributo,,11.8,164000.0,5,105000.0,No,678.0,2,229000.0,898000.0,0,761000.0
CL202303533,2023,Canal Digital,Buenos Aires,07/02/2018,43,MT,298000.0,7.3,181000.0,3,47.0,Sí,566.0,3,202000.0,619000.0,0,1596000.0
CL202304096,2023,Microcentro,Tucumán,24/05/2021,44,monotrib.,211000.0,8.7,57000.0,3,60000.0,0,593.0,0,151000.0,278000.0,0,377000.0
CL202303507,2023,Mendoza Sur,Neuquén,28/01/2019,20,Relación de Dependencia,848000.0,0.3,167000.0,5,242000.0,No,758.0,2,676000.0,1015000.0,0,4773000.0
CL202302191,2023,Canal Digital,Santa Fe,03/20/2020,38,s/d,197000.0,7.0,90000.0,3,52.0,No,625.0,0,127000.0,388000.0,2,935000.0
CL202305011,2023,Rosario Norte,Neuquén,08/04/2019,57,Relación de Dependencia,390000.0,16.1,50000.0,3,114000.0,no,651.0,1,156000.0,675000.0,0,2451000.0
CL202302974,2023,Rosario Norte,Córdoba,26/04/2019,37,Rel. Dependencia,489000.0,9.8,283000.0,4,238000.0,Sí,530.0,1,278000.0,803000.0,1,3574000.0
CL202306342,2023,Mendoza Sur,Córdoba,26/05/2018,49,Rel. Dependencia,1361000.0,11.8,249000.0,3,461000.0,no,773.0,2,984000.0,2270000.0,0,3192000.0
CL202300419,2023,Canal Digital,Neuquén,09/15/2018,64,Rel. Dependencia,767000.0,21.4,380000.0,2,260.0,S,624.0,1,476000.0,1390000.0,0,4856000.0
CL202303203,2023,Central,CABA,03/02/2017,42,Monotributo,375000.0,4.6,125000.0,2,170000.0,1,624.0,3,344000.0,415000.0,0,1411000.0
CL202303959,2023,Rosario Norte,Neuquén,2018-04-15,33,Relación de Dependencia,500000.0,3.6,95000.0,6,252000.0,no,674.0,0,464000.0,1008000.0,0,3419000.0
CL202305354,2023,Microcentro,Tucumán,23/08/2016,40,MT,269000.0,8.7,69000.0,2,97000.0,No,758.0,0,117000.0,517000.0,0,1464000.0
CL202304189,2023,Palermo,Neuquén,03/12/2019,36,relacion de dependencia,547000.0,1.4,45000.0,5,136000.0,S,681.0,3,560000.0,1115000.0,0,1219000.0
CL202304821,2023,Rosario Norte,Tucumán,31/12/2017,66,Relación de Dependencia,560000.0,23.3,23000.0,5,138000.0,no,720.0,0,89000.0,527000.0,0,3754000.0
CL202300197,2023,Palermo,Neuquén,2021-11-16,51,monotrib.,,,168000.0,2,17000.0,0,729.0,1,476000.0,2114000.0,0,7057000.0
CL202301269,2023,Palermo,Tucumán,30/06/2020,52,Rel. Dependencia,,10.7,213000.0,3,240000.0,no,608.0,3,308000.0,707000.0,1,2832000.0
CL202300935,2023,Mendoza Sur,Mendoza,21/05/2020,61,Rel. Dependencia,864000.0,18.3,34000.0,3,267000.0,N,831.0,0,439000.0,749000.0,0,1948000.0
CL202301213,2023,La Plata,Buenos Aires,2017-04-21,41,relacion de dependencia,909000.0,7.0,439000.0,1,167000.0,S,606.0,0,796000.0,1931000.0,0,6395000.0
CL202300621,2023,Rosario Norte,Neuquén,24/11/2016,52,MT,546000.0,17.1,205000.0,2,232000.0,No,700.0,0,115000.0,1000000.0,1,1643000.0
CL202303861,2023,Córdoba Shopping,Santa Fe,11/09/2016,62,MT,736000.0,17.9,79000.0,5,264000.0,Sí,717.0,0,328000.0,738000.0,0,2045000.0
CL202304959,2023,Córdoba Shopping,Santa Fe,09/04/2021,29,monotributo,282000.0,,117000.0,2,57000.0,0,597.0,3,84000.0,367000.0,1,1638000.0
CL202302453,2023,Microcentro,Mendoza,21/04/2016,31,monotrib.,247000.0,,109000.0,3,63000.0,Sí,,1,141000.0,451000.0,0,760000.0
CL202304324,2023,Canal Digital,Tucumán,23/10/2018,54,Relación de Dependencia,400000.0,19.3,179000.0,6,165.0,1,641.0,3,295000.0,341000.0,0,2513000.0
CL202303344,2023,Rosario Norte,Santa Fe,2019-09-21,42,changas,174000.0,,25000.0,3,44000.0,N,686.0,1,126000.0,217000.0,1,1221000.0
CL202301082,2023,Canal Digital,Buenos Aires,12/03/2017,52,monotributo,504000.0,,164000.0,2,95.0,N,660.0,1,456000.0,554000.0,3,3434000.0
CL202303009,2023,Microcentro,Mendoza,09/10/2020,36,Rel. Dependencia,974000.0,10.4,207000.0,5,74000.0,0,850.0,0,639000.0,853000.0,0,6001000.0
CL202304914,2023,Rosario Norte,Córdoba,09/12/2019,37,Monotributo,,5.6,73000.0,2,298000.0,0,850.0,1,354000.0,1553000.0,0,4169000.0
CL202302042,2023,Córdoba Shopping,Mendoza,2018-09-19,44,Rel. Dependencia,925000.0,13.5,128000.0,6,420000.0,Sí,,1,620000.0,1706000.0,0,7149000.0
CL202305646,2023,Palermo,Buenos Aires,2019-07-28,28,Relación de Dependencia,2038000.0,4.5,305000.0,4,412000.0,1,786.0,2,1304000.0,2912000.0,0,15075000.0
CL202301200,2023,Microcentro,Tucumán,10/12/2016,58,RD,824000.0,13.7,165000.0,3,384000.0,0,632.0,1,596000.0,1128000.0,1,4779000.0
CL202300045,2023,Palermo,CABA,15/02/2016,67,Monotributo,,,11000.0,3,134000.0,no,674.0,2,386000.0,358000.0,0,1188000.0
CL202304598,2023,La Plata,Santa Fe,04/06/2016,33,Monotributo,610000.0,9.8,157000.0,2,397000.0,N,647.0,0,239000.0,528000.0,1,1121000.0
CL202304706,2023,Canal Digital,Mendoza,2016-07-23,48,MT,789000.0,8.0,152000.0,1,318.0,No,742.0,0,340000.0,1566000.0,0,1814000.0
CL202300217,2023,Microcentro,Neuquén,22/09/2017,36,RD,425000.0,9.8,37000.0,8,158000.0,No,697.0,3,201000.0,511000.0,0,643000.0
CL202304137,2023,Central,Santa Fe,2021-03-09,55,RD,,19.7,94000.0,5,168000.0,No,738.0,1,471000.0,1882000.0,0,2369000.0
CL202305244,2023,Central,Mendoza,21/08/2020,42,monotrib.,624000.0,,286000.0,1,88000.0,0,601.0,0,342000.0,940000.0,0,2380000.0
CL202306003,2023,Central,Córdoba,02/04/2018,41,monotrib.,,,97000.0,4,131000.0,No,576.0,1,158000.0,518000.0,0,832000.0
CL202303581,2023,La Plata,Salta,13/02/2016,18,monotrib.,1059000.0,0.0,170000.0,2,316000.0,1,700.0,1,1108000.0,1788000.0,0,5392000.0
CL202305674,2023,Canal Digital,Tucumán,28/05/2019,34,monotrib.,237000.0,5.4,150000.0,2,73.0,si,508.0,4,170000.0,200000.0,1,694000.0
CL202304934,2023,La Plata,Salta,2020-10-26,28,Informal,334000.0,,59000.0,5,92000.0,No,703.0,0,217000.0,473000.0,1,1260000.0
CL202305106,2023,Microcentro,Salta,25/06/2018,49,monotributo,446000.0,11.4,74000.0,2,73000.0,No,825.0,0,145000.0,583000.0,0,2177000.0
CL202302174,2023,La Plata,Córdoba,18/08/2020,41,changas,226000.0,,88000.0,2,82000.0,No,544.0,1,68000.0,459000.0,0,1187000.0
CL202301304,2023,Microcentro,Mendoza,05/28/2020,61,relacion de dependencia,515000.0,,106000.0,3,263000.0,no,765.0,2,524000.0,810000.0,0,2359000.0
CL202303997,2023,Canal Digital,Mendoza,07/04/2020,71,MT,,,296000.0,3,181.0,0,573.0,3,177000.0,732000.0,0,1146000.0
CL202302071,2023,Córdoba Shopping,CABA,09/17/2017,28,relacion de dependencia,801000.0,1.0,170000.0,6,53000.0,No,708.0,2,344000.0,1155000.0,0,4619000.0
CL202300904,2023,Canal Digital,Neuquén,01/01/2020,25,Relación de Dependencia,,9.0,171000.0,4,398.0,No,712.0,0,1200000.0,3018000.0,0,4303000.0
CL202302833,2023,Central,Córdoba,07/10/2016,51,informal,318000.0,8.6,22000.0,3,168000.0,N,651.0,1,0.0,641000.0,0,518000.0
CL202305119,2023,La Plata,Tucumán,11/06/2018,47,MT,,8.0,39000.0,3,60000.0,S,645.0,0,43000.0,251000.0,1,1142000.0
CL202300826,2023,La Plata,Mendoza,21/07/2016,40,MT,363000.0,,74000.0,2,124000.0,0,672.0,2,22000.0,373000.0,1,1813000.0
CL202304823,2023,La Plata,Mendoza,10/06/2017,45,changas,217000.0,10.2,76000.0,5,31000.0,no,572.0,3,134000.0,414000.0,2,1338000.0
CL202305907,2023,Córdoba Shopping,Neuquén,2016-04-23,38,relacion de dependencia,1143000.0,8.4,311000.0,5,351000.0,N,710.0,0,850000.0,1667000.0,0,8215000.0
CL202300173,2023,Mendoza Sur,Mendoza,09/07/2016,48,monotrib.,482000.0,8.8,179000.0,3,208000.0,si,633.0,0,459000.0,1003000.0,1,3347000.0
CL202305670,2023,Palermo,Mendoza,24/06/2021,57,relacion de dependencia,493000.0,15.1,116000.0,2,109000.0,no,592.0,1,216000.0,949000.0,0,1743000.0
CL202302294,2023,Central,Tucumán,2016-12-04,34,Relación de Dependencia,397000.0,10.2,108000.0,8,152000.0,si,666.0,2,118000.0,501000.0,2,1320000.0
CL202301242,2023,Córdoba Shopping,Mendoza,28/04/2018,43,changas,342000.0,,46000.0,4,115000.0,0,717.0,0,297000.0,623000.0,0,1341000.0
CL202306586,2023,Microcentro,Neuquén,31/07/2019,42,RD,780000.0,12.7,191000.0,4,137000.0,No,767.0,0,463000.0,785000.0,0,1195000.0
CL202300134,2023,Microcentro,Santa Fe,2021-10-02,35,Informal,229000.0,5.5,78000.0,4,33000.0,Sí,647.0,1,86000.0,361000.0,0,1413000.0
CL202301186,2023,Rosario Norte,Salta,10/09/2021,38,RD,,10.8,192000.0,5,149000.0,Sí,534.0,1,246000.0,480000.0,1,798000.0
CL202300753,2023,Canal Digital,Córdoba,2021-01-21,22,Monotributo,,0.0,225000.0,2,208.0,si,615.0,2,408000.0,433000.0,1,1019000.0
CL202305997,2023,Central,Neuquén,05/07/2018,29,relacion de dependencia,709000.0,8.0,132000.0,1,170000.0,Sí,733.0,0,539000.0,909000.0,0,4318000.0
CL202304747,2023,Microcentro,Buenos Aires,03/01/2019,38,relacion de dependencia,328000.0,16.4,151000.0,4,107000.0,no,551.0,0,216000.0,345000.0,2,536000.0
CL202305150,2023,Rosario Norte,Tucumán,2020-06-09,35,Relación de Dependencia,508000.0,12.9,123000.0,5,5000.0,N,642.0,2,150000.0,958000.0,0,3338000.0
CL202301321,2023,Canal Digital,Mendoza,2021-05-26,49,Rel. Dependencia,1269000.0,12.0,229000.0,3,248.0,0,850.0,0,34000.0,2568000.0,0,9020000.0
CL202300689,2023,Mendoza Sur,Neuquén,2018-12-02,46,RD,711000.0,13.5,131000.0,4,275000.0,N,672.0,1,323000.0,903000.0,0,2124000.0
CL202306737,2023,La Plata,Santa Fe,23/06/2020,39,changas,,,84000.0,4,117000.0,S,,1,239000.0,780000.0,0,2374000.0
CL202304470,2023,Microcentro,Buenos Aires,22/08/2019,18,informal,122000.0,,31000.0,4,70000.0,N,629.0,1,71000.0,122000.0,5,307000.0
CL202304537,2023,Central,Tucumán,04/10/2020,32,Relación de Dependencia,908000.0,4.5,31000.0,3,341000.0,0,750.0,2,398000.0,1148000.0,0,3225000.0
CL202303982,2023,Canal Digital,Buenos Aires,07/05/2018,26,informal,156000.0,,71000.0,6,47.0,si,550.0,4,79000.0,235000.0,1,1133000.0
CL202306730,2023,Central,Mendoza,06/11/2016,48,Monotributo,485000.0,4.7,63000.0,1,115000.0,0,736.0,1,254000.0,473000.0,0,1048000.0
CL202304519,2023,Central,Salta,2021-09-07,44,Relación de Dependencia,,10.9,192000.0,7,157000.0,No,723.0,0,536000.0,1085000.0,0,4106000.0
CL202303549,2023,Córdoba Shopping,Neuquén,17/04/2021,28,Rel. Dependencia,575000.0,8.6,131000.0,3,298000.0,N,716.0,1,350000.0,1001000.0,0,2489000.0
CL202303322,2023,Rosario Norte,Tucumán,18/02/2019,41,monotrib.,687000.0,12.1,279000.0,2,162000.0,1,614.0,2,462000.0,771000.0,0,1541000.0
CL202300249,2023,Canal Digital,Tucumán,04/07/2016,43,Monotributo,851000.0,10.6,97000.0,4,201.0,N,729.0,1,555000.0,1454000.0,0,6340000.0
CL202302261,2023,Palermo,Tucumán,14/02/2016,42,monotributo,382000.0,11.1,67000.0,4,127000.0,no,713.0,0,193000.0,550000.0,0,694000.0
CL202306248,2023,Canal Digital,CABA,10/04/2021,54,Relación de Dependencia,,17.2,272000.0,4,598.0,no,,0,766000.0,1826000.0,0,10315000.0
CL202306557,2023,Rosario Norte,Tucumán,18/10/2019,30,Relación de Dependencia,663000.0,3.6,75000.0,4,165000.0,N,776.0,0,153000.0,1441000.0,2,1555000.0
CL202302840,2023,Microcentro,Salta,05/07/2016,28,monotrib.,431000.0,7.0,99000.0,3,192000.0,N,657.0,0,281000.0,717000.0,1,749000.0
CL202305721,2023,Microcentro,Santa Fe,02/06/2017,35,relacion de dependencia,279000.0,9.7,105000.0,5,106000.0,Sí,616.0,2,180000.0,343000.0,1,1768000.0
CL202302417,2023,Palermo,Buenos Aires,09/02/2016,32,monotrib.,703000.0,2.7,399000.0,4,175000.0,si,556.0,1,368000.0,1291000.0,2,5543000.0
CL202300578,2023,Mendoza Sur,Salta,30/09/2017,37,monotributo,,5.7,188000.0,3,425000.0,0,691.0,0,844000.0,2193000.0,0,10194000.0
CL202301649,2023,Mendoza Sur,Neuquén,12/09/2021,48,Relación de Dependencia,723000.0,15.5,143000.0,2,196000.0,Sí,685.0,3,406000.0,1108000.0,0,5520000.0
CL202301828,2023,La Plata,Buenos Aires,2017-03-29,35,Monotributo,550000.0,,91000.0,4,238000.0,No,697.0,0,226000.0,1012000.0,0,2338000.0
CL202302464,2023,Microcentro,CABA,02/11/2016,40,monotributo,195000.0,10.2,43000.0,1,167000.0,0,667.0,0,33000.0,171000.0,0,1164000.0
CL202303461,2023,Palermo,Buenos Aires,2021-05-26,59,RD,709000.0,14.6,291000.0,6,81000.0,no,606.0,2,517000.0,649000.0,1,5533000.0
CL202304825,2023,Córdoba Shopping,Salta,02/10/2019,45,Rel. Dependencia,1954000.0,11.5,256000.0,4,704000.0,No,784.0,0,768000.0,2485000.0,2,11080000.0
CL202304412,2023,Canal Digital,CABA,26/06/2018,51,s/d,493000.0,,100000.0,5,213.0,N,644.0,0,461000.0,625000.0,0,3840000.0
CL202306295,2023,Rosario Norte,Neuquén,13/10/2020,63,Rel. Dependencia,1287000.0,19.1,185000.0,7,394000.0,0,798.0,0,398000.0,2190000.0,0,9295000.0
CL202304423,2023,Mendoza Sur,Salta,17/03/2017,27,Informal,115000.0,,69000.0,3,40000.0,1,542.0,3,77000.0,214000.0,4,488000.0
CL202303174,2023,Rosario Norte,Mendoza,2019-10-28,46,Relación de Dependencia,524000.0,17.0,205000.0,1,81000.0,No,614.0,1,140000.0,1042000.0,1,2121000.0
CL202304000,2023,Córdoba Shopping,Córdoba,07/06/2021,37,monotrib.,410000.0,,235000.0,4,71000.0,no,596.0,0,0.0,560000.0,0,628000.0
CL202300264,2023,Microcentro,Tucumán,2018-01-16,34,monotributo,341000.0,,136000.0,3,103000.0,N,619.0,4,279000.0,558000.0,0,1132000.0
CL202303007,2023,Microcentro,Tucumán,2018-03-30,37,informal,,5.1,88000.0,2,26000.0,Sí,577.0,3,97000.0,219000.0,3,958000.0
CL202301692,2023,La Plata,Salta,16/08/2018,41,Rel. Dependencia,855000.0,11.8,73000.0,3,80000.0,Sí,623.0,0,278000.0,1871000.0,1,4942000.0
CL202301392,2023,Central,CABA,30/08/2019,67,Monotributo,505000.0,,102000.0,1,217000.0,0,612.0,0,477000.0,810000.0,1,1085000.0
CL202302380,2023,Córdoba Shopping,Santa Fe,2016-11-25,40,MT,,6.9,269000.0,2,181000.0,0,850.0,0,556000.0,1353000.0,0,2157000.0
CL202305847,2023,La Plata,Neuquén,19/11/2017,37,MT,,,65000.0,2,73000.0,0,644.0,1,15000.0,390000.0,2,609000.0
CL202303998,2023,Central,Santa Fe,19/09/2017,43,MT,412000.0,,80000.0,3,208000.0,Sí,737.0,2,404000.0,673000.0,0,2381000.0
CL202302721,2023,Canal Digital,Santa Fe,2021-01-08,35,s/d,,,71000.0,2,79.0,N,740.0,1,120000.0,203000.0,0,1543000.0
CL202304656,2023,Palermo,Santa Fe,03/21/2018,21,Relación de Dependencia,343000.0,3.8,201000.0,9,206000.0,Sí,528.0,3,121000.0,437000.0,4,1717000.0
CL202306148,2023,Microcentro,Buenos Aires,2016-12-26,25,Monotributo,376000.0,0.5,96000.0,3,103000.0,no,704.0,0,237000.0,325000.0,2,2829000.0
CL202300661,2023,Palermo,Buenos Aires,21/09/2020,46,RD,800000.0,12.7,166000.0,1,168000.0,Sí,700.0,0,477000.0,1668000.0,0,5277000.0
CL202306472,2023,Canal Digital,Tucumán,12/05/2019,44,Rel. Dependencia,,11.4,254000.0,4,216.0,N,674.0,1,633000.0,2528000.0,0,7746000.0
CL202306181,2023,La Plata,Mendoza,10/10/2021,20,RD,,3.1,346000.0,5,431000.0,0,695.0,0,1200000.0,2064000.0,1,9710000.0
CL202300126,2023,La Plata,Córdoba,28/06/2018,42,Rel. Dependencia,576000.0,12.0,106000.0,4,243000.0,No,658.0,1,192000.0,647000.0,0,1655000.0
CL202303720,2023,Córdoba Shopping,CABA,2019-03-23,39,Rel. Dependencia,545000.0,13.3,100000.0,8,259000.0,no,710.0,1,464000.0,1104000.0,0,4256000.0
CL202304469,2023,Microcentro,Córdoba,2020-07-08,33,relacion de dependencia,,9.8,124000.0,3,773000.0,no,725.0,1,1922000.0,1755000.0,0,13231000.0
CL202303852,2023,Rosario Norte,Neuquén,24/03/2021,40,Monotributo,252000.0,9.3,51000.0,4,5000.0,N,674.0,2,153000.0,452000.0,0,789000.0
CL202300129,2023,Rosario Norte,Santa Fe,17/06/2021,24,monotrib.,,2.0,76000.0,2,120000.0,No,717.0,0,177000.0,402000.0,0,2257000.0
CL202306563,2023,Microcentro,Mendoza,29/06/2018,61,relacion de dependencia,952000.0,20.1,281000.0,9,315000.0,N,610.0,0,643000.0,991000.0,0,5169000.0
CL202306321,2023,La Plata,Córdoba,2019-05-15,37,monotributo,592000.0,5.1,185000.0,6,5000.0,0,658.0,0,407000.0,1192000.0,1,4650000.0
CL202300943,2023,La Plata,Mendoza,2018-03-22,38,Relación de Dependencia,1211000.0,9.9,284000.0,4,15000.0,si,837.0,1,406000.0,1139000.0,0,5670000.0
CL202301184,2023,Rosario Norte,CABA,03/03/2019,36,monotrib.,,,79000.0,4,228000.0,si,,0,172000.0,583000.0,0,1801000.0
CL202300225,2023,Microcentro,Tucumán,10/07/2019,48,Rel. Dependencia,1613000.0,8.3,350000.0,3,275000.0,N,748.0,1,536000.0,1783000.0,2,3439000.0
CL202306666,2023,Córdoba Shopping,Mendoza,2020-10-13,55,monotributo,540000.0,,103000.0,3,154000.0,si,655.0,0,267000.0,962000.0,0,2015000.0
CL202300057,2023,Microcentro,CABA,24/04/2018,57,monotrib.,895000.0,17.4,97000.0,2,216000.0,no,764.0,0,333000.0,1750000.0,1,2707000.0
CL202301748,2023,Mendoza Sur,Mendoza,04/10/2019,49,Rel. Dependencia,604000.0,14.0,81000.0,6,265000.0,S,850.0,0,293000.0,516000.0,1,2730000.0
CL202301315,2023,Central,Neuquén,13/02/2021,47,Relación de Dependencia,776000.0,,17000.0,4,321000.0,si,672.0,0,510000.0,693000.0,0,5210000.0
CL202301430,2023,Central,Mendoza,12/08/2019,52,Rel. Dependencia,,14.8,261000.0,7,252000.0,Sí,619.0,2,465000.0,720000.0,0,6146000.0
CL202305172,2023,Mendoza Sur,Mendoza,02/09/2020,41,Rel. Dependencia,1858000.0,11.5,284000.0,2,359000.0,N,748.0,2,1884000.0,4017000.0,0,3623000.0
CL202301205,2023,Córdoba Shopping,Tucumán,2017-04-16,38,MT,316000.0,,24000.0,2,69000.0,No,623.0,2,303000.0,672000.0,1,1200000.0
CL202302007,2023,Córdoba Shopping,Tucumán,27/10/2018,30,Informal,195000.0,6.2,22000.0,4,38000.0,0,689.0,0,149000.0,239000.0,2,1059000.0
CL202305676,2023,La Plata,Córdoba,04/02/2017,42,RD,892000.0,9.9,150000.0,9,280000.0,Sí,661.0,2,284000.0,1175000.0,1,4010000.0
CL202305990,2023,Canal Digital,Salta,04/03/2017,43,monotributo,1039000.0,,96000.0,2,102.0,No,701.0,0,750000.0,2207000.0,0,5099000.0
CL202303334,2023,Palermo,Buenos Aires,14/01/2018,34,MT,293000.0,,41000.0,1,87000.0,No,719.0,2,0.0,435000.0,0,1210000.0
CL202305824,2023,Palermo,Mendoza,22/02/2019,62,Rel. Dependencia,1410000.0,20.7,268000.0,3,677000.0,no,737.0,0,1290000.0,2449000.0,0,11120000.0
CL202300113,2023,Rosario Norte,Santa Fe,2016-05-06,36,relacion de dependencia,698000.0,10.7,128000.0,2,134000.0,S,,1,377000.0,1003000.0,0,3397000.0
CL202304741,2023,Córdoba Shopping,CABA,2020-12-18,45,Rel. Dependencia,1213000.0,14.3,256000.0,2,357000.0,si,,0,86000.0,1830000.0,0,3094000.0
CL202302432,2023,Canal Digital,Salta,2016-07-11,45,relacion de dependencia,687000.0,,234000.0,4,258.0,No,663.0,2,85000.0,637000.0,0,5451000.0
CL202305701,2023,Microcentro,CABA,01/10/2018,39,s/d,245000.0,5.4,75000.0,4,81000.0,Sí,641.0,3,57000.0,523000.0,1,1714000.0
CL202301368,2023,Microcentro,Neuquén,30/01/2020,36,Relación de Dependencia,1212000.0,12.0,403000.0,4,390000.0,Sí,667.0,2,775000.0,2660000.0,0,4746000.0
CL202305107,2023,Canal Digital,CABA,09/02/2017,35,s/d,358000.0,,32000.0,5,85.0,0,675.0,0,179000.0,739000.0,0,2778000.0
CL202300734,2023,Mendoza Sur,Buenos Aires,17/05/2018,32,relacion de dependencia,,5.0,98000.0,1,282000.0,0,646.0,0,304000.0,637000.0,2,2596000.0
CL202305306,2023,Central,Córdoba,30/03/2020,25,Informal,105000.0,0.0,21000.0,3,36000.0,Sí,655.0,0,68000.0,97000.0,0,218000.0
CL202301721,2023,Palermo,Buenos Aires,10/26/2020,44,RD,1084000.0,16.3,0.0,4,330000.0,0,717.0,0,819000.0,1362000.0,0,3236000.0
CL202300201,2023,Mendoza Sur,Mendoza,2021-12-24,61,Rel. Dependencia,538000.0,16.1,209000.0,7,42000.0,si,553.0,3,379000.0,804000.0,1,2013000.0
CL202306784,2023,Palermo,Tucumán,05/11/2019,53,Monotributo,451000.0,10.6,79000.0,2,32000.0,N,691.0,1,199000.0,387000.0,1,2105000.0
CL202301970,2023,Central,Córdoba,28/07/2016,25,MT,648000.0,,192000.0,1,228000.0,S,664.0,4,428000.0,588000.0,0,1871000.0
CL202301995,2023,Córdoba Shopping,Buenos Aires,13/04/2018,40,Monotributo,224000.0,,141000.0,3,73000.0,si,533.0,3,45000.0,471000.0,3,1375000.0
CL202304040,2023,Palermo,Salta,27/10/2017,38,relacion de dependencia,1353000.0,12.9,304000.0,5,160000.0,no,774.0,0,1276000.0,2323000.0,0,6056000.0
CL202303093,2023,Mendoza Sur,Neuquén,2016-06-29,28,monotrib.,511000.0,9.1,79000.0,2,105000.0,no,734.0,0,556000.0,524000.0,0,2955000.0
CL202300306,2023,Córdoba Shopping,Mendoza,2017-01-02,59,MT,469000.0,,220000.0,1,67000.0,1,568.0,1,286000.0,933000.0,0,1594000.0
CL202304041,2023,Palermo,CABA,20/11/2021,54,s/d,501000.0,14.8,43000.0,4,106000.0,N,633.0,0,274000.0,550000.0,0,3665000.0
CL202300278,2023,Rosario Norte,Santa Fe,18/06/2016,27,relacion de dependencia,764000.0,4.6,64000.0,6,342000.0,0,687.0,0,407000.0,1500000.0,0,5904000.0
CL202304373,2023,Rosario Norte,Salta,09/13/2021,39,MT,849000.0,10.2,81000.0,2,206000.0,0,733.0,0,85000.0,773000.0,0,4092000.0
CL202300054,2023,Central,CABA,30/04/2018,46,informal,147000.0,,58000.0,1,37000.0,si,592.0,6,59000.0,252000.0,1,1138000.0
CL202306656,2023,Córdoba Shopping,Tucumán,10/08/2021,67,relacion de dependencia,600000.0,19.0,126000.0,9,155000.0,S,753.0,0,435000.0,1225000.0,0,2399000.0
CL202306314,2023,Mendoza Sur,Mendoza,29/09/2019,45,MT,264000.0,11.8,2000.0,2,71000.0,no,758.0,0,218000.0,424000.0,0,465000.0
CL202301041,2023,Rosario Norte,Mendoza,14/04/2021,46,relacion de dependencia,462000.0,12.7,8000.0,7,188000.0,0,,0,181000.0,794000.0,0,1003000.0
CL202304105,2023,Palermo,CABA,06/09/2017,46,Relación de Dependencia,,10.0,183000.0,3,117000.0,No,681.0,3,261000.0,1129000.0,0,4099000.0
CL202304311,2023,Mendoza Sur,Buenos Aires,01/01/2021,52,monotributo,426000.0,11.7,73000.0,2,171000.0,0,682.0,0,113000.0,534000.0,0,3085000.0
CL202306255,2023,Mendoza Sur,CABA,31/03/2019,46,Monotributo,288000.0,6.0,76000.0,3,109000.0,no,648.0,1,166000.0,346000.0,0,532000.0
CL202303283,2023,Córdoba Shopping,Santa Fe,08/12/2018,40,informal,386000.0,5.2,141000.0,4,96000.0,N,661.0,1,207000.0,321000.0,1,1150000.0
CL202305208,2023,Palermo,Buenos Aires,10/07/2019,23,MT,100000.0,0.0,43000.0,5,37000.0,S,567.0,2,50000.0,95000.0,0,397000.0
CL202304520,2023,Central,CABA,31/05/2016,56,Relación de Dependencia,1194000.0,17.8,160000.0,3,483000.0,N,646.0,1,528000.0,1683000.0,0,2919000.0
CL202300925,2023,Rosario Norte,Córdoba,2019-07-27,32,monotrib.,332000.0,8.0,9000.0,2,93000.0,no,758.0,0,223000.0,398000.0,0,1080000.0
CL202302620,2023,Rosario Norte,Tucumán,01/30/2019,25,informal,223000.0,2.1,31000.0,5,13000.0,No,,1,102000.0,423000.0,0,1569000.0
CL202301008,2023,La Plata,Neuquén,2019-01-18,35,relacion de dependencia,1026000.0,11.3,197000.0,7,475000.0,No,733.0,0,575000.0,1250000.0,0,3546000.0
CL202303978,2023,La Plata,Santa Fe,23/08/2017,48,Informal,113000.0,,22000.0,6,42000.0,no,606.0,3,24000.0,215000.0,0,489000.0
CL202304447,2023,Palermo,Neuquén,15/07/2017,44,s/d,276000.0,12.2,39000.0,3,77000.0,S,593.0,0,92000.0,540000.0,1,1755000.0
CL202301048,2023,Central,Mendoza,2016-08-21,26,Rel. Dependencia,861000.0,3.8,115000.0,2,361000.0,0,726.0,1,674000.0,846000.0,0,6097000.0
CL202304917,2023,Palermo,Buenos Aires,2016-07-31,56,monotributo,261000.0,11.0,72000.0,7,110000.0,si,607.0,1,101000.0,253000.0,1,1764000.0
CL202302878,2023,Microcentro,Mendoza,15/09/2017,59,relacion de dependencia,558000.0,19.0,158000.0,4,143000.0,si,,1,409000.0,1058000.0,1,889000.0
CL202305956,2023,Rosario Norte,Salta,2020-07-04,61,MT,200000.0,,31000.0,3,30000.0,si,699.0,0,158000.0,345000.0,0,650000.0
CL202303728,2023,Mendoza Sur,Córdoba,12/07/2021,38,Rel. Dependencia,,8.6,421000.0,4,235000.0,N,605.0,0,689000.0,1830000.0,0,3705000.0
CL202306287,2023,Central,Mendoza,09/03/2019,18,Rel. Dependencia,,4.6,69000.0,8,134000.0,S,758.0,0,235000.0,1043000.0,1,1209000.0
CL202300572,2023,Central,Mendoza,2021-07-11,38,Rel. Dependencia,1388000.0,8.3,196000.0,3,475000.0,No,767.0,0,1469000.0,1901000.0,1,6218000.0
CL202303608,2023,Córdoba Shopping,Tucumán,21/11/2017,44,MT,160000.0,8.4,154000.0,2,66000.0,Sí,493.0,9,81000.0,339000.0,1,980000.0
CL202300755,2023,Microcentro,CABA,12/11/2020,34,monotributo,437000.0,2.2,131000.0,2,51000.0,1,686.0,1,123000.0,890000.0,2,2729000.0
CL202301784,2023,Córdoba Shopping,Santa Fe,08/03/2019,20,RD,564000.0,6.0,175000.0,8,134000.0,1,618.0,0,290000.0,961000.0,0,1779000.0
CL202301648,2023,Palermo,CABA,02/01/2016,62,Monotributo,747000.0,7.4,100000.0,3,320000.0,no,760.0,1,295000.0,1569000.0,1,3199000.0
CL202303546,2023,La Plata,Buenos Aires,08/11/2018,54,informal,198000.0,13.1,38000.0,4,74000.0,N,,0,181000.0,200000.0,0,701000.0
CL202300693,2023,Mendoza Sur,Córdoba,13/12/2019,26,MT,583000.0,0.0,91000.0,3,32000.0,no,708.0,0,185000.0,793000.0,1,2913000.0
CL202304507,2023,Palermo,Salta,30/06/2016,62,RD,1118000.0,14.4,232000.0,3,386000.0,No,658.0,1,986000.0,1090000.0,1,8194000.0
CL202304262 ,2023,La Plata,Buenos Aires,28/07/2017,26,Monotributo,398000.0,0.0,118000.0,3,129000.0,no,685.0,0,409000.0,797000.0,0,2232000.0
CL202305655,2023,Mendoza Sur,Santa Fe,12/10/2021,40,Relación de Dependencia,413000.0,8.8,140000.0,3,106000.0,Sí,633.0,2,245000.0,813000.0,0,646000.0
CL202301486,2023,La Plata,Tucumán,23/10/2018,43,changas,181000.0,8.0,81000.0,3,49000.0,si,638.0,0,47000.0,248000.0,2,1240000.0
CL202301127,2023,La Plata,Salta,11/01/2018,47,Monotributo,416000.0,,52000.0,3,90000.0,Sí,663.0,1,227000.0,825000.0,0,1156000.0
CL202305719,2023,Microcentro,Salta,2019-07-21,18,MT,466000.0,,54000.0,1,138000.0,N,667.0,2,250000.0,376000.0,0,2305000.0
CL202302223,2023,Microcentro,Salta,06/08/2017,52,Rel. Dependencia,708000.0,12.0,217000.0,2,160000.0,si,697.0,0,23000.0,899000.0,0,4831000.0
CL202300233,2023,Córdoba Shopping,Mendoza,06/04/2019,33,relacion de dependencia,660000.0,9.0,147000.0,2,288000.0,N,686.0,1,371000.0,1401000.0,1,1195000.0
CL202302102,2023,Córdoba Shopping,Córdoba,2020-09-22,27,monotrib.,364000.0,0.0,37000.0,2,78000.0,No,780.0,1,194000.0,570000.0,2,1581000.0
CL202303103,2023,La Plata,CABA,26/07/2016,30,Relación de Dependencia,680000.0,5.4,56000.0,7,340000.0,Sí,682.0,0,113000.0,679000.0,0,5198000.0
CL202306216,2023,Canal Digital,Santa Fe,21/04/2020,55,s/d,358000.0,,90000.0,4,119.0,si,642.0,3,194000.0,456000.0,1,2767000.0
CL202300050,2023,Mendoza Sur,CABA,2017-09-08,68,Rel. Dependencia,1274000.0,19.5,349000.0,4,364000.0,0,661.0,0,428000.0,2646000.0,0,7164000.0
CL202304736,2023,Mendoza Sur,Córdoba,23/01/2017,58,relacion de dependencia,,14.3,340000.0,2,999000.0,0,800.0,1,906000.0,2865000.0,0,5282000.0
CL202306496,2023,Rosario Norte,Neuquén,30/08/2020,25,changas,166000.0,0.0,60000.0,3,55000.0,N,690.0,0,163000.0,249000.0,0,594000.0
CL202305882,2023,Microcentro,Buenos Aires,19/10/2016,38,RD,696000.0,13.7,1000.0,2,276000.0,si,639.0,1,405000.0,574000.0,2,4951000.0
CL202306227,2023,Central,Neuquén,2020-02-29,42,monotributo,442000.0,10.0,231000.0,4,216000.0,S,591.0,2,163000.0,518000.0,1,2833000.0
CL202303667,2023,Central,Buenos Aires,12/10/2018,23,MT,1072000.0,,135000.0,6,486000.0,No,710.0,0,600000.0,2065000.0,0,5217000.0
CL202306572,2023,Central,Córdoba,2020-07-26,46,monotrib.,760000.0,14.4,163000.0,1,356000.0,0,644.0,2,481000.0,753000.0,0,1831000.0
CL202303797,2023,Microcentro,Buenos Aires,03/01/2019,40,Rel. Dependencia,538000.0,9.6,156000.0,4,137000.0,no,635.0,1,355000.0,926000.0,2,2533000.0
CL202300216,2023,Central,Mendoza,2021-01-29,25,MT,534000.0,0.1,234000.0,2,203000.0,si,556.0,2,412000.0,503000.0,1,1869000.0
CL202301671,2023,La Plata,Salta,01/08/2021,20,Monotributo,913000.0,0.0,234000.0,1,336000.0,0,766.0,3,763000.0,774000.0,0,3926000.0
CL202302918,2023,Mendoza Sur,Salta,30/08/2019,51,Rel. Dependencia,869000.0,17.4,178000.0,6,168000.0,N,659.0,1,539000.0,1193000.0,1,1857000.0
CL202302942,2023,Mendoza Sur,Buenos Aires,28/05/2019,47,MT,173000.0,,91000.0,4,20000.0,si,577.0,3,185000.0,205000.0,1,1356000.0
CL202300747,2023,Córdoba Shopping,Tucumán,11/19/2020,20,monotrib.,382000.0,,186000.0,2,219000.0,si,558.0,0,134000.0,520000.0,0,2725000.0
CL202306794,2023,Rosario Norte,Neuquén,24/08/2020,38,Monotributo,854000.0,5.4,285000.0,5,387000.0,N,670.0,2,677000.0,792000.0,0,3889000.0
CL202304322,2023,Canal Digital,Santa Fe,26/11/2021,39,changas,197000.0,7.4,50000.0,3,84.0,Sí,692.0,0,34000.0,290000.0,0,1560000.0
CL202302480,2023,Rosario Norte,Santa Fe,2021-05-05,32,Informal,166000.0,,128000.0,4,25000.0,Sí,523.0,2,82000.0,134000.0,6,997000.0
CL202303885,2023,Rosario Norte,Santa Fe,2016-08-03,27,Monotributo,592000.0,4.3,58000.0,2,293000.0,no,730.0,0,445000.0,964000.0,0,4167000.0
CL202300402,2023,Mendoza Sur,CABA,28/10/2017,32,Informal,,5.1,47000.0,2,42000.0,1,561.0,2,77000.0,167000.0,0,485000.0
CL202305439,2023,Central,Santa Fe,2018-11-18,53,Rel. Dependencia,891000.0,14.4,15000.0,3,228000.0,no,734.0,2,853000.0,797000.0,0,4179000.0
CL202304004,2023,Microcentro,Santa Fe,26/09/2021,44,Relación de Dependencia,1931000.0,11.5,348000.0,5,605000.0,N,745.0,0,1083000.0,3396000.0,2,4586000.0
CL202306200,2023,Central,Neuquén,2017-02-18,39,MT,436000.0,,58000.0,3,122000.0,N,704.0,3,113000.0,860000.0,0,2440000.0
CL202305293,2023,Rosario Norte,Buenos Aires,2018-06-12,18,monotrib.,640000.0,5.3,121000.0,3,192000.0,No,610.0,1,206000.0,681000.0,0,1761000.0
CL202300031,2023,Canal Digital,Tucumán,11/06/2017,44,relacion de dependencia,710000.0,11.6,108000.0,6,168.0,S,758.0,1,129000.0,569000.0,1,2789000.0
CL202305453,2023,Rosario Norte,Santa Fe,2016-11-15,38,relacion de dependencia,1132000.0,9.6,176000.0,3,264000.0,0,,0,1190000.0,2152000.0,2,6690000.0
CL202302847,2023,Rosario Norte,Neuquén,04/09/2021,58,Relación de Dependencia,,17.7,178000.0,5,487000.0,1,,1,934000.0,1818000.0,0,4717000.0
CL202305014,2023,Canal Digital,Tucumán,22/06/2019,44,monotrib.,505000.0,8.7,84000.0,4,106.0,no,750.0,0,291000.0,530000.0,0,3729000.0
CL202305416,2023,La Plata,Córdoba,2019-12-04,36,Relación de Dependencia,469000.0,7.2,127000.0,7,108000.0,1,673.0,0,108000.0,736000.0,0,2925000.0
CL202305364,2023,Microcentro,Buenos Aires,2018-12-08,51,Monotributo,665000.0,8.1,70000.0,2,275000.0,N,724.0,1,632000.0,602000.0,0,1643000.0
CL202303017,2023,Mendoza Sur,CABA,15/01/2020,32,monotrib.,,4.5,101000.0,1,100000.0,N,713.0,2,532000.0,2516000.0,0,8519000.0
CL202300043,2023,Córdoba Shopping,Salta,10/13/2020,28,changas,384000.0,,78000.0,2,168000.0,N,696.0,2,177000.0,736000.0,0,612000.0
CL202305494,2023,La Plata,CABA,12/12/2017,34,MT,,7.7,134000.0,3,150000.0,Sí,606.0,3,17000.0,926000.0,0,1532000.0
CL202301490,2023,Palermo,Santa Fe,11/01/2020,50,monotrib.,369000.0,,112000.0,3,45000.0,S,634.0,1,322000.0,364000.0,0,2546000.0
CL202301613,2023,Canal Digital,Mendoza,2018-06-13,23,s/d,129000.0,1.9,101000.0,4,23.0,si,512.0,2,96000.0,214000.0,4,420000.0
CL202301601,2023,Microcentro,CABA,22/11/2018,38,Relación de Dependencia,1541000.0,7.8,228000.0,1,20000.0,N,,0,1404000.0,1258000.0,1,7045000.0
CL202302921,2023,Córdoba Shopping,Mendoza,24/05/2018,33,Rel. Dependencia,754000.0,,324000.0,5,176000.0,no,615.0,3,396000.0,1039000.0,2,3324000.0
CL202302206,2023,La Plata,Santa Fe,09/30/2021,18,Informal,90000.0,,42000.0,2,37000.0,si,614.0,4,17000.0,159000.0,1,513000.0
CL202303522,2023,Córdoba Shopping,Buenos Aires,2017-06-21,30,Rel. Dependencia,312000.0,8.9,31000.0,7,93000.0,no,801.0,0,135000.0,581000.0,0,699000.0
CL202300744,2023,Microcentro,Tucumán,2017-10-17,33,changas,334000.0,5.6,38000.0,3,105000.0,no,701.0,1,313000.0,705000.0,0,1207000.0
CL202305706,2023,Rosario Norte,Córdoba,24/04/2019,30,Relación de Dependencia,645000.0,7.3,37000.0,2,147000.0,N,675.0,1,404000.0,1295000.0,1,4365000.0
CL202303877,2023,Palermo,Salta,08/06/2018,47,monotrib.,260000.0,10.7,61000.0,3,70000.0,Sí,766.0,0,113000.0,496000.0,0,1838000.0
CL202301144,2023,Rosario Norte,Tucumán,2016-10-16,41,Relación de Dependencia,,6.2,195000.0,3,77000.0,Sí,,2,126000.0,752000.0,0,2244000.0
CL202303827,2023,Central,CABA,08/08/2018,49,informal,,,82000.0,5,63000.0,1,,0,91000.0,336000.0,1,1066000.0
CL202305772,2023,Mendoza Sur,Salta,2017-12-01,36,RD,1686000.0,6.6,245000.0,5,601000.0,No,684.0,0,764000.0,1612000.0,0,9334000.0
CL202302154,2023,Rosario Norte,Salta,03/03/2018,62,RD,883000.0,17.4,57000.0,2,371000.0,N,696.0,2,768000.0,1844000.0,0,5538000.0
CL202305404,2023,Mendoza Sur,Neuquén,28/07/2018,46,Rel. Dependencia,1079000.0,10.7,299000.0,4,307000.0,N,588.0,1,553000.0,925000.0,0,2333000.0
CL202304791,2023,Microcentro,Santa Fe,01/29/2016,40,MT,,6.4,89000.0,2,126000.0,N,641.0,0,113000.0,770000.0,0,2639000.0
CL202306215,2023,Canal Digital,Neuquén,09/05/2017,40,Relación de Dependencia,460000.0,10.6,86000.0,5,25.0,0,636.0,1,264000.0,836000.0,0,3384000.0
CL202300090,2023,Canal Digital,Santa Fe,21/01/2021,37,relacion de dependencia,411000.0,12.2,43000.0,5,30.0,S,627.0,1,282000.0,657000.0,0,1577000.0
CL202305460,2023,Mendoza Sur,Buenos Aires,13/05/2021,65,informal,157000.0,20.6,93000.0,3,36000.0,si,547.0,5,175000.0,151000.0,2,778000.0
CL202300032,2023,Palermo,Salta,2021-09-17,29,Rel. Dependencia,637000.0,6.1,152000.0,7,231000.0,N,651.0,1,454000.0,945000.0,0,1255000.0
CL202302613,2023,Córdoba Shopping,Salta,09/26/2016,54,monotrib.,,,172000.0,4,213000.0,No,665.0,2,210000.0,523000.0,0,2186000.0
CL202302582,2023,Córdoba Shopping,Santa Fe,23/09/2017,27,RD,717000.0,5.6,125000.0,5,421000.0,N,694.0,1,784000.0,792000.0,0,2735000.0
CL202304931,2023,Microcentro,Santa Fe,31/07/2016,43,Monotributo,276000.0,,131000.0,2,106000.0,S,557.0,1,95000.0,310000.0,0,523000.0
CL202300644,2023,Mendoza Sur,Mendoza,16/04/2017,41,monotrib.,352000.0,6.9,62000.0,2,105000.0,0,,2,159000.0,738000.0,0,1710000.0
CL202301290,2023,Canal Digital,Neuquén,02/01/2019,48,Rel. Dependencia,765000.0,13.3,165000.0,5,254.0,si,641.0,0,501000.0,1128000.0,0,5552000.0
CL202300110,2023,Córdoba Shopping,Salta,04/14/2016,38,monotributo,322000.0,,82000.0,4,91000.0,Sí,654.0,2,196000.0,403000.0,1,1441000.0
CL202300366,2023,Canal Digital,Santa Fe,12/11/2018,25,Relación de Dependencia,848000.0,6.2,378000.0,1,263.0,si,610.0,0,898000.0,1686000.0,5,3733000.0
CL202303934,2023,Palermo,Neuquén,2017-03-02,18,Relación de Dependencia,2548000.0,7.7,183000.0,6,1252000.0,N,829.0,2,1009000.0,4799000.0,0,13440000.0
CL202300767,2023,Córdoba Shopping,CABA,20/04/2019,24,Relación de Dependencia,1085000.0,2.5,91000.0,2,434000.0,no,718.0,3,415000.0,890000.0,0,6033000.0
CL202305375,2023,La Plata,Tucumán,25/03/2019,40,relacion de dependencia,772000.0,11.9,199000.0,4,324000.0,0,802.0,0,934000.0,696000.0,0,5897000.0
CL202301133,2023,La Plata,Buenos Aires,2016-02-04,35,Relación de Dependencia,,8.2,204000.0,5,251000.0,1,702.0,0,502000.0,1997000.0,0,5772000.0
CL202300715,2023,Rosario Norte,Mendoza,19/06/2019,43,RD,,13.1,279000.0,2,292000.0,N,609.0,1,472000.0,910000.0,2,4390000.0
CL202304584,2023,Canal Digital,Tucumán,20/12/2019,57,monotributo,555000.0,13.2,65000.0,2,68.0,no,751.0,1,403000.0,537000.0,0,1695000.0
CL202303933,2023,Palermo,Tucumán,10/07/2018,40,RD,2206000.0,9.8,125000.0,7,897000.0,No,,0,1667000.0,4459000.0,0,15197000.0
CL202305893,2023,Rosario Norte,Tucumán,2019-05-24,18,MT,,0.0,41000.0,3,5000.0,no,708.0,1,186000.0,461000.0,0,429000.0
CL202305581,2023,Rosario Norte,Mendoza,2016-11-22,52,relacion de dependencia,429000.0,15.7,257000.0,3,71000.0,No,602.0,3,297000.0,563000.0,1,2115000.0
CL202305521,2023,La Plata,Neuquén,20/01/2018,44,Rel. Dependencia,529000.0,10.3,155000.0,1,237000.0,No,642.0,0,241000.0,873000.0,1,2077000.0
CL202304943,2023,Córdoba Shopping,Salta,14/01/2019,47,monotributo,743000.0,12.3,159000.0,1,138000.0,0,755.0,0,178000.0,1358000.0,0,4713000.0
CL202301014,2023,Córdoba Shopping,Córdoba,06/01/2018,19,monotrib.,814000.0,,228000.0,1,386000.0,No,742.0,1,215000.0,1054000.0,1,6407000.0
CL202305111,2023,Microcentro,Neuquén,16/11/2018,34,Informal,130000.0,,63000.0,2,21000.0,1,624.0,3,15000.0,121000.0,1,268000.0
CL202300786,2023,Canal Digital,Santa Fe,23/11/2020,43,Rel. Dependencia,332000.0,9.6,70000.0,5,99.0,S,663.0,0,206000.0,649000.0,1,1467000.0
CL202302160,2023,Córdoba Shopping,Mendoza,2019-11-11,29,monotributo,,0.4,69000.0,6,60000.0,N,810.0,1,282000.0,1189000.0,0,3624000.0
CL202300775,2023,Córdoba Shopping,Santa Fe,2017-03-01,45,changas,,7.3,60000.0,4,128000.0,No,775.0,0,394000.0,725000.0,1,2475000.0
CL202301713,2023,Córdoba Shopping,CABA,20/12/2018,59,Monotributo,784000.0,,302000.0,3,17000.0,No,616.0,1,394000.0,1061000.0,0,2236000.0
CL202300125,2023,La Plata,Neuquén,24/01/2021,48,Informal,153000.0,7.0,79000.0,2,47000.0,Sí,576.0,2,55000.0,222000.0,1,540000.0
CL202301752,2023,Central,Santa Fe,20/03/2018,43,relacion de dependencia,,11.6,515000.0,4,628000.0,no,681.0,0,938000.0,4102000.0,0,13520000.0
CL202306764,2023,Canal Digital,Salta,2017-07-07,30,Rel. Dependencia,478000.0,12.2,125000.0,5,129.0,0,674.0,1,233000.0,942000.0,0,742000.0
CL202301933,2023,Rosario Norte,Tucumán,28/12/2018,56,monotributo,379000.0,8.7,31000.0,4,141000.0,0,650.0,1,251000.0,694000.0,0,2049000.0
CL202301988,2023,La Plata,Córdoba,24/05/2019,40,informal,155000.0,10.5,100000.0,1,26000.0,Sí,527.0,4,174000.0,263000.0,3,918000.0
CL202305387,2023,Canal Digital,Santa Fe,15/08/2021,30,Rel. Dependencia,334000.0,9.2,155000.0,3,66.0,Sí,626.0,3,317000.0,360000.0,1,2077000.0
CL202300789,2023,Central,Santa Fe,20/06/2020,34,monotrib.,310000.0,2.5,53000.0,2,69000.0,Sí,716.0,2,193000.0,577000.0,0,631000.0
CL202302335,2023,Microcentro,Mendoza,2019-08-13,44,Rel. Dependencia,674000.0,12.0,183000.0,5,262000.0,N,616.0,1,0.0,1434000.0,0,1051000.0
CL202301917,2023,Palermo,Córdoba,18/10/2017,32,monotributo,471000.0,2.5,96000.0,1,131000.0,Sí,671.0,1,188000.0,507000.0,0,2397000.0
CL202303617,2023,Mendoza Sur,Mendoza,12/02/2016,33,monotrib.,391000.0,4.2,158000.0,1,63000.0,si,642.0,0,104000.0,708000.0,0,2045000.0
CL202300138,2023,Microcentro,Santa Fe,27/11/2020,44,Rel. Dependencia,972000.0,,132000.0,7,445000.0,no,794.0,1,349000.0,1998000.0,0,3797000.0
CL202304757,2023,Canal Digital,Córdoba,02/14/2017,25,Rel. Dependencia,236000.0,4.8,211000.0,5,65.0,S,531.0,2,153000.0,331000.0,0,1204000.0
CL202302147,2023,Palermo,Buenos Aires,15/02/2018,52,RD,1594000.0,16.1,440000.0,5,375000.0,si,645.0,0,626000.0,3498000.0,0,4309000.0
CL202305173,2023,Rosario Norte,Neuquén,12/31/2018,18,RD,1289000.0,5.2,205000.0,3,496000.0,0,743.0,0,733000.0,2524000.0,1,2478000.0
CL202300635,2023,Rosario Norte,Neuquén,17/04/2017,44,RD,726000.0,14.8,229000.0,2,424000.0,si,603.0,4,203000.0,1445000.0,0,1822000.0
CL202305926,2023,Córdoba Shopping,Mendoza,23/12/2016,36,relacion de dependencia,873000.0,9.0,69000.0,3,345000.0,no,714.0,0,327000.0,1468000.0,0,1726000.0
CL202305640,2023,Mendoza Sur,Tucumán,2020-12-13,39,monotrib.,407000.0,3.8,140000.0,2,94000.0,0,674.0,1,246000.0,785000.0,2,1932000.0
CL202302128,2023,Rosario Norte,Córdoba,22/07/2018,48,RD,1044000.0,10.7,242000.0,1,35000.0,N,690.0,2,241000.0,1676000.0,0,5746000.0
CL202300686,2023,Palermo,Córdoba,13/10/2016,47,changas,345000.0,,76000.0,3,65000.0,N,643.0,2,367000.0,387000.0,0,1166000.0
CL202302173,2023,Central,Salta,11/01/2018,35,monotributo,273000.0,,99000.0,1,125000.0,N,613.0,1,144000.0,559000.0,2,1301000.0
CL202300444,2023,La Plata,Tucumán,06/09/2018,54,RD,1562000.0,16.3,245000.0,6,586000.0,Sí,674.0,0,1061000.0,1327000.0,1,5849000.0
CL202306426,2023,La Plata,Neuquén,2021-12-02,54,informal,319000.0,17.6,25000.0,2,58000.0,0,580.0,0,77000.0,603000.0,0,1188000.0
CL202305996,2023,Canal Digital,CABA,2020-05-28,39,monotrib.,,4.3,69000.0,3,220.0,N,661.0,1,656000.0,593000.0,0,2159000.0
CL202303969,2023,Palermo,CABA,09/10/2017,58,informal,438000.0,15.8,139000.0,1,26000.0,no,612.0,0,336000.0,945000.0,0,3302000.0
CL202305825,2023,Palermo,Tucumán,05/20/2021,54,MT,347000.0,,49000.0,3,112000.0,No,744.0,1,77000.0,659000.0,0,1374000.0
CL202301100,2023,Córdoba Shopping,Salta,21/06/2020,43,MT,,,123000.0,1,202000.0,0,706.0,0,367000.0,626000.0,0,1761000.0
CL202300861,2023,Microcentro,Salta,05/09/2017,35,Relación de Dependencia,577000.0,8.5,129000.0,5,94000.0,0,713.0,2,276000.0,593000.0,1,2527000.0
CL202306646,2023,Rosario Norte,Buenos Aires,15/12/2019,27,Rel. Dependencia,866000.0,8.0,59000.0,3,288000.0,N,801.0,1,676000.0,1804000.0,0,4638000.0
CL202305109,2023,Canal Digital,Santa Fe,22/11/2018,51,relacion de dependencia,1513000.0,12.9,240000.0,5,542.0,No,798.0,1,908000.0,2176000.0,0,3711000.0
CL202301564,2023,Córdoba Shopping,Córdoba,2020-01-09,58,MT,1232000.0,10.4,153000.0,2,565000.0,1,739.0,2,619000.0,1531000.0,0,6977000.0
CL202301556,2023,Canal Digital,Tucumán,08/11/2020,67,Rel. Dependencia,2070000.0,23.6,259000.0,4,241.0,N,654.0,1,2045000.0,2275000.0,1,11881000.0
CL202303032,2023,Palermo,Córdoba,03/07/2016,54,Monotributo,434000.0,,182000.0,3,102000.0,S,634.0,3,125000.0,434000.0,0,3105000.0
CL202303065,2023,Microcentro,Buenos Aires,2017-01-18,18,MT,,,144000.0,2,107000.0,No,,1,46000.0,1733000.0,0,3924000.0
CL202304950,2023,Central,Neuquén,28/04/2021,38,Rel. Dependencia,675000.0,12.1,118000.0,4,139000.0,0,642.0,0,317000.0,569000.0,0,1280000.0
CL202305410,2023,Rosario Norte,Tucumán,2016-12-19,28,monotributo,709000.0,,146000.0,3,199000.0,no,653.0,0,338000.0,1122000.0,0,4331000.0
CL202304335,2023,Rosario Norte,Mendoza,16/08/2016,26,monotributo,,6.7,88000.0,2,116000.0,0,745.0,0,372000.0,608000.0,0,2592000.0
CL202305684,2023,Microcentro,Mendoza,2017-01-11,18,monotributo,352000.0,0.0,145000.0,2,80000.0,no,632.0,1,259000.0,706000.0,2,1050000.0
CL202300008,2023,Palermo,Tucumán,04/05/2017,66,monotributo,,12.4,40000.0,4,81000.0,No,656.0,1,180000.0,373000.0,0,638000.0
CL202305497,2023,Rosario Norte,Salta,2019-12-14,18,monotrib.,410000.0,0.0,115000.0,2,113000.0,No,755.0,1,198000.0,505000.0,0,1719000.0
CL202300512,2023,Central,Santa Fe,24/11/2020,26,Monotributo,509000.0,6.7,67000.0,2,67000.0,No,794.0,1,331000.0,730000.0,1,2092000.0
CL202303657,2023,Palermo,Córdoba,01/07/2020,66,informal,156000.0,21.2,32000.0,3,59000.0,No,612.0,1,139000.0,206000.0,1,1080000.0
CL202302551,2023,Central,Neuquén,26/09/2020,56,Informal,,12.9,33000.0,6,45000.0,0,,1,72000.0,147000.0,0,243000.0
CL202303685,2023,Córdoba Shopping,Tucumán,2020-02-23,18,Informal,370000.0,0.0,31000.0,2,74000.0,N,669.0,2,203000.0,344000.0,1,1603000.0
CL202300350,2023,La Plata,Neuquén,01/02/2020,50,Relación de Dependencia,574000.0,14.1,115000.0,6,213000.0,No,701.0,1,53000.0,571000.0,0,3205000.0
CL202303058,2023,Mendoza Sur,Neuquén,04/04/2020,30,Rel. Dependencia,2566000.0,3.3,82000.0,1,1231000.0,No,,1,2779000.0,2748000.0,0,5347000.0
CL202300888,2023,Central,Santa Fe,2020-09-30,51,Informal,268000.0,10.6,109000.0,2,101000.0,no,618.0,0,196000.0,393000.0,0,1129000.0
CL202303737,2023,Palermo,CABA,10/08/2018,34,relacion de dependencia,905000.0,7.4,588000.0,3,324000.0,1,577.0,3,603000.0,1299000.0,1,5496000.0
CL202301559,2023,Mendoza Sur,Córdoba,2016-06-27,41,MT,730000.0,7.8,100000.0,3,374000.0,0,723.0,1,461000.0,739000.0,0,1557000.0
CL202305754,2023,Palermo,Santa Fe,2017-10-09,51,RD,1638000.0,18.6,276000.0,6,321000.0,no,,0,961000.0,2701000.0,0,4161000.0
CL202304007,2023,Palermo,Córdoba,04/23/2019,49,changas,110000.0,,80000.0,3,56000.0,1,564.0,1,47000.0,109000.0,6,418000.0
CL202301597,2023,Central,CABA,11/01/2020,52,relacion de dependencia,,14.4,230000.0,5,278000.0,no,765.0,1,1020000.0,3106000.0,1,13184000.0
CL202305774,2023,La Plata,CABA,10/06/2018,46,MT,161000.0,13.8,119000.0,3,48000.0,si,556.0,2,108000.0,233000.0,3,1052000.0
CL202305698,2023,Central,Santa Fe,08/02/2018,78,monotrib.,855000.0,,219000.0,4,362000.0,S,657.0,2,1054000.0,790000.0,0,5078000.0
CL202303041,2023,Córdoba Shopping,CABA,28/09/2017,34,s/d,290000.0,7.5,14000.0,3,89000.0,0,722.0,0,235000.0,276000.0,0,1871000.0
CL202300067,2023,Palermo,Mendoza,02/12/2019,51,changas,155000.0,,90000.0,4,34000.0,Sí,566.0,2,146000.0,303000.0,4,1237000.0
CL202305408,2023,Palermo,CABA,11/01/2020,28,Rel. Dependencia,,5.0,97000.0,4,235000.0,no,,0,345000.0,861000.0,1,2671000.0
CL202300603,2023,Central,Salta,04/06/2017,39,Relación de Dependencia,770000.0,11.9,133000.0,4,172000.0,N,722.0,0,427000.0,1612000.0,0,5514000.0
CL202304723,2023,Central,Neuquén,12/10/2020,28,relacion de dependencia,,4.2,263000.0,5,837000.0,No,783.0,1,1228000.0,3932000.0,0,3576000.0
CL202300307,2023,La Plata,Córdoba,08/11/2016,50,Monotributo,636000.0,,133000.0,3,227000.0,No,817.0,1,526000.0,622000.0,0,4422000.0
CL202302112,2023,Mendoza Sur,Córdoba,2021-03-07,43,RD,1051000.0,12.5,131000.0,4,268000.0,0,734.0,2,851000.0,1516000.0,0,4549000.0
CL202301516,2023,Central,Santa Fe,2021-03-16,38,monotributo,676000.0,,261000.0,5,119000.0,Sí,,1,163000.0,1447000.0,0,1122000.0
CL202303812,2023,Rosario Norte,Córdoba,13/11/2020,42,RD,795000.0,16.9,290000.0,3,209000.0,S,585.0,1,355000.0,771000.0,2,1401000.0
CL202300724,2023,Central,Buenos Aires,08/02/2017,48,MT,187000.0,9.1,38000.0,2,79000.0,1,655.0,3,98000.0,361000.0,1,818000.0
CL202301659,2023,La Plata,Santa Fe,22/06/2020,43,Monotributo,,,0.0,5,123000.0,0,772.0,1,245000.0,672000.0,0,673000.0
CL202305727,2023,Palermo,Tucumán,22/10/2021,34,relacion de dependencia,,4.8,232000.0,3,235000.0,si,631.0,1,632000.0,1368000.0,1,5715000.0
CL202302991,2023,Microcentro,Tucumán,09/10/2019,42,Informal,309000.0,6.2,61000.0,4,165000.0,No,732.0,1,98000.0,344000.0,0,634000.0
CL202301778,2023,Canal Digital,Santa Fe,26/04/2019,33,Relación de Dependencia,721000.0,10.0,66000.0,2,217.0,0,,2,65000.0,1576000.0,0,5141000.0
CL202300810,2023,Central,Salta,10/03/2018,50,Rel. Dependencia,,19.4,112000.0,5,272000.0,no,,0,318000.0,747000.0,0,2218000.0
CL202303957,2023,La Plata,Santa Fe,24/10/2018,64,s/d,91000.0,16.8,29000.0,3,17000.0,0,623.0,2,30000.0,73000.0,0,561000.0
CL202304973,2023,Central,Santa Fe,20/06/2016,54,MT,278000.0,,10000.0,6,104000.0,no,697.0,0,144000.0,611000.0,1,2018000.0
CL202300631,2023,Palermo,Buenos Aires,30/07/2017,30,monotributo,644000.0,5.1,64000.0,4,103000.0,si,639.0,1,427000.0,1049000.0,2,3041000.0
CL202303566,2023,Córdoba Shopping,Tucumán,2016-10-02,38,Informal,342000.0,6.3,114000.0,2,131000.0,no,637.0,2,277000.0,729000.0,0,2538000.0
CL202300106,2023,Microcentro,Salta,2016-01-20,44,relacion de dependencia,581000.0,12.3,131000.0,7,215000.0,N,689.0,1,260000.0,1158000.0,0,4593000.0
CL202301242 ,2023,Córdoba Shopping,Mendoza,28/04/2018,43,changas,342000.0,,46000.0,4,115000.0,0,717.0,0,297000.0,623000.0,0,1341000.0
CL202303309,2023,Central,Tucumán,05/01/2017,54,relacion de dependencia,826000.0,18.0,288000.0,3,264000.0,si,692.0,1,368000.0,1456000.0,1,6285000.0
CL202305072,2023,Central,Tucumán,08/05/2016,20,relacion de dependencia,1080000.0,2.2,274000.0,4,134000.0,No,651.0,0,321000.0,2330000.0,1,3204000.0
CL202302777,2023,La Plata,Tucumán,2020-11-25,58,changas,114000.0,14.1,54000.0,4,14000.0,0,575.0,2,57000.0,159000.0,0,639000.0
CL202300683,2023,Córdoba Shopping,Córdoba,2018-11-26,18,informal,236000.0,0.0,117000.0,2,103000.0,Sí,537.0,1,84000.0,493000.0,0,1862000.0
CL202303078,2023,Canal Digital,Buenos Aires,03/06/2017,41,Informal,189000.0,8.2,88000.0,1,26.0,Sí,643.0,1,100000.0,175000.0,0,431000.0
CL202306735,2023,Córdoba Shopping,Salta,05/24/2020,28,relacion de dependencia,781000.0,8.6,108000.0,3,156000.0,no,661.0,0,258000.0,1344000.0,0,5067000.0
CL202305902,2023,Canal Digital,Buenos Aires,27/11/2020,44,monotrib.,627000.0,9.3,191000.0,4,203.0,no,657.0,1,344000.0,1334000.0,0,1217000.0
CL202300651,2023,Rosario Norte,Córdoba,06/21/2021,37,RD,,7.1,343000.0,4,48000.0,si,652.0,2,373000.0,1356000.0,0,5274000.0
CL202301485,2023,Rosario Norte,Buenos Aires,2020-01-01,42,RD,,7.7,142000.0,2,710000.0,N,750.0,0,658000.0,2565000.0,0,8287000.0
CL202303642,2023,Rosario Norte,Córdoba,2019-07-04,36,Monotributo,408000.0,9.3,76000.0,1,82000.0,Sí,628.0,2,227000.0,568000.0,0,1469000.0
CL202305299,2023,Córdoba Shopping,Santa Fe,2016-03-16,44,monotributo,716000.0,,210000.0,2,88000.0,No,,1,526000.0,738000.0,0,2553000.0
CL202300727,2023,Microcentro,Santa Fe,2017-02-22,40,Relación de Dependencia,1218000.0,7.5,337000.0,4,431000.0,N,682.0,2,989000.0,1211000.0,1,1926000.0
CL202306393,2023,Córdoba Shopping,Mendoza,13/01/2017,55,informal,120000.0,13.7,50000.0,1,29000.0,No,563.0,0,56000.0,127000.0,1,376000.0
CL202305616,2023,La Plata,Buenos Aires,2021-04-26,74,monotributo,,19.1,167000.0,3,15000.0,S,596.0,0,171000.0,646000.0,0,1852000.0
CL202300733,2023,Canal Digital,Córdoba,16/02/2016,43,relacion de dependencia,1594000.0,15.1,181000.0,7,664.0,si,794.0,2,710000.0,3158000.0,0,5486000.0
CL202306534,2023,Mendoza Sur,Salta,2020-01-19,27,Rel. Dependencia,649000.0,10.9,149000.0,6,177000.0,0,619.0,0,557000.0,1213000.0,0,2110000.0
CL202301467,2023,Canal Digital,Salta,05/01/2020,18,Rel. Dependencia,,6.2,85000.0,7,124.0,no,646.0,1,310000.0,723000.0,1,3517000.0
CL202302167,2023,Canal Digital,Neuquén,07/03/2020,30,Informal,195000.0,,50000.0,1,85.0,0,,1,85000.0,282000.0,2,697000.0
CL202301208,2023,Microcentro,Santa Fe,14/01/2016,33,relacion de dependencia,1040000.0,6.3,247000.0,9,392000.0,no,769.0,0,180000.0,2014000.0,0,5260000.0
CL202301623,2023,Córdoba Shopping,Tucumán,06/26/2019,52,RD,587000.0,15.8,67000.0,4,62000.0,No,,1,425000.0,791000.0,0,3271000.0
CL202302207,2023,La Plata,Buenos Aires,15/10/2020,27,s/d,178000.0,,71000.0,4,80000.0,no,,4,145000.0,308000.0,2,1082000.0
CL202300511,2023,Central,Buenos Aires,2021-07-03,55,RD,3135000.0,20.0,406000.0,5,1167000.0,no,,0,1617000.0,2838000.0,0,19866000.0
CL202301465,2023,Palermo,CABA,19/11/2019,38,Relación de Dependencia,503000.0,10.2,16000.0,5,129000.0,N,720.0,1,175000.0,930000.0,0,1147000.0
CL202301294,2023,Palermo,Salta,2017-10-08,51,RD,500000.0,14.6,247000.0,3,165000.0,1,594.0,2,470000.0,783000.0,2,2401000.0
CL202302014,2023,Mendoza Sur,Santa Fe,04/09/2019,41,relacion de dependencia,1805000.0,9.3,383000.0,5,638000.0,N,644.0,1,1051000.0,2175000.0,0,10105000.0
CL202302540,2023,Córdoba Shopping,CABA,02/01/2016,38,informal,95000.0,,60000.0,4,36000.0,Sí,516.0,3,55000.0,132000.0,3,363000.0
CL202306066,2023,Palermo,Neuquén,11/04/2017,43,informal,159000.0,12.0,110000.0,3,85000.0,1,563.0,0,109000.0,161000.0,4,794000.0
CL202306222,2023,Canal Digital,CABA,11/05/2017,25,monotrib.,209000.0,4.5,61000.0,6,42.0,0,639.0,0,170000.0,225000.0,2,1560000.0
CL202301963,2023,Canal Digital,Mendoza,17/08/2017,49,monotrib.,,12.2,128000.0,2,198.0,No,707.0,0,423000.0,748000.0,0,3354000.0
CL202305927,2023,La Plata,Neuquén,09/15/2018,42,relacion de dependencia,574000.0,13.4,10000.0,2,182000.0,N,,0,506000.0,775000.0,1,4588000.0
CL202304421,2023,Córdoba Shopping,Córdoba,13/03/2021,29,Rel. Dependencia,315000.0,2.5,53000.0,1,58000.0,N,674.0,3,228000.0,296000.0,0,2360000.0
CL202301831,2023,La Plata,Neuquén,2020-09-24,65,Monotributo,357000.0,,15000.0,3,105000.0,no,734.0,1,192000.0,770000.0,0,2790000.0
CL202301221,2023,Microcentro,Tucumán,04/03/2020,49,s/d,,11.4,125000.0,2,141000.0,1,641.0,3,107000.0,609000.0,1,981000.0
CL202304715,2023,Canal Digital,Buenos Aires,11/07/2018,38,Relación de Dependencia,1586000.0,10.6,199000.0,4,509.0,0,716.0,1,604000.0,1729000.0,0,3909000.0
CL202304667,2023,Córdoba Shopping,Santa Fe,12/02/2016,40,Rel. Dependencia,602000.0,11.4,184000.0,7,80000.0,S,605.0,1,21000.0,773000.0,1,4056000.0
CL202304781,2023,Córdoba Shopping,Buenos Aires,09/13/2020,45,monotrib.,304000.0,8.9,85000.0,2,70000.0,No,582.0,0,278000.0,305000.0,0,1272000.0
CL202302526,2023,Central,Neuquén,02/21/2018,32,Informal,376000.0,2.9,61000.0,4,106000.0,1,729.0,1,26000.0,760000.0,0,1279000.0
CL202301003,2023,La Plata,Buenos Aires,2019-09-15,18,RD,409000.0,5.3,140000.0,4,204000.0,si,636.0,2,276000.0,744000.0,0,2433000.0
CL202304109,2023,Central,Tucumán,26/12/2020,56,RD,,18.3,250000.0,4,201000.0,Sí,,1,164000.0,1623000.0,0,1771000.0
CL202301910,2023,Palermo,Tucumán,23/06/2017,52,Monotributo,231000.0,12.3,49000.0,3,39000.0,si,721.0,1,131000.0,268000.0,0,793000.0
CL202304244,2023,Canal Digital,Buenos Aires,2021-06-11,54,monotrib.,703000.0,16.8,168000.0,2,150.0,No,784.0,0,332000.0,594000.0,1,3272000.0
CL202303734,2023,Córdoba Shopping,CABA,15/08/2020,41,MT,771000.0,,149000.0,4,401000.0,N,768.0,0,457000.0,933000.0,0,3396000.0
CL202306386,2023,Palermo,Mendoza,06/05/2019,26,monotrib.,303000.0,,53000.0,4,100000.0,No,673.0,0,236000.0,626000.0,0,512000.0
CL202306177,2023,Palermo,CABA,28/03/2019,38,Rel. Dependencia,937000.0,12.4,232000.0,4,236000.0,no,702.0,1,435000.0,989000.0,0,2684000.0
CL202305891,2023,Mendoza Sur,Buenos Aires,19/12/2016,18,MT,270000.0,1.8,98000.0,3,156000.0,si,596.0,0,90000.0,306000.0,0,1471000.0
CL202303409,2023,Córdoba Shopping,Buenos Aires,05/05/2016,27,relacion de dependencia,,5.6,245000.0,3,318000.0,No,609.0,0,665000.0,1267000.0,1,4708000.0
CL202302561,2023,Córdoba Shopping,Santa Fe,04/10/2018,48,relacion de dependencia,620000.0,11.1,146000.0,3,81000.0,N,631.0,4,89000.0,1104000.0,0,4872000.0
CL202305379,2023,Rosario Norte,Mendoza,09/07/2017,29,RD,,1.9,254000.0,5,194000.0,0,773.0,2,1192000.0,4233000.0,0,9063000.0
CL202300250,2023,La Plata,Tucumán,06/08/2020,28,relacion de dependencia,517000.0,2.5,106000.0,3,133000.0,1,,4,342000.0,570000.0,0,4074000.0
CL202300114,2023,Palermo,Buenos Aires,11/06/2017,44,Monotributo,239000.0,7.7,98000.0,1,113000.0,No,626.0,1,167000.0,288000.0,0,1250000.0
CL202305472,2023,Palermo,Neuquén,15/11/2017,55,informal,398000.0,15.0,116000.0,4,48000.0,Sí,659.0,1,112000.0,570000.0,0,2193000.0
CL202300003,2023,Microcentro,Neuquén,16/01/2016,32,monotributo,,4.9,56000.0,4,42000.0,si,609.0,1,101000.0,176000.0,0,319000.0
CL202304634,2023,Córdoba Shopping,Córdoba,2021-12-12,24,MT,576000.0,,76000.0,4,104000.0,S,652.0,0,98000.0,752000.0,0,4167000.0
CL202303186,2023,Microcentro,CABA,11/16/2019,20,informal,210000.0,,140000.0,1,75000.0,si,538.0,0,181000.0,276000.0,0,1034000.0
CL202304220,2023,Central,Córdoba,19/07/2017,18,informal,,,72000.0,2,24000.0,si,536.0,0,113000.0,214000.0,0,1248000.0
CL202305720,2023,Palermo,CABA,01/10/2016,69,s/d,440000.0,18.8,43000.0,4,165000.0,no,696.0,2,331000.0,377000.0,0,2969000.0
CL202300006,2023,Mendoza Sur,Mendoza,15/02/2018,29,Informal,229000.0,2.2,122000.0,2,61000.0,si,547.0,1,115000.0,353000.0,2,527000.0
CL202300640,2023,Palermo,Tucumán,2017-03-10,26,monotributo,469000.0,2.7,144000.0,4,167000.0,No,671.0,1,245000.0,634000.0,1,1673000.0
CL202303768,2023,Córdoba Shopping,Córdoba,2017-05-24,39,MT,357000.0,8.5,75000.0,2,99000.0,si,600.0,1,310000.0,386000.0,1,1047000.0
CL202305589,2023,Córdoba Shopping,Santa Fe,02/09/2017,50,Monotributo,424000.0,10.9,56000.0,2,119000.0,0,752.0,1,162000.0,369000.0,0,2105000.0
CL202301774,2023,La Plata,Buenos Aires,02/06/2018,18,MT,,0.0,69000.0,1,84000.0,Sí,652.0,1,146000.0,297000.0,1,612000.0
CL202301834,2023,Rosario Norte,Salta,10/29/2019,37,Relación de Dependencia,,9.2,184000.0,3,396000.0,S,624.0,1,401000.0,943000.0,4,5105000.0
CL202304027,2023,Mendoza Sur,Mendoza,26/07/2016,45,Rel. Dependencia,759000.0,13.6,230000.0,4,67000.0,no,619.0,2,438000.0,667000.0,1,1399000.0
CL202305635,2023,Canal Digital,Tucumán,04/16/2019,26,RD,676000.0,6.6,188000.0,7,248.0,1,670.0,0,504000.0,1435000.0,0,2532000.0
CL202303695,2023,Central,Córdoba,12/02/2016,42,Monotributo,901000.0,,151000.0,2,300000.0,No,729.0,1,788000.0,1370000.0,2,2389000.0
CL202304135,2023,Microcentro,Mendoza,03/21/2017,25,MT,475000.0,0.9,174000.0,2,142000.0,S,,0,193000.0,535000.0,2,1804000.0
CL202302292,2023,Mendoza Sur,Córdoba,09/05/2017,52,s/d,199000.0,10.4,96000.0,3,35000.0,S,595.0,1,76000.0,315000.0,1,1103000.0
CL202300213,2023,Microcentro,Córdoba,09/04/2017,45,monotributo,244000.0,9.4,62000.0,2,47000.0,S,655.0,0,134000.0,338000.0,0,1475000.0
CL202302291,2023,Córdoba Shopping,Tucumán,07/22/2016,40,informal,194000.0,,78000.0,4,55000.0,No,,1,123000.0,304000.0,2,424000.0
CL202300052,2023,Central,Córdoba,11/15/2017,49,Informal,171000.0,,55000.0,1,49000.0,si,,3,111000.0,234000.0,1,760000.0
CL202304913,2023,Córdoba Shopping,Mendoza,01/09/2016,48,Monotributo,,,175000.0,1,111000.0,No,644.0,0,137000.0,843000.0,0,1627000.0
CL202303859,2023,Microcentro,CABA,2016-09-29,18,monotrib.,400000.0,,92000.0,4,164000.0,S,656.0,2,281000.0,405000.0,0,975000.0
CL202306210,2023,Central,Mendoza,20/01/2017,60,relacion de dependencia,515000.0,13.9,114000.0,4,91000.0,si,719.0,0,384000.0,936000.0,0,1116000.0
CL202300740,2023,Central,Santa Fe,2020-08-09,54,informal,,,24000.0,2,83000.0,N,668.0,0,18000.0,190000.0,1,1039000.0
CL202304253,2023,Mendoza Sur,Santa Fe,23/01/2018,32,informal,,,109000.0,3,168000.0,N,619.0,0,283000.0,612000.0,0,2156000.0
CL202306273,2023,Palermo,Buenos Aires,20/07/2018,38,changas,275000.0,,86000.0,4,59000.0,1,588.0,0,86000.0,588000.0,1,855000.0
CL202302457,2023,Canal Digital,Buenos Aires,28/10/2017,53,RD,1346000.0,11.7,179000.0,1,591.0,no,725.0,1,1064000.0,1692000.0,1,4137000.0
CL202302056 ,2023,La Plata,Neuquén,05/18/2020,18,informal,131000.0,0.0,71000.0,2,34000.0,1,582.0,1,79000.0,155000.0,2,646000.0
CL202301268,2023,Palermo,Tucumán,24/11/2016,53,s/d,237000.0,15.4,74000.0,1,78000.0,si,643.0,1,208000.0,362000.0,0,1585000.0
CL202306734,2023,Córdoba Shopping,CABA,30/11/2016,35,RD,648000.0,7.6,124000.0,7,227000.0,si,735.0,0,273000.0,1266000.0,0,4070000.0
CL202302395,2023,Córdoba Shopping,Santa Fe,14/11/2020,19,monotrib.,,,97000.0,5,231000.0,si,622.0,0,16000.0,848000.0,0,1808000.0
CL202306179,2023,Mendoza Sur,CABA,11/03/2016,47,relacion de dependencia,395000.0,9.7,108000.0,3,72000.0,1,658.0,0,251000.0,601000.0,2,2383000.0
CL202305488,2023,Rosario Norte,Buenos Aires,15/08/2020,33,changas,160000.0,4.0,19000.0,2,21000.0,no,672.0,3,70000.0,222000.0,0,596000.0
CL202306024,2023,Rosario Norte,Buenos Aires,02/03/2020,78,changas,,21.1,40000.0,3,46000.0,S,620.0,2,76000.0,93000.0,1,786000.0
CL202306304,2023,Microcentro,CABA,08/28/2017,42,MT,502000.0,9.2,214000.0,3,127000.0,no,625.0,2,49000.0,449000.0,2,1613000.0
CL202302488,2023,La Plata,CABA,05/01/2021,33,Relación de Dependencia,631000.0,10.7,416000.0,8,189000.0,Sí,587.0,2,386000.0,1008000.0,1,2219000.0
CL202301897,2023,La Plata,Córdoba,11/12/2016,36,MT,598000.0,,104000.0,4,117000.0,no,762.0,2,194000.0,680000.0,0,3047000.0
CL202300684,2023,Rosario Norte,Tucumán,2016-01-22,46,monotributo,510000.0,9.2,170000.0,5,213000.0,N,602.0,1,248000.0,813000.0,0,2426000.0
CL202305328,2023,Microcentro,Buenos Aires,01/09/2018,40,Informal,224000.0,7.6,67000.0,5,27000.0,No,591.0,0,99000.0,423000.0,0,955000.0
CL202304675,2023,Central,Buenos Aires,16/08/2017,41,MT,902000.0,,189000.0,5,274000.0,si,737.0,1,488000.0,1136000.0,0,5895000.0
CL202303464,2023,La Plata,Córdoba,2021-07-31,31,MT,,,99000.0,2,61000.0,0,632.0,0,210000.0,595000.0,0,2059000.0
CL202302957,2023,Córdoba Shopping,Salta,11/01/2019,64,relacion de dependencia,1133000.0,19.5,74000.0,1,225000.0,N,710.0,1,406000.0,1584000.0,1,4630000.0
CL202306398,2023,Central,Córdoba,31/05/2020,45,changas,175000.0,5.9,111000.0,2,41000.0,S,490.0,3,69000.0,189000.0,1,1070000.0
CL202301248,2023,Córdoba Shopping,Mendoza,01/01/2016,69,relacion de dependencia,415000.0,25.1,183000.0,3,189000.0,si,511.0,0,246000.0,493000.0,1,2213000.0
CL202305417,2023,Mendoza Sur,Neuquén,2021-11-19,71,monotributo,528000.0,16.7,60000.0,2,115000.0,No,764.0,0,236000.0,1104000.0,0,2071000.0
CL202303540,2023,Central,Tucumán,15/01/2017,41,Informal,,4.5,70000.0,2,32000.0,1,546.0,4,0.0,220000.0,0,500000.0
CL202306015,2023,Central,Córdoba,2017-01-14,18,Rel. Dependencia,1012000.0,5.0,492000.0,6,425000.0,si,632.0,2,107000.0,1235000.0,0,4173000.0
CL202302132,2023,Canal Digital,Tucumán,20/10/2020,52,relacion de dependencia,1167000.0,14.8,454000.0,3,560.0,si,601.0,0,850000.0,1629000.0,1,4248000.0
CL202306145,2023,La Plata,Salta,21/02/2021,34,MT,437000.0,,183000.0,2,75000.0,no,615.0,2,155000.0,492000.0,2,2293000.0
CL202303513,2023,Central,CABA,04/07/2020,44,RD,,11.5,74000.0,4,262000.0,No,663.0,2,494000.0,1144000.0,0,1684000.0
CL202303798,2023,La Plata,CABA,20/11/2017,36,changas,307000.0,7.9,167000.0,3,61000.0,0,594.0,3,199000.0,367000.0,0,1691000.0
CL202304174,2023,Microcentro,CABA,03/04/2019,57,Monotributo,382000.0,,69000.0,2,122000.0,no,614.0,0,195000.0,696000.0,0,2499000.0
CL202303060,2023,Mendoza Sur,Salta,27/12/2016,60,relacion de dependencia,,15.3,396000.0,2,837000.0,no,819.0,3,1742000.0,2889000.0,0,5976000.0
CL202305177,2023,La Plata,Salta,17/09/2017,39,Rel. Dependencia,1452000.0,,331000.0,4,623000.0,no,850.0,1,529000.0,2876000.0,0,10953000.0
CL202301791,2023,Canal Digital,Buenos Aires,16/09/2018,31,changas,282000.0,,64000.0,3,86.0,N,745.0,1,34000.0,405000.0,0,1077000.0
CL202300406,2023,Central,Tucumán,19/05/2020,53,Rel. Dependencia,751000.0,13.8,150000.0,7,426000.0,1,707.0,0,485000.0,1461000.0,0,2671000.0
CL202304561,2023,Palermo,Salta,16/12/2018,46,monotributo,628000.0,15.0,79000.0,3,171000.0,N,748.0,0,593000.0,559000.0,0,1544000.0
CL202306028,2023,Mendoza Sur,Buenos Aires,24/04/2021,50,MT,669000.0,13.9,189000.0,1,66000.0,No,682.0,0,361000.0,966000.0,0,5273000.0
CL202306416,2023,Rosario Norte,CABA,12/03/2018,50,MT,920000.0,,173000.0,5,159000.0,no,781.0,2,414000.0,1170000.0,1,5386000.0
CL202303010,2023,Microcentro,Mendoza,02/07/2019,28,s/d,156000.0,4.6,73000.0,3,33000.0,S,,2,104000.0,210000.0,0,392000.0
CL202304251,2023,La Plata,Salta,04/07/2016,21,MT,345000.0,5.0,145000.0,4,130000.0,S,661.0,1,271000.0,736000.0,0,2452000.0
CL202300711,2023,Mendoza Sur,Mendoza,2019-08-25,54,Rel. Dependencia,747000.0,12.5,390000.0,2,174000.0,Sí,609.0,3,361000.0,1469000.0,1,3617000.0
CL202306069,2023,Rosario Norte,CABA,02/09/2016,64,changas,238000.0,,78000.0,3,102000.0,0,614.0,0,106000.0,483000.0,0,603000.0
CL202303114,2023,Rosario Norte,Mendoza,15/11/2021,52,monotrib.,404000.0,,172000.0,4,119000.0,si,624.0,1,53000.0,359000.0,0,613000.0
CL202306189,2023,Rosario Norte,Tucumán,2019-04-05,38,MT,726000.0,,110000.0,5,200000.0,no,666.0,1,346000.0,1428000.0,1,5761000.0
CL202301800,2023,Canal Digital,Córdoba,25/07/2020,47,RD,605000.0,11.6,149000.0,7,173.0,1,,1,345000.0,536000.0,0,3056000.0
CL202306154,2023,Canal Digital,Salta,2018-12-15,35,relacion de dependencia,1978000.0,7.2,55000.0,2,1017.0,No,850.0,0,1425000.0,2370000.0,0,8900000.0
CL202300506,2023,Rosario Norte,Santa Fe,09/30/2019,39,RD,2056000.0,16.0,144000.0,2,394000.0,No,850.0,1,1364000.0,2616000.0,0,11831000.0
CL202306335,2023,Microcentro,Santa Fe,03/08/2016,18,Relación de Dependencia,502000.0,4.3,54000.0,2,147000.0,N,663.0,2,192000.0,929000.0,1,963000.0
CL202302981,2023,La Plata,Salta,31/03/2020,46,Monotributo,,,93000.0,2,104000.0,No,671.0,2,275000.0,608000.0,1,2412000.0
CL202301664,2023,Microcentro,Salta,27/01/2020,47,Rel. Dependencia,1242000.0,14.7,262000.0,4,450000.0,N,639.0,1,273000.0,2286000.0,0,3535000.0
CL202305758,2023,Rosario Norte,Mendoza,31/10/2020,52,MT,584000.0,10.5,131000.0,2,260000.0,N,662.0,0,364000.0,824000.0,1,2972000.0
CL202301961,2023,Canal Digital,Buenos Aires,2021-09-26,52,informal,177000.0,10.8,122000.0,2,35.0,Sí,544.0,4,30000.0,255000.0,0,1277000.0
CL202306608,2023,Mendoza Sur,Tucumán,12/13/2016,36,relacion de dependencia,725000.0,8.6,124000.0,4,456000.0,N,714.0,1,246000.0,1544000.0,0,1566000.0
CL202302090,2023,Microcentro,Buenos Aires,2017-01-18,54,relacion de dependencia,1178000.0,13.0,188000.0,3,165000.0,no,,1,597000.0,1429000.0,0,3449000.0
CL202305977,2023,Microcentro,Córdoba,2019-01-17,18,monotributo,,0.6,224000.0,4,257000.0,N,597.0,1,294000.0,726000.0,1,2571000.0
CL202301854,2023,Microcentro,Santa Fe,2020-10-25,54,relacion de dependencia,,21.5,144000.0,6,190000.0,0,,2,500000.0,1133000.0,0,4199000.0
CL202303233,2023,Canal Digital,Santa Fe,11/29/2018,31,MT,308000.0,1.7,127000.0,2,69.0,S,670.0,3,192000.0,659000.0,0,1389000.0
CL202300135,2023,Mendoza Sur,Tucumán,29/04/2019,55,MT,431000.0,14.0,156000.0,1,110000.0,1,668.0,0,120000.0,385000.0,0,1065000.0
CL202303072,2023,Microcentro,Tucumán,2019-01-25,52,Relación de Dependencia,1238000.0,17.3,226000.0,5,478000.0,No,733.0,0,722000.0,2340000.0,1,8161000.0
CL202303346,2023,Palermo,Buenos Aires,08/02/2016,36,changas,331000.0,4.0,38000.0,2,133000.0,No,850.0,0,104000.0,517000.0,0,916000.0
CL202302895,2023,Central,Buenos Aires,20/02/2020,49,Rel. Dependencia,575000.0,14.6,174000.0,2,242000.0,Sí,574.0,2,448000.0,674000.0,0,4249000.0
CL202303308,2023,La Plata,Tucumán,07/15/2019,22,Relación de Dependencia,2679000.0,3.7,464000.0,6,930000.0,N,792.0,3,2377000.0,4861000.0,0,11672000.0
CL202300224,2023,Microcentro,Santa Fe,14/06/2021,28,monotrib.,412000.0,4.0,76000.0,3,44000.0,N,685.0,1,405000.0,899000.0,0,1102000.0
CL202301924,2023,Canal Digital,Córdoba,12/08/2016,42,MT,,,103000.0,5,93.0,N,712.0,0,0.0,519000.0,0,3809000.0
CL202302175,2023,Microcentro,Tucumán,01/03/2018,57,relacion de dependencia,,19.5,127000.0,5,125000.0,Sí,606.0,3,193000.0,301000.0,1,2066000.0
CL202305858,2023,Palermo,Tucumán,2021-07-15,36,Rel. Dependencia,2777000.0,6.6,435000.0,3,649000.0,no,648.0,2,2023000.0,4766000.0,0,17018000.0
CL202300500,2023,Córdoba Shopping,Mendoza,11/12/2021,46,monotrib.,,10.1,70000.0,5,191000.0,0,747.0,1,291000.0,355000.0,0,1817000.0
CL202300593,2023,Canal Digital,Salta,2016-12-06,26,Monotributo,424000.0,0.3,78000.0,5,121.0,No,751.0,3,271000.0,687000.0,0,2657000.0
CL202306702,2023,Córdoba Shopping,Córdoba,06/28/2018,47,monotrib.,485000.0,7.3,79000.0,1,189000.0,N,773.0,0,0.0,1003000.0,0,3223000.0
CL202302048,2023,La Plata,Santa Fe,2017-06-18,18,Monotributo,326000.0,0.0,121000.0,2,130000.0,No,611.0,0,192000.0,636000.0,0,1261000.0
CL202301243,2023,Microcentro,Mendoza,05/03/2018,48,Rel. Dependencia,,15.4,397000.0,2,305000.0,0,700.0,1,936000.0,2348000.0,0,2476000.0
CL202301230,2023,Microcentro,Tucumán,2021-09-15,28,Rel. Dependencia,875000.0,4.6,163000.0,6,248000.0,no,750.0,0,295000.0,1512000.0,0,4691000.0
CL202305682,2023,La Plata,Salta,24/11/2021,37,relacion de dependencia,715000.0,7.9,148000.0,4,168000.0,0,708.0,0,120000.0,882000.0,0,4821000.0
CL202305899,2023,La Plata,Córdoba,19/07/2021,59,MT,1140000.0,11.7,272000.0,2,34000.0,no,761.0,0,684000.0,2339000.0,0,6907000.0
CL202302198,2023,Rosario Norte,Salta,2019-03-21,44,MT,894000.0,8.0,123000.0,2,221000.0,No,694.0,0,519000.0,1275000.0,0,2032000.0
CL202301893,2023,Central,Mendoza,08/25/2019,45,MT,251000.0,7.0,129000.0,1,61000.0,Sí,,3,97000.0,447000.0,0,1071000.0
CL202303326,2023,Microcentro,CABA,18/02/2016,43,Relación de Dependencia,,12.2,230000.0,7,87000.0,1,661.0,1,720000.0,1834000.0,0,3803000.0
CL202303664,2023,Palermo,Tucumán,01/12/2020,63,monotrib.,731000.0,,80000.0,3,156000.0,no,806.0,0,144000.0,1113000.0,0,4559000.0
CL202305478,2023,Palermo,Córdoba,06/10/2018,38,Relación de Dependencia,495000.0,16.8,178000.0,3,193000.0,S,607.0,3,275000.0,675000.0,1,3469000.0
CL202306119,2023,Microcentro,Tucumán,2017-04-07,23,changas,229000.0,3.8,99000.0,7,59000.0,S,649.0,1,54000.0,311000.0,0,563000.0
CL202300093,2023,Mendoza Sur,Buenos Aires,14/05/2017,49,MT,210000.0,13.2,104000.0,3,74000.0,S,584.0,1,77000.0,420000.0,0,966000.0
CL202304782,2023,Mendoza Sur,Córdoba,11/02/2021,47,changas,90000.0,,61000.0,2,5000.0,1,,4,56000.0,131000.0,0,385000.0
CL202303303,2023,Palermo,Santa Fe,2021-09-27,18,changas,342000.0,0.0,80000.0,4,80000.0,1,690.0,0,216000.0,280000.0,2,2388000.0
CL202303993,2023,La Plata,Mendoza,04/08/2019,30,monotributo,655000.0,,154000.0,2,265000.0,N,765.0,0,370000.0,611000.0,0,1737000.0
CL202306704,2023,Central,Salta,27/07/2019,39,Relación de Dependencia,232000.0,9.4,117000.0,8,73000.0,1,584.0,2,108000.0,310000.0,1,353000.0
CL202305305,2023,Córdoba Shopping,Neuquén,14/06/2019,36,Monotributo,347000.0,6.6,107000.0,4,91000.0,no,605.0,2,186000.0,729000.0,1,1170000.0
CL202304512,2023,Córdoba Shopping,Mendoza,2019-10-12,32,monotributo,282000.0,7.3,98000.0,3,118000.0,N,556.0,1,210000.0,393000.0,0,514000.0
CL202304994,2023,Rosario Norte,Neuquén,14/08/2020,40,relacion de dependencia,,9.0,406000.0,5,371000.0,0,716.0,0,707000.0,1610000.0,0,6659000.0
CL202300757,2023,Canal Digital,Salta,06/05/2019,22,monotributo,268000.0,0.0,42000.0,6,90.0,S,660.0,1,217000.0,250000.0,1,1692000.0
CL202303806,2023,Canal Digital,Córdoba,2021-07-24,18,monotributo,280000.0,0.2,216000.0,3,50.0,Sí,550.0,3,20000.0,380000.0,2,1819000.0
CL202302655,2023,Córdoba Shopping,Salta,02/01/2020,44,Monotributo,502000.0,,156000.0,3,132000.0,1,600.0,0,488000.0,750000.0,1,3326000.0
CL202300235,2023,Central,Neuquén,2018-12-04,33,RD,1017000.0,3.4,58000.0,7,89000.0,Sí,669.0,1,0.0,1806000.0,0,6512000.0
CL202302259,2023,Córdoba Shopping,Santa Fe,2018-05-02,25,RD,,6.0,178000.0,4,408000.0,0,688.0,1,23000.0,1035000.0,1,3258000.0
CL202301938,2023,La Plata,Buenos Aires,02/08/2021,39,Relación de Dependencia,745000.0,11.2,134000.0,1,295000.0,Sí,660.0,2,457000.0,1084000.0,0,5021000.0
CL202306498,2023,Canal Digital,Córdoba,05/10/2018,28,informal,299000.0,6.6,189000.0,2,147.0,no,531.0,2,155000.0,392000.0,2,1084000.0
CL202300279,2023,Rosario Norte,CABA,12/05/2021,32,Relación de Dependencia,864000.0,9.2,314000.0,2,260000.0,1,546.0,1,11000.0,1315000.0,2,5729000.0
CL202300843,2023,Palermo,Tucumán,2016-06-20,47,Informal,267000.0,,27000.0,2,87000.0,S,605.0,2,191000.0,279000.0,1,1969000.0
CL202306341,2023,Palermo,Salta,29/12/2019,27,changas,323000.0,,51000.0,2,71000.0,No,719.0,0,313000.0,373000.0,1,1587000.0
CL202302430,2023,Microcentro,CABA,03/01/2016,26,MT,1385000.0,2.5,282000.0,3,571000.0,No,690.0,0,1047000.0,2449000.0,0,4696000.0
CL202303380,2023,Microcentro,Tucumán,17/01/2018,23,RD,575000.0,7.4,53000.0,1,173000.0,No,688.0,2,196000.0,983000.0,0,2696000.0
CL202302779,2023,Rosario Norte,Córdoba,2021-12-22,28,Rel. Dependencia,,2.7,83000.0,2,218000.0,No,714.0,0,527000.0,1498000.0,0,4100000.0
CL202300337,2023,Mendoza Sur,Neuquén,04/01/2021,31,relacion de dependencia,847000.0,6.3,184000.0,5,249000.0,1,643.0,0,660000.0,1636000.0,0,1363000.0
CL202306039,2023,Rosario Norte,Tucumán,2019-08-20,23,Rel. Dependencia,887000.0,2.1,213000.0,5,409000.0,N,761.0,0,265000.0,1000000.0,0,5998000.0
CL202305406,2023,Microcentro,Buenos Aires,2016-05-31,45,RD,408000.0,12.9,333000.0,4,131000.0,Sí,505.0,8,158000.0,816000.0,3,2298000.0
CL202303290,2023,Palermo,Salta,2018-05-28,33,Rel. Dependencia,,7.7,152000.0,7,72000.0,1,647.0,2,147000.0,956000.0,0,1520000.0
CL202302001,2023,La Plata,Tucumán,2017-10-25,50,Monotributo,414000.0,,169000.0,2,158000.0,si,575.0,2,245000.0,418000.0,1,2276000.0
CL202300311,2023,Microcentro,Córdoba,14/05/2021,56,s/d,104000.0,,42000.0,2,31000.0,Sí,573.0,0,93000.0,108000.0,0,672000.0
CL202302472,2023,Rosario Norte,Salta,22/07/2020,61,monotrib.,501000.0,11.9,144000.0,4,275000.0,N,,0,264000.0,1080000.0,1,1332000.0
CL202302473,2023,Palermo,CABA,2020-08-18,41,monotrib.,510000.0,11.1,83000.0,2,212000.0,N,786.0,1,214000.0,419000.0,0,1467000.0
CL202300412,2023,Canal Digital,Salta,30/01/2017,34,Relación de Dependencia,651000.0,14.1,306000.0,4,223.0,No,622.0,1,54000.0,1307000.0,0,3064000.0
CL202303670,2023,Rosario Norte,Buenos Aires,14/05/2018,62,RD,1050000.0,23.6,191000.0,3,488000.0,si,629.0,0,411000.0,927000.0,0,3327000.0
CL202303815,2023,Córdoba Shopping,CABA,10/14/2017,57,Relación de Dependencia,841000.0,13.4,117000.0,4,220000.0,S,681.0,1,415000.0,1613000.0,0,3071000.0
CL202300956,2023,Mendoza Sur,Neuquén,02/20/2017,25,Relación de Dependencia,,1.6,79000.0,9,231000.0,no,686.0,0,384000.0,1579000.0,1,2658000.0
CL202304224,2023,Mendoza Sur,Santa Fe,31/05/2018,27,monotrib.,478000.0,2.9,41000.0,3,208000.0,Sí,668.0,0,355000.0,976000.0,2,722000.0
CL202306770,2023,La Plata,CABA,09/10/2017,33,Monotributo,,,163000.0,3,114000.0,No,598.0,2,108000.0,565000.0,1,2403000.0
CL202300933,2023,Palermo,Mendoza,14/08/2017,32,MT,568000.0,0.0,93000.0,4,266000.0,0,627.0,1,362000.0,1157000.0,1,1267000.0
CL202304588,2023,Central,Tucumán,2016-08-19,27,Rel. Dependencia,,8.0,342000.0,1,290000.0,Sí,652.0,0,244000.0,1002000.0,0,5496000.0
CL202304916,2023,Palermo,CABA,2021-02-24,51,relacion de dependencia,1398000.0,14.4,255000.0,5,796000.0,si,700.0,0,699000.0,2434000.0,0,3512000.0
CL202306673,2023,La Plata,Santa Fe,28/10/2016,36,Relación de Dependencia,436000.0,9.1,270000.0,2,58000.0,0,577.0,0,230000.0,858000.0,3,2759000.0
CL202304630,2023,Central,CABA,06/10/2016,39,Relación de Dependencia,442000.0,9.8,59000.0,2,198000.0,S,674.0,0,175000.0,839000.0,1,762000.0
CL202302429,2023,Canal Digital,Mendoza,2016-07-13,26,Rel. Dependencia,,2.7,66000.0,4,200.0,no,636.0,0,1077000.0,1337000.0,0,7033000.0
CL202305031,2023,Microcentro,CABA,2019-10-03,34,RD,339000.0,8.3,118000.0,3,74000.0,1,599.0,4,220000.0,305000.0,1,541000.0
CL202303615,2023,Canal Digital,Mendoza,2021-02-01,52,relacion de dependencia,502000.0,15.8,242000.0,8,178.0,1,552.0,2,24000.0,919000.0,1,1547000.0
CL202301287,2023,Microcentro,CABA,22/07/2019,51,relacion de dependencia,,11.9,148000.0,4,360000.0,0,806.0,0,415000.0,1058000.0,0,1703000.0
CL202305062,2023,Palermo,Tucumán,2020-12-05,78,monotrib.,2200000.0,16.8,436000.0,3,483000.0,0,688.0,0,168000.0,2558000.0,0,16591000.0
CL202304638,2023,La Plata,Santa Fe,27/10/2020,55,Rel. Dependencia,910000.0,10.3,298000.0,4,259000.0,N,558.0,2,284000.0,1321000.0,1,7094000.0
CL202302879,2023,Rosario Norte,Tucumán,03/07/2018,47,relacion de dependencia,1954000.0,16.4,768000.0,2,564000.0,No,627.0,3,2304000.0,3429000.0,2,13677000.0
CL202302988,2023,Microcentro,Santa Fe,07/22/2021,33,relacion de dependencia,794000.0,16.3,56000.0,3,118000.0,No,,2,335000.0,1166000.0,0,6250000.0
CL202303244,2023,Mendoza Sur,Córdoba,10/11/2021,49,monotributo,384000.0,,56000.0,2,134000.0,No,641.0,1,335000.0,767000.0,0,614000.0
CL202304114,2023,Palermo,Santa Fe,11/02/2021,30,monotributo,706000.0,5.9,142000.0,2,239000.0,N,,0,421000.0,937000.0,0,1784000.0
CL202301080,2023,Córdoba Shopping,Santa Fe,26/11/2017,44,RD,775000.0,16.0,388000.0,2,220000.0,si,567.0,2,94000.0,777000.0,1,4190000.0
CL202303696,2023,Córdoba Shopping,Neuquén,2016-02-01,46,Informal,90000.0,,48000.0,2,9000.0,S,549.0,1,14000.0,130000.0,0,556000.0
CL202303384,2023,La Plata,Mendoza,2020-09-01,36,monotrib.,149000.0,4.2,75000.0,2,35000.0,No,582.0,1,61000.0,132000.0,2,243000.0
CL202301300,2023,Palermo,Salta,2018-02-08,27,Relación de Dependencia,1539000.0,4.1,294000.0,6,540000.0,0,715.0,1,811000.0,1919000.0,0,5465000.0
CL202306308,2023,Rosario Norte,Tucumán,04/04/2019,45,monotributo,507000.0,9.8,114000.0,2,177000.0,no,778.0,0,484000.0,951000.0,0,1535000.0
CL202306064,2023,Rosario Norte,CABA,14/07/2020,43,changas,221000.0,13.7,107000.0,5,89000.0,si,622.0,2,56000.0,337000.0,1,1592000.0
CL202303413,2023,Rosario Norte,Santa Fe,19/12/2021,41,Relación de Dependencia,1434000.0,13.1,726000.0,2,454000.0,Sí,,1,857000.0,1333000.0,1,4235000.0
CL202306396,2023,Palermo,Tucumán,05/05/2016,19,Rel. Dependencia,2121000.0,5.2,328000.0,5,700000.0,no,763.0,0,1105000.0,2537000.0,0,11711000.0
CL202306057,2023,La Plata,Neuquén,03/08/2016,39,changas,185000.0,,59000.0,5,58000.0,1,,2,76000.0,187000.0,0,1410000.0
CL202303191,2023,Central,Córdoba,2018-08-29,69,Relación de Dependencia,682000.0,25.7,348000.0,2,123000.0,no,631.0,2,387000.0,843000.0,0,4554000.0
CL202300632,2023,Rosario Norte,Tucumán,2016-07-16,54,Relación de Dependencia,,,316000.0,9,418000.0,1,662.0,0,427000.0,1214000.0,1,8265000.0
CL202305601,2023,Microcentro,CABA,2018-12-20,28,relacion de dependencia,,3.8,85000.0,3,146000.0,si,731.0,2,242000.0,940000.0,0,1364000.0
CL202304500,2023,Mendoza Sur,Santa Fe,2018-02-05,41,Relación de Dependencia,528000.0,7.6,103000.0,1,261000.0,no,691.0,1,224000.0,423000.0,0,816000.0
CL202302750,2023,La Plata,Buenos Aires,26/11/2019,65,Relación de Dependencia,,21.3,131000.0,5,285000.0,0,726.0,0,287000.0,781000.0,0,4184000.0
CL202301633,2023,Rosario Norte,Santa Fe,09/19/2016,44,s/d,96000.0,10.6,62000.0,2,14000.0,S,649.0,1,108000.0,205000.0,0,333000.0
CL202304370,2023,Canal Digital,CABA,2017-02-05,40,monotributo,1022000.0,,196000.0,2,341.0,no,695.0,1,510000.0,1706000.0,0,6953000.0
CL202303196,2023,Central,Tucumán,2021-07-01,41,Relación de Dependencia,1066000.0,10.6,499000.0,9,266000.0,No,595.0,0,536000.0,1506000.0,1,6585000.0
CL202306753,2023,Canal Digital,CABA,14/06/2017,56,monotributo,596000.0,,71000.0,4,279.0,No,691.0,1,48000.0,1112000.0,0,4316000.0
CL202305565,2023,Microcentro,Santa Fe,09/29/2020,33,Relación de Dependencia,,,70000.0,5,175000.0,No,748.0,0,100000.0,1098000.0,0,3127000.0
CL202301964,2023,Central,CABA,20/12/2021,38,monotrib.,,9.7,142000.0,1,77000.0,Sí,574.0,3,245000.0,244000.0,0,1002000.0
CL202304207,2023,Palermo,Buenos Aires,2021-10-09,36,MT,329000.0,6.5,244000.0,3,58000.0,1,501.0,3,52000.0,388000.0,0,508000.0
CL202302710,2023,Palermo,Neuquén,2020-10-11,43,monotributo,396000.0,10.4,103000.0,3,114000.0,0,635.0,6,112000.0,629000.0,3,880000.0
CL202302755,2023,Canal Digital,Córdoba,06/02/2019,41,monotrib.,812000.0,7.7,236000.0,2,181.0,Sí,714.0,1,727000.0,1420000.0,0,6043000.0
CL202302298,2023,Central,Buenos Aires,22/11/2021,48,informal,134000.0,,71000.0,1,42000.0,1,601.0,4,72000.0,286000.0,0,365000.0
CL202302038,2023,Palermo,Neuquén,04/09/2019,33,RD,494000.0,6.3,239000.0,3,152000.0,1,,1,60000.0,988000.0,0,3270000.0
CL202306263,2023,Rosario Norte,Córdoba,09/06/2021,50,Rel. Dependencia,1559000.0,14.7,45000.0,5,444000.0,No,701.0,0,241000.0,3250000.0,0,6657000.0
CL202300759,2023,Microcentro,Mendoza,2017-09-06,55,relacion de dependencia,811000.0,17.7,82000.0,4,212000.0,no,821.0,0,325000.0,1141000.0,0,1662000.0
CL202300792,2023,Córdoba Shopping,Buenos Aires,26/11/2017,41,RD,1291000.0,8.2,168000.0,3,142000.0,N,762.0,1,839000.0,2179000.0,0,3997000.0
CL202302337,2023,Canal Digital,Tucumán,09/12/2018,47,relacion de dependencia,579000.0,,209000.0,5,276.0,N,569.0,0,279000.0,856000.0,1,3396000.0
CL202301750,2023,Palermo,Buenos Aires,05/25/2019,46,Relación de Dependencia,1304000.0,9.6,170000.0,2,352000.0,No,728.0,1,1000000.0,1888000.0,0,3383000.0
CL202304049,2023,Palermo,Tucumán,16/02/2019,27,RD,852000.0,3.8,138000.0,4,334000.0,no,,0,0.0,1719000.0,1,4268000.0
CL202305254,2023,Microcentro,CABA,30/03/2018,53,monotributo,431000.0,,195000.0,1,154000.0,si,602.0,1,235000.0,488000.0,1,3001000.0
CL202305786,2023,Microcentro,Córdoba,02/12/2017,66,Rel. Dependencia,1463000.0,23.1,139000.0,8,192000.0,no,726.0,0,1197000.0,2535000.0,0,4788000.0
CL202301464,2023,La Plata,Mendoza,30/03/2017,44,MT,541000.0,,93000.0,1,55000.0,0,814.0,0,368000.0,659000.0,1,1558000.0
CL202303036,2023,La Plata,Santa Fe,20/06/2018,34,Rel. Dependencia,758000.0,6.5,51000.0,6,149000.0,N,679.0,1,528000.0,953000.0,1,2322000.0
CL202301038,2023,Canal Digital,Buenos Aires,21/03/2019,36,changas,156000.0,,72000.0,2,37.0,N,567.0,3,65000.0,162000.0,0,849000.0
CL202303971,2023,Central,Santa Fe,2021-04-15,29,MT,356000.0,,12000.0,4,95000.0,No,708.0,2,213000.0,533000.0,1,2091000.0
CL202305256,2023,Mendoza Sur,Córdoba,09/05/2021,24,changas,,0.5,71000.0,6,32000.0,si,573.0,1,55000.0,410000.0,1,1002000.0
CL202305128,2023,La Plata,Salta,05/02/2020,60,changas,,15.0,45000.0,3,74000.0,no,667.0,1,64000.0,455000.0,1,2333000.0
CL202306124,2023,Córdoba Shopping,Santa Fe,12/10/2017,37,informal,192000.0,7.4,74000.0,2,51000.0,0,,2,122000.0,235000.0,0,918000.0
CL202304159,2023,Rosario Norte,Buenos Aires,01/08/2020,42,RD,584000.0,10.6,111000.0,7,135000.0,si,695.0,2,280000.0,661000.0,1,3430000.0
CL202300153,2023,Mendoza Sur,Buenos Aires,13/08/2017,60,RD,783000.0,18.4,144000.0,3,382000.0,No,666.0,2,557000.0,1578000.0,0,3620000.0
CL202300844,2023,Microcentro,Tucumán,10/06/2019,44,Rel. Dependencia,1268000.0,11.2,295000.0,6,372000.0,no,752.0,0,722000.0,2322000.0,0,8088000.0
CL202304565,2023,Córdoba Shopping,Mendoza,05/19/2019,29,Informal,138000.0,0.1,49000.0,5,38000.0,1,,1,112000.0,183000.0,2,576000.0
CL202303222,2023,Palermo,Córdoba,14/01/2016,37,s/d,403000.0,,129000.0,1,77000.0,no,568.0,0,481000.0,628000.0,0,3096000.0
CL202303594,2023,Córdoba Shopping,Neuquén,2016-05-17,52,Informal,112000.0,8.7,65000.0,4,31000.0,1,612.0,3,102000.0,208000.0,1,515000.0
CL202300833,2023,La Plata,Salta,16/02/2021,18,monotributo,323000.0,,111000.0,4,17000.0,N,706.0,1,237000.0,633000.0,0,879000.0
CL202306581,2023,Palermo,Tucumán,01/12/2016,18,monotributo,,,94000.0,1,61000.0,no,661.0,0,240000.0,363000.0,0,2041000.0
CL202304268,2023,Mendoza Sur,Tucumán,23/08/2021,37,monotrib.,369000.0,,170000.0,5,194000.0,S,548.0,2,124000.0,751000.0,2,2360000.0
CL202302508,2023,Microcentro,CABA,27/02/2016,49,monotributo,281000.0,,180000.0,2,97000.0,no,521.0,2,238000.0,236000.0,0,1501000.0
CL202301777,2023,Córdoba Shopping,Córdoba,15/01/2018,48,monotrib.,,,57000.0,4,77000.0,N,607.0,0,107000.0,251000.0,2,843000.0
CL202305156,2023,Córdoba Shopping,Salta,12/28/2021,68,changas,121000.0,,38000.0,5,21000.0,Sí,570.0,1,86000.0,186000.0,0,331000.0
CL202302767,2023,Palermo,Córdoba,23/08/2019,59,relacion de dependencia,1268000.0,16.5,201000.0,4,296000.0,no,730.0,0,537000.0,2636000.0,0,2711000.0
CL202305585,2023,Rosario Norte,Santa Fe,07/01/2021,53,relacion de dependencia,,,66000.0,3,166000.0,no,741.0,0,131000.0,286000.0,0,1622000.0
CL202303931,2023,La Plata,Mendoza,2021-03-18,61,s/d,,,76000.0,3,53000.0,N,,1,103000.0,268000.0,3,923000.0
CL202302151,2023,Mendoza Sur,Córdoba,2018-09-10,62,s/d,168000.0,14.5,86000.0,3,39000.0,no,544.0,2,163000.0,140000.0,0,1107000.0
CL202301265,2023,Rosario Norte,CABA,03/05/2019,40,changas,277000.0,7.6,133000.0,3,126000.0,1,587.0,2,196000.0,498000.0,2,2159000.0
CL202302394,2023,Canal Digital,Tucumán,17/07/2018,30,RD,1003000.0,10.1,81000.0,3,579.0,no,709.0,0,783000.0,1461000.0,1,4811000.0
CL202305252,2023,Mendoza Sur,Salta,08/11/2019,47,Monotributo,,10.4,115000.0,2,198000.0,No,683.0,0,74000.0,529000.0,0,1969000.0
CL202305749,2023,Microcentro,Santa Fe,04/29/2018,36,relacion de dependencia,783000.0,10.5,244000.0,4,96000.0,N,595.0,1,412000.0,728000.0,0,5090000.0
CL202300771,2023,Central,Buenos Aires,2018-06-09,43,Monotributo,151000.0,,65000.0,3,63000.0,1,617.0,7,58000.0,249000.0,2,393000.0
CL202302250,2023,Canal Digital,Santa Fe,18/11/2019,29,monotrib.,,,178000.0,2,113.0,Sí,671.0,2,274000.0,606000.0,0,1289000.0
CL202301635,2023,Central,Buenos Aires,24/04/2020,40,Relación de Dependencia,1734000.0,10.9,922000.0,8,943000.0,0,589.0,1,506000.0,3571000.0,2,7270000.0
CL202303031,2023,Canal Digital,Salta,03/05/2019,34,changas,311000.0,,87000.0,6,71.0,0,703.0,0,227000.0,560000.0,0,1947000.0
CL202300357,2023,Rosario Norte,Tucumán,2021-01-26,56,Informal,,,61000.0,2,42000.0,si,567.0,2,70000.0,161000.0,1,1025000.0
CL202301159,2023,La Plata,Salta,25/12/2017,59,relacion de dependencia,483000.0,14.2,131000.0,5,168000.0,no,673.0,2,423000.0,587000.0,0,2949000.0
CL202301502,2023,Microcentro,Mendoza,15/03/2019,38,monotrib.,,,141000.0,3,129000.0,No,639.0,0,73000.0,502000.0,1,3161000.0
CL202305054,2023,La Plata,Buenos Aires,01/05/2016,25,monotributo,,,111000.0,2,40000.0,N,635.0,2,224000.0,399000.0,1,1071000.0
CL202304587,2023,Córdoba Shopping,Tucumán,13/11/2017,21,relacion de dependencia,723000.0,0.0,319000.0,5,204000.0,Sí,598.0,0,338000.0,858000.0,3,3969000.0
CL202301593,2023,La Plata,Salta,05/07/2019,34,Informal,219000.0,10.0,17000.0,2,109000.0,No,686.0,0,48000.0,444000.0,1,967000.0
CL202302459,2023,Mendoza Sur,Buenos Aires,12/07/2016,47,Rel. Dependencia,533000.0,14.3,136000.0,6,131000.0,0,701.0,3,448000.0,778000.0,0,832000.0
CL202306693,2023,La Plata,CABA,2018-06-17,25,Relación de Dependencia,,4.0,241000.0,5,374000.0,si,736.0,1,325000.0,1770000.0,0,8643000.0
CL202304735,2023,Mendoza Sur,Neuquén,2019-03-02,34,RD,490000.0,11.4,351000.0,6,28000.0,si,560.0,4,91000.0,539000.0,1,2267000.0
CL202303747,2023,Central,Salta,12/31/2016,56,monotributo,,,147000.0,1,120000.0,1,591.0,3,267000.0,376000.0,0,2680000.0
CL202303248,2023,Central,Neuquén,18/08/2021,41,s/d,90000.0,12.7,55000.0,3,28000.0,si,563.0,1,62000.0,135000.0,1,361000.0
CL202306675,2023,Canal Digital,CABA,04/09/2017,61,Rel. Dependencia,,16.0,375000.0,4,408.0,1,644.0,1,1332000.0,1018000.0,2,5753000.0
CL202304497,2023,Canal Digital,Tucumán,02/07/2020,70,RD,889000.0,17.2,348000.0,3,320.0,S,612.0,2,1041000.0,761000.0,0,3201000.0
CL202300534,2023,Microcentro,Santa Fe,28/11/2018,31,monotrib.,360000.0,6.5,181000.0,3,71000.0,N,539.0,0,225000.0,403000.0,1,1745000.0
CL202304380,2023,Córdoba Shopping,Salta,2021-06-14,34,RD,406000.0,11.7,50000.0,5,98000.0,No,686.0,0,255000.0,754000.0,0,1450000.0
CL202305524,2023,Rosario Norte,Buenos Aires,2021-01-11,26,monotributo,228000.0,0.7,208000.0,6,78000.0,no,521.0,2,184000.0,326000.0,4,1030000.0
CL202303884,2023,La Plata,Buenos Aires,08/11/2017,54,RD,936000.0,14.4,143000.0,7,233000.0,N,683.0,2,226000.0,1161000.0,0,1691000.0
CL202304999,2023,La Plata,CABA,26/07/2016,69,relacion de dependencia,973000.0,17.8,144000.0,5,340000.0,0,763.0,0,543000.0,1646000.0,0,6935000.0
CL202303875,2023,Microcentro,Buenos Aires,05/06/2019,34,monotrib.,259000.0,4.1,159000.0,2,70000.0,No,535.0,1,81000.0,236000.0,2,1071000.0
CL202300034,2023,Canal Digital,Mendoza,2020-05-11,43,Relación de Dependencia,781000.0,,180000.0,3,329.0,no,686.0,1,795000.0,1440000.0,0,5319000.0
CL202305032,2023,Palermo,CABA,31/10/2020,34,s/d,181000.0,,59000.0,2,34000.0,1,537.0,1,107000.0,211000.0,0,777000.0
CL202305403,2023,La Plata,Neuquén,16/08/2020,59,MT,,13.4,69000.0,3,102000.0,no,685.0,0,123000.0,261000.0,0,1831000.0
CL202305052,2023,Córdoba Shopping,CABA,21/11/2019,46,RD,929000.0,12.1,128000.0,5,294000.0,no,720.0,1,183000.0,847000.0,0,4314000.0
CL202305911,2023,Rosario Norte,Santa Fe,24/03/2019,38,informal,,5.5,96000.0,2,45000.0,1,,2,134000.0,412000.0,0,1647000.0
CL202305586,2023,Rosario Norte,Buenos Aires,06/13/2021,45,Relación de Dependencia,808000.0,15.3,91000.0,4,367000.0,N,756.0,0,508000.0,1742000.0,1,5237000.0
CL202300866,2023,Palermo,Córdoba,07/01/2020,25,Relación de Dependencia,,1.5,164000.0,6,175000.0,0,590.0,1,324000.0,816000.0,1,4119000.0
CL202305444,2023,Central,Córdoba,2018-10-03,39,changas,140000.0,5.4,70000.0,3,57000.0,0,556.0,0,60000.0,254000.0,1,895000.0
CL202304524,2023,Córdoba Shopping,CABA,29/06/2016,55,s/d,213000.0,10.9,63000.0,4,67000.0,0,645.0,2,156000.0,402000.0,1,1454000.0
CL202300662,2023,Central,Buenos Aires,29/04/2017,30,Rel. Dependencia,393000.0,11.7,217000.0,7,49000.0,1,,1,115000.0,527000.0,1,1596000.0
CL202302155,2023,Mendoza Sur,Neuquén,09/06/2016,48,Relación de Dependencia,1865000.0,10.4,459000.0,2,379000.0,N,617.0,1,589000.0,3576000.0,0,6613000.0
CL202300478,2023,La Plata,Salta,19/02/2018,33,relacion de dependencia,759000.0,10.0,142000.0,2,342000.0,si,689.0,0,601000.0,729000.0,0,2414000.0
CL202302451,2023,Córdoba Shopping,Córdoba,2020-12-13,43,RD,1926000.0,10.4,403000.0,8,730000.0,Sí,,1,1388000.0,1892000.0,0,4897000.0
CL202305764,2023,Mendoza Sur,CABA,07/19/2019,41,Monotributo,317000.0,,60000.0,3,42000.0,no,,0,259000.0,372000.0,0,2527000.0
CL202300339,2023,Mendoza Sur,Tucumán,2016-08-29,63,RD,461000.0,19.2,256000.0,3,32000.0,S,569.0,1,119000.0,371000.0,0,2435000.0
CL202304197,2023,Microcentro,Mendoza,17/08/2020,44,Monotributo,518000.0,,170000.0,4,70000.0,No,626.0,1,517000.0,1016000.0,1,2918000.0
CL202303235,2023,Canal Digital,Neuquén,2021-12-08,43,RD,323000.0,14.2,145000.0,5,106.0,si,638.0,0,137000.0,499000.0,3,1589000.0
CL202300492,2023,Microcentro,Neuquén,2016-05-02,33,Informal,160000.0,9.4,55000.0,6,72000.0,si,666.0,1,79000.0,284000.0,0,751000.0
CL202301533,2023,Canal Digital,CABA,20/09/2018,55,RD,603000.0,10.8,224000.0,2,313.0,No,573.0,0,198000.0,1185000.0,0,4676000.0
CL202305746,2023,Microcentro,Córdoba,26/03/2017,57,monotrib.,511000.0,16.4,142000.0,1,125000.0,No,654.0,1,454000.0,1074000.0,0,2293000.0
CL202302967,2023,Canal Digital,Neuquén,25/12/2018,40,Informal,158000.0,6.9,64000.0,4,49.0,si,583.0,4,129000.0,207000.0,5,599000.0
CL202304127,2023,Mendoza Sur,Mendoza,11/11/2019,30,Rel. Dependencia,,8.4,110000.0,7,131000.0,S,761.0,2,1011000.0,1862000.0,0,1708000.0
CL202300410,2023,Canal Digital,Buenos Aires,16/04/2020,52,RD,879000.0,,144000.0,4,252.0,No,672.0,1,287000.0,844000.0,0,6226000.0
CL202306122,2023,Córdoba Shopping,Buenos Aires,04/08/2018,39,Informal,145000.0,10.8,70000.0,4,34000.0,1,507.0,1,80000.0,206000.0,3,251000.0
CL202306455,2023,Canal Digital,Buenos Aires,2019-01-24,47,monotrib.,299000.0,,116000.0,2,86.0,0,,2,238000.0,487000.0,0,2348000.0
CL202302628,2023,Córdoba Shopping,Mendoza,25/02/2018,24,MT,508000.0,2.1,112000.0,2,107000.0,no,722.0,1,186000.0,973000.0,1,2649000.0
CL202301596,2023,Córdoba Shopping,Córdoba,2021-11-11,51,Monotributo,235000.0,11.5,127000.0,4,88000.0,S,651.0,2,163000.0,425000.0,1,1528000.0
CL202301898,2023,Microcentro,Mendoza,2020-10-17,39,Rel. Dependencia,986000.0,14.9,108000.0,6,240000.0,no,671.0,0,827000.0,1188000.0,2,5731000.0
CL202304101,2023,La Plata,Tucumán,01/07/2021,40,Relación de Dependencia,528000.0,16.4,18000.0,6,180000.0,0,,0,184000.0,481000.0,1,1220000.0
CL202303858,2023,Canal Digital,Córdoba,20/03/2018,26,monotributo,796000.0,,105000.0,2,270.0,N,659.0,0,0.0,643000.0,1,4054000.0
CL202302898,2023,Córdoba Shopping,CABA,2016-01-13,40,monotrib.,,8.5,111000.0,1,334000.0,No,693.0,1,707000.0,1796000.0,0,2436000.0
CL202305862,2023,Central,Mendoza,2019-05-12,47,Rel. Dependencia,359000.0,14.7,53000.0,4,133000.0,si,,0,157000.0,344000.0,0,776000.0
CL202302740,2023,Mendoza Sur,Salta,2017-11-05,43,Rel. Dependencia,454000.0,16.2,55000.0,5,173000.0,no,662.0,1,210000.0,699000.0,1,3179000.0
CL202300872,2023,Palermo,Santa Fe,2020-10-30,55,Rel. Dependencia,,14.1,186000.0,6,110000.0,1,612.0,0,264000.0,1261000.0,2,2271000.0
CL202305514,2023,La Plata,Tucumán,08/11/2017,38,monotrib.,255000.0,11.3,108000.0,7,98000.0,1,662.0,2,170000.0,355000.0,1,436000.0
CL202303473,2023,Palermo,CABA,20/08/2017,46,relacion de dependencia,603000.0,9.5,134000.0,9,122000.0,S,678.0,2,334000.0,1051000.0,1,2075000.0
CL202302267,2023,Córdoba Shopping,Santa Fe,05/13/2017,26,Relación de Dependencia,675000.0,7.5,101000.0,5,126000.0,No,,0,112000.0,718000.0,0,2184000.0
CL202304381,2023,Palermo,Neuquén,02/11/2016,55,relacion de dependencia,1383000.0,15.9,99000.0,4,173000.0,no,722.0,0,1094000.0,1489000.0,1,4109000.0
CL202301667,2023,Córdoba Shopping,Córdoba,12/06/2020,49,s/d,107000.0,,23000.0,3,21000.0,No,670.0,2,83000.0,115000.0,1,522000.0
CL202304904,2023,Palermo,Córdoba,07/03/2020,18,Monotributo,130000.0,,52000.0,3,59000.0,si,649.0,0,82000.0,153000.0,0,509000.0
CL202303047,2023,Central,Salta,2020-02-13,58,Monotributo,493000.0,10.1,153000.0,1,207000.0,No,640.0,0,303000.0,680000.0,0,1286000.0
CL202305914,2023,Mendoza Sur,Santa Fe,06/08/2020,31,informal,,4.7,44000.0,3,24000.0,si,650.0,0,216000.0,548000.0,0,1304000.0
CL202303572,2023,Canal Digital,CABA,29/03/2016,44,Rel. Dependencia,1015000.0,10.4,216000.0,3,350.0,N,763.0,1,725000.0,2204000.0,0,7711000.0
CL202301569,2023,Rosario Norte,Salta,2017-07-27,53,informal,142000.0,12.3,55000.0,2,45000.0,1,591.0,1,38000.0,284000.0,1,349000.0
CL202305431,2023,Microcentro,Mendoza,2018-08-05,37,relacion de dependencia,502000.0,11.8,51000.0,5,164000.0,No,649.0,2,334000.0,956000.0,0,3956000.0
CL202301066,2023,Palermo,Mendoza,21/06/2018,34,Monotributo,341000.0,3.3,219000.0,2,103000.0,No,593.0,3,102000.0,505000.0,4,2340000.0
CL202306741,2023,Palermo,Córdoba,04/28/2018,37,Rel. Dependencia,1026000.0,12.1,277000.0,2,181000.0,si,617.0,1,305000.0,2115000.0,0,6129000.0
CL202300800,2023,Microcentro,CABA,2017-07-14,35,MT,746000.0,,383000.0,3,200000.0,N,610.0,0,536000.0,695000.0,2,5778000.0
CL202304034,2023,Palermo,Buenos Aires,10/06/2017,49,Rel. Dependencia,874000.0,,335000.0,5,334000.0,S,636.0,3,490000.0,1415000.0,0,4612000.0
CL202301371,2023,Rosario Norte,Tucumán,08/07/2019,60,relacion de dependencia,1526000.0,11.6,89000.0,4,595000.0,no,792.0,3,762000.0,3348000.0,1,7390000.0
CL202306198,2023,Central,Salta,03/06/2018,18,relacion de dependencia,531000.0,2.5,72000.0,5,113000.0,no,665.0,0,240000.0,1103000.0,0,3648000.0
CL202305690,2023,Mendoza Sur,CABA,15/03/2020,44,Relación de Dependencia,,16.2,202000.0,5,730000.0,N,848.0,0,1196000.0,1864000.0,0,3956000.0
CL202302114,2023,Palermo,Neuquén,11/12/2017,63,relacion de dependencia,666000.0,17.8,341000.0,4,172000.0,si,590.0,2,499000.0,921000.0,1,2650000.0
CL202301537,2023,Canal Digital,Salta,31/03/2017,18,monotrib.,570000.0,0.0,136000.0,4,217.0,N,715.0,1,328000.0,467000.0,0,1318000.0
CL202304128,2023,Central,Santa Fe,02/08/2020,35,monotributo,191000.0,5.1,109000.0,2,57000.0,1,,3,86000.0,297000.0,0,1080000.0
CL202300422,2023,Mendoza Sur,Santa Fe,21/10/2021,49,monotrib.,506000.0,11.4,65000.0,1,16000.0,S,,0,292000.0,537000.0,0,2334000.0
CL202304263,2023,Rosario Norte,Santa Fe,04/09/2016,46,MT,424000.0,8.8,82000.0,1,76000.0,no,764.0,0,190000.0,537000.0,0,1711000.0
CL202301183,2023,Córdoba Shopping,Mendoza,23/03/2020,52,monotributo,481000.0,9.2,126000.0,2,91000.0,No,699.0,0,137000.0,507000.0,0,3135000.0
CL202303240,2023,La Plata,Salta,12/08/2021,30,Rel. Dependencia,,9.1,257000.0,5,74000.0,Sí,608.0,1,343000.0,1499000.0,2,2384000.0
CL202300007,2023,Central,Santa Fe,2019-01-22,47,Relación de Dependencia,562000.0,15.2,178000.0,3,122000.0,No,,1,277000.0,1116000.0,0,1504000.0
CL202304978,2023,Canal Digital,Santa Fe,29/09/2016,29,RD,,8.7,313000.0,2,163.0,0,803.0,1,423000.0,2918000.0,0,7359000.0
CL202301088,2023,Rosario Norte,Buenos Aires,2019-02-28,42,Relación de Dependencia,,16.5,200000.0,7,239000.0,0,668.0,2,339000.0,1600000.0,1,4287000.0
CL202301746,2023,Microcentro,Córdoba,2017-07-14,29,changas,234000.0,8.2,82000.0,3,39000.0,S,569.0,1,220000.0,317000.0,0,939000.0
CL202305992,2023,La Plata,Neuquén,30/07/2016,38,informal,160000.0,7.7,80000.0,5,30000.0,no,662.0,0,78000.0,250000.0,0,1254000.0
CL202305679,2023,Mendoza Sur,Córdoba,2018-01-29,40,changas,,7.5,95000.0,5,73000.0,1,606.0,1,135000.0,313000.0,0,955000.0
CL202305168,2023,Canal Digital,Mendoza,29/09/2016,50,Relación de Dependencia,623000.0,,197000.0,4,167.0,no,663.0,3,151000.0,1244000.0,2,2587000.0
CL202303265,2023,Rosario Norte,Salta,28/11/2016,47,monotrib.,1014000.0,14.9,182000.0,4,277000.0,Sí,686.0,2,1006000.0,1568000.0,1,7537000.0
CL202304195,2023,Microcentro,Buenos Aires,16/03/2018,50,monotributo,391000.0,10.9,127000.0,3,179000.0,No,685.0,6,286000.0,423000.0,0,2440000.0
CL202300066,2023,Central,Buenos Aires,11/10/2020,36,monotributo,630000.0,,136000.0,1,220000.0,0,684.0,1,545000.0,953000.0,0,2403000.0
CL202302906,2023,Palermo,Córdoba,07/09/2017,69,RD,1385000.0,18.7,104000.0,5,588000.0,S,638.0,1,889000.0,1221000.0,1,2124000.0
CL202306346,2023,Palermo,Córdoba,2018-08-10,40,Rel. Dependencia,321000.0,11.4,118000.0,3,107000.0,si,660.0,0,101000.0,548000.0,1,1802000.0
CL202302885,2023,Córdoba Shopping,Buenos Aires,13/08/2017,36,relacion de dependencia,,8.0,215000.0,6,127000.0,0,,0,961000.0,1270000.0,1,10455000.0
CL202300191,2023,Rosario Norte,Córdoba,12/08/2019,22,informal,,,112000.0,2,68000.0,Sí,,2,0.0,246000.0,6,905000.0
CL202303516,2023,Palermo,Buenos Aires,2017-09-28,24,relacion de dependencia,633000.0,4.9,52000.0,7,115000.0,no,697.0,0,516000.0,973000.0,0,4735000.0
CL202300122,2023,Palermo,Neuquén,11/04/2020,28,relacion de dependencia,1608000.0,4.8,43000.0,5,483000.0,N,679.0,1,741000.0,1468000.0,0,12231000.0
CL202304530,2023,Microcentro,Tucumán,11/03/2018,52,Informal,,,31000.0,3,26000.0,1,623.0,0,57000.0,170000.0,0,244000.0
CL202304398,2023,Mendoza Sur,Tucumán,12/23/2020,53,monotributo,1376000.0,14.4,195000.0,1,778000.0,0,,0,962000.0,1568000.0,0,5642000.0
CL202302597,2023,Palermo,Tucumán,12/01/2021,27,relacion de dependencia,,7.8,205000.0,4,257000.0,No,670.0,2,301000.0,2119000.0,0,7030000.0
CL202306413,2023,Córdoba Shopping,Tucumán,06/03/2016,51,RD,487000.0,16.5,74000.0,6,220000.0,N,698.0,1,223000.0,402000.0,0,1698000.0
CL202306029,2023,Mendoza Sur,Tucumán,05/10/2018,41,s/d,,4.7,62000.0,3,73000.0,0,690.0,0,215000.0,512000.0,1,2294000.0
CL202300864,2023,Microcentro,Mendoza,2017-02-08,43,Monotributo,437000.0,,102000.0,3,269000.0,S,722.0,1,393000.0,382000.0,0,2496000.0
CL202304366,2023,Palermo,Buenos Aires,04/03/2016,52,RD,672000.0,12.3,75000.0,3,187000.0,N,649.0,1,306000.0,962000.0,1,2044000.0
CL202305908,2023,Rosario Norte,Córdoba,16/11/2019,53,s/d,104000.0,8.8,58000.0,3,36000.0,si,504.0,4,95000.0,118000.0,1,763000.0
CL202304425,2023,Canal Digital,Santa Fe,15/12/2018,38,Informal,134000.0,8.3,82000.0,1,49.0,S,537.0,2,64000.0,145000.0,0,740000.0
CL202304983,2023,Microcentro,Córdoba,09/07/2021,49,Rel. Dependencia,530000.0,15.2,283000.0,6,154000.0,Sí,584.0,3,65000.0,985000.0,3,3355000.0
CL202306206,2023,Microcentro,Mendoza,11/03/2018,55,Rel. Dependencia,1314000.0,19.1,307000.0,9,353000.0,No,690.0,0,1077000.0,1370000.0,0,3057000.0
CL202302619,2023,Central,Santa Fe,25/07/2021,25,relacion de dependencia,851000.0,8.5,61000.0,5,292000.0,1,683.0,0,310000.0,726000.0,0,1403000.0
CL202300302,2023,La Plata,Salta,22/03/2021,36,Relación de Dependencia,921000.0,6.8,169000.0,5,391000.0,S,635.0,2,383000.0,1424000.0,0,4161000.0
CL202302694,2023,Rosario Norte,Neuquén,18/11/2020,35,monotributo,658000.0,,60000.0,3,67000.0,N,674.0,1,416000.0,1013000.0,0,3218000.0
CL202304249,2023,Mendoza Sur,Salta,2019-12-01,61,Rel. Dependencia,786000.0,19.5,192000.0,4,5000.0,no,634.0,1,410000.0,1729000.0,0,2469000.0
CL202302718,2023,La Plata,Tucumán,06/03/2019,52,Relación de Dependencia,,19.6,284000.0,1,289000.0,si,635.0,1,536000.0,778000.0,0,1766000.0
CL202305771,2023,Microcentro,Tucumán,09/11/2021,48,RD,1600000.0,13.3,405000.0,3,436000.0,N,804.0,2,581000.0,2272000.0,0,5819000.0
CL202305180,2023,Central,Salta,15/10/2021,38,monotrib.,463000.0,12.9,88000.0,3,10000.0,No,712.0,0,233000.0,983000.0,0,2579000.0
CL202302708,2023,Microcentro,Neuquén,03/04/2021,21,Informal,224000.0,,144000.0,3,108000.0,1,542.0,4,114000.0,405000.0,0,1620000.0
CL202305504,2023,La Plata,Neuquén,2021-03-07,52,Rel. Dependencia,616000.0,20.0,62000.0,6,210000.0,no,758.0,0,298000.0,754000.0,1,4163000.0
CL202302610,2023,Córdoba Shopping,Córdoba,2016-06-15,28,Informal,231000.0,5.4,65000.0,3,125000.0,0,734.0,2,45000.0,335000.0,0,528000.0
CL202304108,2023,Mendoza Sur,Buenos Aires,05/03/2021,41,changas,286000.0,4.3,52000.0,4,81000.0,Sí,596.0,2,17000.0,425000.0,1,1346000.0
CL202304032,2023,Córdoba Shopping,Tucumán,16/01/2021,37,MT,1130000.0,,128000.0,4,466000.0,no,756.0,0,546000.0,2407000.0,1,7420000.0
CL202300642,2023,La Plata,Córdoba,07/09/2016,51,relacion de dependencia,1328000.0,13.6,272000.0,4,166000.0,N,635.0,2,924000.0,2044000.0,0,2397000.0
CL202301705,2023,Rosario Norte,Santa Fe,19/04/2017,44,changas,,12.2,115000.0,2,73000.0,Sí,,1,68000.0,237000.0,1,1238000.0
CL202303555,2023,Central,Santa Fe,2016-02-02,51,RD,772000.0,15.7,481000.0,2,192000.0,0,,0,346000.0,934000.0,0,4167000.0
CL202300598,2023,Central,Salta,23/10/2016,39,informal,,6.8,49000.0,3,104000.0,N,708.0,0,191000.0,266000.0,0,1426000.0
CL202302289,2023,Rosario Norte,Neuquén,2019-01-13,30,relacion de dependencia,680000.0,9.2,141000.0,7,228000.0,S,689.0,0,304000.0,710000.0,0,3023000.0
CL202305311,2023,La Plata,CABA,13/11/2016,42,Rel. Dependencia,445000.0,10.4,117000.0,2,194000.0,1,673.0,2,318000.0,777000.0,0,2700000.0
CL202303117,2023,Córdoba Shopping,Tucumán,06/13/2018,42,s/d,227000.0,8.5,61000.0,4,90000.0,No,662.0,2,28000.0,424000.0,0,608000.0
CL202303739,2023,Rosario Norte,Santa Fe,29/01/2016,43,MT,384000.0,,225000.0,5,123000.0,Sí,637.0,2,81000.0,569000.0,0,1167000.0
CL202302023,2023,Microcentro,Córdoba,06/15/2017,18,Relación de Dependencia,980000.0,2.3,180000.0,7,267000.0,N,,3,542000.0,825000.0,0,3457000.0
CL202304424,2023,Palermo,Salta,24/06/2019,55,relacion de dependencia,431000.0,,95000.0,5,111000.0,S,668.0,1,144000.0,435000.0,3,2127000.0
CL202302963,2023,Rosario Norte,Mendoza,25/11/2021,50,Relación de Dependencia,,13.8,77000.0,7,539000.0,0,761.0,2,609000.0,2566000.0,0,6113000.0
CL202304134,2023,Canal Digital,Córdoba,2019-10-27,36,informal,232000.0,6.4,41000.0,4,74.0,No,671.0,0,159000.0,279000.0,1,1116000.0
CL202302362,2023,Rosario Norte,Mendoza,02/01/2021,60,relacion de dependencia,1037000.0,20.4,137000.0,3,364000.0,No,734.0,1,432000.0,1632000.0,0,5043000.0
CL202303629,2023,Rosario Norte,Tucumán,03/06/2020,36,RD,12050000.0,11.1,196000.0,6,455000.0,S,705.0,0,1003000.0,2484000.0,0,2646000.0
CL202303327,2023,Microcentro,Córdoba,06/19/2017,30,monotributo,276000.0,,87000.0,1,100000.0,N,670.0,2,210000.0,487000.0,0,1541000.0
CL202300606,2023,Microcentro,Santa Fe,2019-01-18,31,Rel. Dependencia,526000.0,7.9,230000.0,8,281000.0,1,537.0,6,460000.0,951000.0,1,1528000.0
CL202303913,2023,La Plata,Santa Fe,12/05/2017,58,monotributo,437000.0,14.6,70000.0,3,52000.0,no,660.0,3,378000.0,757000.0,0,1302000.0
CL202302698,2023,Central,Buenos Aires,24/09/2017,31,relacion de dependencia,,6.1,75000.0,3,151000.0,no,649.0,1,214000.0,467000.0,0,3028000.0
CL202303561,2023,La Plata,Buenos Aires,27/09/2017,20,RD,580000.0,4.3,65000.0,5,243000.0,0,676.0,1,320000.0,1191000.0,0,1671000.0
CL202304104,2023,Córdoba Shopping,Córdoba,05/22/2018,36,Monotributo,543000.0,5.4,180000.0,3,156000.0,No,666.0,1,574000.0,1051000.0,0,3557000.0
CL202302660,2023,Microcentro,Salta,26/03/2016,42,Relación de Dependencia,463000.0,11.1,125000.0,4,177000.0,no,754.0,2,184000.0,679000.0,0,1109000.0
CL202305705,2023,Canal Digital,Salta,2017-07-09,49,relacion de dependencia,819000.0,17.1,268000.0,6,165.0,si,,1,267000.0,1277000.0,0,1253000.0
CL202302449,2023,Palermo,Neuquén,19/04/2020,67,monotrib.,797000.0,,280000.0,6,254000.0,No,667.0,1,727000.0,1514000.0,1,4341000.0
CL202300739,2023,Mendoza Sur,Neuquén,29/11/2019,34,relacion de dependencia,474000.0,11.2,161000.0,3,102000.0,No,607.0,0,471000.0,1006000.0,2,3266000.0
CL202304467,2023,Microcentro,Mendoza,2018-02-23,36,monotributo,485000.0,8.2,77000.0,2,188000.0,N,742.0,2,156000.0,546000.0,0,2996000.0
CL202306328,2023,Rosario Norte,Buenos Aires,11/18/2017,35,changas,535000.0,4.0,183000.0,3,132000.0,no,629.0,1,276000.0,606000.0,0,3737000.0
CL202304026,2023,Palermo,Mendoza,11/07/2020,21,RD,782000.0,2.9,100000.0,6,250000.0,No,794.0,0,380000.0,653000.0,0,4262000.0
CL202304393,2023,Rosario Norte,Salta,2017-08-22,31,Rel. Dependencia,,8.8,349000.0,4,310000.0,1,502.0,0,456000.0,1094000.0,4,2649000.0
CL202304354,2023,Palermo,Tucumán,12/05/2018,18,Rel. Dependencia,868000.0,3.8,286000.0,2,377000.0,S,603.0,2,227000.0,1675000.0,1,1373000.0
CL202300729,2023,Canal Digital,Tucumán,26/01/2017,45,MT,594000.0,,221000.0,5,292.0,si,575.0,0,264000.0,578000.0,1,1888000.0
CL202306371,2023,Canal Digital,Tucumán,05/14/2018,50,RD,696000.0,11.8,64000.0,4,237.0,No,746.0,1,437000.0,876000.0,0,3662000.0
CL202306053,2023,Microcentro,Neuquén,2021-12-28,41,Informal,90000.0,,88000.0,5,33000.0,S,389.0,3,50000.0,93000.0,7,235000.0
CL202300064,2023,Córdoba Shopping,Mendoza,12/08/2021,46,changas,,,33000.0,2,42000.0,0,636.0,0,107000.0,149000.0,0,831000.0
CL202303678,2023,Canal Digital,CABA,23/04/2016,18,Relación de Dependencia,473000.0,6.8,63000.0,5,202.0,no,680.0,1,3000.0,563000.0,1,1636000.0
CL202301953,2023,Central,Neuquén,02/08/2017,44,Rel. Dependencia,1550000.0,,165000.0,3,277000.0,N,819.0,1,988000.0,2347000.0,0,2891000.0
CL202302107,2023,Canal Digital,Buenos Aires,2021-04-28,20,Relación de Dependencia,311000.0,3.7,166000.0,4,144.0,si,545.0,3,70000.0,487000.0,2,1146000.0
CL202302928,2023,Microcentro,Neuquén,2018-11-21,49,monotributo,333000.0,9.9,134000.0,4,72000.0,1,575.0,1,240000.0,601000.0,1,2534000.0
CL202300315,2023,Córdoba Shopping,Tucumán,11/08/2020,50,Relación de Dependencia,793000.0,16.7,307000.0,4,236000.0,No,,3,256000.0,1625000.0,0,4498000.0
CL202300886,2023,Mendoza Sur,Tucumán,22/01/2016,32,Informal,159000.0,,20000.0,6,45000.0,No,639.0,0,7000.0,242000.0,1,385000.0
CL202303434,2023,La Plata,Buenos Aires,23/10/2020,66,RD,,18.8,262000.0,7,315000.0,no,760.0,0,229000.0,1495000.0,0,4374000.0
CL202304411,2023,Córdoba Shopping,Neuquén,2016-07-24,30,Informal,343000.0,,62000.0,2,89000.0,N,732.0,0,240000.0,378000.0,1,2728000.0
CL202300205,2023,Córdoba Shopping,Buenos Aires,27/03/2020,55,MT,194000.0,12.4,61000.0,2,62000.0,Sí,633.0,3,121000.0,272000.0,2,861000.0
CL202300795,2023,Rosario Norte,Tucumán,2020-01-11,39,Relación de Dependencia,245000.0,8.7,119000.0,4,108000.0,S,565.0,5,101000.0,266000.0,2,1400000.0
CL202304641,2023,Rosario Norte,Buenos Aires,28/06/2021,47,Monotributo,314000.0,15.2,68000.0,4,72000.0,No,721.0,0,229000.0,411000.0,2,1599000.0
CL202305085,2023,Córdoba Shopping,Mendoza,14/04/2021,40,Rel. Dependencia,528000.0,11.3,53000.0,6,88000.0,No,745.0,1,212000.0,488000.0,0,2930000.0
CL202305142,2023,Mendoza Sur,Buenos Aires,13/04/2021,27,Relación de Dependencia,530000.0,4.1,176000.0,2,65000.0,N,624.0,2,342000.0,680000.0,2,2802000.0
CL202302863,2023,Canal Digital,Salta,02/07/2016,45,Rel. Dependencia,1276000.0,,256000.0,5,527.0,0,695.0,2,757000.0,2060000.0,0,9226000.0
CL202305631,2023,La Plata,Mendoza,2019-07-03,71,Monotributo,1063000.0,21.6,153000.0,3,378000.0,N,828.0,0,305000.0,1505000.0,0,3468000.0
CL202305724,2023,Rosario Norte,Buenos Aires,03/08/2018,45,monotributo,383000.0,14.8,72000.0,2,168000.0,0,651.0,0,214000.0,437000.0,1,3058000.0
CL202300937,2023,Rosario Norte,CABA,2016-10-04,43,monotributo,477000.0,9.2,94000.0,3,160000.0,no,608.0,0,324000.0,500000.0,2,3309000.0
CL202305530,2023,La Plata,Buenos Aires,18/01/2018,25,Rel. Dependencia,841000.0,8.7,82000.0,5,223000.0,no,739.0,1,376000.0,1212000.0,0,6402000.0
CL202300098,2023,Palermo,Tucumán,29/01/2016,57,relacion de dependencia,1211000.0,16.9,39000.0,4,543000.0,S,696.0,0,455000.0,1563000.0,0,6951000.0
CL202304499,2023,Córdoba Shopping,Tucumán,07/09/2019,33,Relación de Dependencia,810000.0,,322000.0,2,211000.0,no,,2,518000.0,1241000.0,1,3523000.0
CL202303669,2023,La Plata,Tucumán,04/10/2021,44,Monotributo,1149000.0,,299000.0,5,182000.0,no,638.0,1,61000.0,2313000.0,1,8380000.0
CL202300970,2023,Microcentro,Neuquén,2019-07-20,36,MT,187000.0,8.2,168000.0,3,17000.0,S,,5,132000.0,337000.0,5,1050000.0
CL202300870,2023,Córdoba Shopping,Mendoza,06/08/2016,35,Rel. Dependencia,1247000.0,9.6,138000.0,6,372000.0,No,785.0,0,369000.0,1148000.0,0,7856000.0
CL202305866,2023,Mendoza Sur,Buenos Aires,09/01/2020,52,relacion de dependencia,543000.0,12.8,254000.0,8,94000.0,0,537.0,1,531000.0,860000.0,0,2527000.0
CL202302089,2023,Mendoza Sur,Buenos Aires,14/03/2020,48,relacion de dependencia,410000.0,15.0,36000.0,3,142000.0,1,700.0,0,291000.0,330000.0,0,1279000.0
CL202304075,2023,Palermo,Buenos Aires,06/10/2016,38,informal,246000.0,,105000.0,3,65000.0,Sí,610.0,3,45000.0,458000.0,0,1495000.0
CL202302153,2023,Palermo,Córdoba,2018-07-07,35,Monotributo,244000.0,,48000.0,2,54000.0,No,626.0,2,113000.0,272000.0,0,691000.0
CL202304150,2023,Central,Mendoza,06/09/2021,36,RD,397000.0,8.8,143000.0,4,161000.0,0,628.0,2,43000.0,462000.0,2,2502000.0
CL202303269,2023,Microcentro,Buenos Aires,12/25/2016,18,Relación de Dependencia,800000.0,0.0,159000.0,3,161000.0,0,826.0,1,241000.0,770000.0,1,5051000.0
CL202303542,2023,Canal Digital,CABA,10/13/2017,54,MT,686000.0,11.2,121000.0,2,257.0,No,803.0,0,351000.0,977000.0,0,4269000.0
CL202304810,2023,Palermo,Neuquén,2020-10-23,41,monotrib.,335000.0,,111000.0,3,78000.0,si,638.0,3,251000.0,684000.0,0,1289000.0
CL202304510,2023,Mendoza Sur,Neuquén,09/03/2018,43,monotrib.,394000.0,4.1,302000.0,2,174000.0,1,512.0,3,222000.0,488000.0,3,1527000.0
CL202305704,2023,Microcentro,CABA,01/15/2018,52,RD,,17.4,41000.0,4,83000.0,No,619.0,3,166000.0,712000.0,0,1405000.0
CL202301736,2023,Palermo,CABA,2018-06-09,22,Relación de Dependencia,,4.2,10000.0,3,267000.0,0,772.0,0,329000.0,745000.0,0,1135000.0
CL202301658,2023,Rosario Norte,Salta,20/06/2020,41,Monotributo,500000.0,7.5,77000.0,3,65000.0,0,712.0,1,487000.0,919000.0,1,1848000.0
CL202305322,2023,Rosario Norte,CABA,2019-02-17,29,Monotributo,812000.0,,188000.0,5,269000.0,S,682.0,1,358000.0,731000.0,0,1994000.0
CL202304645,2023,Palermo,Tucumán,14/11/2021,43,RD,1915000.0,13.2,384000.0,6,703000.0,N,677.0,0,2295000.0,3930000.0,1,11754000.0
CL202302110,2023,Central,Salta,06/01/2021,46,RD,461000.0,14.4,126000.0,5,94000.0,No,701.0,0,107000.0,941000.0,0,3443000.0
CL202302618,2023,Rosario Norte,Buenos Aires,11/09/2019,38,relacion de dependencia,915000.0,8.8,144000.0,5,290000.0,No,845.0,1,478000.0,1412000.0,1,3393000.0
CL202306159,2023,Central,CABA,05/08/2016,69,Relación de Dependencia,1210000.0,19.5,204000.0,6,368000.0,no,719.0,2,626000.0,1597000.0,0,8520000.0
CL202301106,2023,Canal Digital,Córdoba,21/07/2017,60,Rel. Dependencia,384000.0,17.6,193000.0,5,42.0,si,463.0,3,192000.0,487000.0,1,2183000.0
CL202302596,2023,Córdoba Shopping,Mendoza,2019-06-24,42,MT,202000.0,9.7,83000.0,5,40000.0,si,597.0,0,9000.0,254000.0,0,1445000.0
CL202302725,2023,Canal Digital,Santa Fe,06/10/2020,38,Informal,243000.0,2.5,55000.0,4,58.0,N,711.0,1,157000.0,239000.0,0,574000.0
CL202302203,2023,Palermo,Buenos Aires,29/11/2021,40,relacion de dependencia,587000.0,9.2,72000.0,4,134000.0,No,729.0,2,312000.0,742000.0,2,4003000.0
CL202306511,2023,Rosario Norte,Buenos Aires,15/04/2019,25,RD,490000.0,6.4,152000.0,2,171000.0,si,582.0,1,265000.0,981000.0,2,1969000.0
CL202301145,2023,La Plata,CABA,10/08/2017,36,Relación de Dependencia,,8.3,47000.0,9,191000.0,S,676.0,1,241000.0,1388000.0,1,3378000.0
CL202302356,2023,Palermo,Salta,2020-07-11,37,monotrib.,418000.0,,348000.0,2,44000.0,1,524.0,4,144000.0,723000.0,2,1749000.0
CL202305238,2023,La Plata,Mendoza,12/07/2017,41,Relación de Dependencia,,10.1,579000.0,2,404000.0,1,602.0,1,261000.0,1514000.0,0,4603000.0
CL202300183,2023,Canal Digital,Salta,2017-11-22,51,relacion de dependencia,676000.0,14.5,368000.0,3,263.0,si,604.0,3,532000.0,596000.0,1,3987000.0
CL202306623,2023,La Plata,Córdoba,2018-01-17,37,monotrib.,,5.6,85000.0,4,18000.0,si,533.0,1,35000.0,240000.0,1,267000.0
CL202306357,2023,Córdoba Shopping,Neuquén,08/01/2021,53,Informal,126000.0,11.4,80000.0,2,13000.0,si,491.0,4,80000.0,144000.0,0,875000.0
CL202306506,2023,Central,Buenos Aires,20/06/2018,23,monotributo,,,94000.0,3,186000.0,0,,1,336000.0,657000.0,0,3588000.0
CL202306602,2023,Rosario Norte,Santa Fe,07/04/2020,35,monotributo,379000.0,5.1,85000.0,2,137000.0,0,776.0,1,112000.0,816000.0,0,1825000.0
CL202305777,2023,Microcentro,Neuquén,11/17/2017,51,Informal,160000.0,13.2,24000.0,4,22000.0,no,714.0,0,128000.0,173000.0,0,884000.0
CL202305010,2023,Microcentro,Tucumán,18/08/2018,40,changas,266000.0,10.0,34000.0,2,103000.0,Sí,701.0,0,117000.0,276000.0,0,465000.0
CL202305653,2023,Palermo,Mendoza,09/03/2017,26,s/d,92000.0,3.7,21000.0,3,5000.0,no,672.0,1,69000.0,108000.0,0,253000.0
CL202301149,2023,Palermo,Neuquén,2020-12-04,32,Relación de Dependencia,1004000.0,8.2,172000.0,2,388000.0,0,674.0,2,210000.0,1335000.0,0,4790000.0
CL202302892,2023,Córdoba Shopping,Córdoba,2017-11-24,53,monotributo,,,106000.0,3,82000.0,0,600.0,3,30000.0,240000.0,4,1059000.0
CL202300903,2023,Mendoza Sur,CABA,16/01/2021,39,monotributo,537000.0,,77000.0,2,11000.0,No,694.0,0,263000.0,549000.0,0,3196000.0
CL202303138,2023,Canal Digital,Mendoza,2021-01-17,49,s/d,,,78000.0,3,28.0,1,,0,62000.0,116000.0,3,291000.0
CL202306229,2023,Central,Buenos Aires,08/09/2019,56,relacion de dependencia,648000.0,15.4,133000.0,6,192000.0,1,717.0,1,416000.0,624000.0,0,3190000.0
CL202304468,2023,Central,CABA,22/07/2019,35,RD,829000.0,12.4,91000.0,8,117000.0,no,780.0,2,559000.0,1337000.0,0,3706000.0
CL202302976,2023,Microcentro,Santa Fe,09/01/2017,41,Rel. Dependencia,,11.0,268000.0,2,154000.0,N,748.0,1,803000.0,1111000.0,0,6275000.0
CL202305477,2023,Microcentro,Santa Fe,2021-07-31,61,monotributo,321000.0,16.1,190000.0,3,92000.0,S,559.0,4,255000.0,442000.0,2,1999000.0
CL202306571,2023,Mendoza Sur,Santa Fe,01/29/2021,39,Monotributo,304000.0,10.1,38000.0,5,133000.0,No,687.0,0,180000.0,498000.0,0,1582000.0
CL202300574,2023,Palermo,CABA,24/05/2017,55,RD,,16.1,141000.0,4,223000.0,si,655.0,0,627000.0,733000.0,0,3132000.0
CL202300788,2023,Mendoza Sur,Buenos Aires,2018-01-01,18,monotributo,482000.0,,37000.0,2,170000.0,No,778.0,1,258000.0,742000.0,0,3663000.0
CL202302070,2023,Mendoza Sur,Tucumán,19/04/2019,18,Informal,167000.0,0.0,103000.0,2,59000.0,S,608.0,2,29000.0,278000.0,4,1316000.0
CL202304840,2023,La Plata,Neuquén,22/05/2017,33,relacion de dependencia,,6.0,226000.0,4,131000.0,si,590.0,0,422000.0,431000.0,2,1932000.0
CL202303143,2023,Canal Digital,Salta,2016-10-29,49,Relación de Dependencia,2061000.0,12.9,157000.0,3,576.0,0,795.0,0,1142000.0,2127000.0,0,3893000.0
CL202303527,2023,Palermo,Mendoza,18/08/2019,39,Rel. Dependencia,553000.0,9.1,105000.0,2,106000.0,0,618.0,0,601000.0,1171000.0,1,3485000.0
CL202305552,2023,La Plata,Buenos Aires,29/12/2019,40,monotributo,625000.0,6.3,241000.0,3,128000.0,1,536.0,4,437000.0,821000.0,2,4666000.0
CL202302231,2023,Rosario Norte,Neuquén,06/10/2020,22,informal,113000.0,3.0,84000.0,3,35000.0,1,575.0,2,63000.0,101000.0,0,428000.0
CL202303229,2023,Central,Santa Fe,31/05/2019,54,Rel. Dependencia,650000.0,16.1,131000.0,4,311000.0,No,750.0,0,152000.0,1014000.0,1,4649000.0
CL202301057,2023,Canal Digital,Buenos Aires,05/04/2016,45,Rel. Dependencia,929000.0,,127000.0,2,463.0,si,624.0,1,308000.0,1018000.0,0,1753000.0
CL202306054,2023,Rosario Norte,Santa Fe,12/11/2020,28,changas,265000.0,1.7,35000.0,3,39000.0,0,719.0,2,174000.0,461000.0,0,776000.0
CL202305226,2023,Canal Digital,Tucumán,01/11/2018,36,Informal,90000.0,,48000.0,3,15.0,si,603.0,3,69000.0,110000.0,0,500000.0
CL202301000,2023,Rosario Norte,Tucumán,09/02/2016,18,changas,112000.0,0.0,48000.0,2,44000.0,1,615.0,1,120000.0,184000.0,1,773000.0
CL202300308,2023,Córdoba Shopping,CABA,15/07/2016,61,Rel. Dependencia,490000.0,16.2,170000.0,1,79000.0,no,568.0,0,230000.0,901000.0,2,1457000.0
CL202304848,2023,Central,CABA,2016-03-08,44,Informal,221000.0,6.5,77000.0,4,64000.0,0,635.0,0,124000.0,384000.0,0,447000.0
CL202305662,2023,La Plata,Tucumán,11/04/2016,18,Informal,187000.0,4.0,55000.0,2,57000.0,no,609.0,1,109000.0,388000.0,1,660000.0
CL202302880,2023,Microcentro,Santa Fe,20/01/2021,66,RD,936000.0,22.1,164000.0,5,365000.0,Sí,,1,436000.0,2007000.0,1,5803000.0
CL202301093,2023,Microcentro,CABA,19/05/2017,31,informal,227000.0,9.1,1000.0,4,123000.0,no,696.0,1,148000.0,311000.0,0,1458000.0
CL202304138,2023,Rosario Norte,Mendoza,2020-09-22,28,relacion de dependencia,761000.0,1.5,187000.0,5,105000.0,si,617.0,1,408000.0,843000.0,1,3940000.0
CL202305617,2023,Canal Digital,CABA,16/09/2020,58,RD,628000.0,18.1,240000.0,2,229.0,no,649.0,1,411000.0,615000.0,1,3560000.0
CL202301510,2023,Palermo,Buenos Aires,2020-02-10,31,Relación de Dependencia,615000.0,9.3,62000.0,3,207000.0,no,801.0,0,101000.0,1110000.0,0,4157000.0
CL202300586,2023,La Plata,Mendoza,27/06/2019,41,informal,229000.0,,74000.0,3,101000.0,0,686.0,2,101000.0,414000.0,1,977000.0
CL202303654,2023,Palermo,CABA,04/06/2021,36,Monotributo,587000.0,6.2,96000.0,2,277000.0,N,837.0,0,282000.0,958000.0,1,2449000.0
CL202300705,2023,Rosario Norte,Mendoza,02/07/2019,53,informal,219000.0,,55000.0,3,48000.0,no,693.0,0,78000.0,374000.0,0,1215000.0
CL202301647,2023,Palermo,Neuquén,09/07/2017,67,MT,261000.0,15.3,113000.0,2,152000.0,S,620.0,2,140000.0,256000.0,0,1008000.0
CL202304875,2023,Microcentro,CABA,31/07/2017,37,MT,254000.0,,48000.0,3,12000.0,No,661.0,1,91000.0,449000.0,0,856000.0
CL202302642,2023,Canal Digital,Tucumán,08/08/2020,28,monotrib.,,2.8,47000.0,3,112.0,N,657.0,0,266000.0,337000.0,0,853000.0
CL202303498,2023,Palermo,Buenos Aires,02/03/2019,52,monotrib.,810000.0,12.9,303000.0,3,137000.0,S,604.0,1,526000.0,1764000.0,0,1868000.0
CL202303793,2023,Microcentro,Tucumán,02/27/2019,29,Relación de Dependencia,891000.0,3.5,148000.0,6,282000.0,1,689.0,1,646000.0,749000.0,2,6161000.0
CL202304378,2023,Canal Digital,Santa Fe,09/09/2017,59,monotrib.,280000.0,15.3,178000.0,1,64.0,si,567.0,3,89000.0,443000.0,1,2132000.0
CL202300599,2023,Rosario Norte,Córdoba,11/04/2018,18,Relación de Dependencia,938000.0,3.3,174000.0,4,184000.0,no,735.0,1,325000.0,1216000.0,0,2778000.0
CL202306447,2023,Canal Digital,Santa Fe,27/02/2020,60,Rel. Dependencia,,12.5,134000.0,3,160.0,no,635.0,0,501000.0,1937000.0,0,7313000.0
CL202300570,2023,Palermo,Salta,09/02/2016,25,MT,554000.0,,170000.0,3,77000.0,No,765.0,1,342000.0,1177000.0,1,1533000.0
CL202306230,2023,Microcentro,Santa Fe,14/10/2018,21,relacion de dependencia,655000.0,6.9,39000.0,9,175000.0,Sí,704.0,1,531000.0,889000.0,1,4049000.0
CL202303042,2023,Canal Digital,Santa Fe,03/02/2016,37,MT,,,137000.0,4,191.0,no,669.0,0,238000.0,857000.0,0,3946000.0
CL202303844,2023,Palermo,Tucumán,2021-01-24,33,relacion de dependencia,742000.0,8.9,116000.0,4,264000.0,si,802.0,1,266000.0,764000.0,0,2459000.0
CL202302745,2023,Central,Tucumán,28/10/2017,47,monotributo,576000.0,9.8,150000.0,3,162000.0,0,704.0,0,449000.0,718000.0,0,3992000.0
CL202302565,2023,La Plata,Santa Fe,07/02/2018,38,Relación de Dependencia,686000.0,14.0,257000.0,4,225000.0,0,619.0,0,344000.0,864000.0,1,3644000.0
CL202302046,2023,Central,CABA,15/01/2016,23,Rel. Dependencia,1828000.0,3.2,529000.0,5,376000.0,S,656.0,2,797000.0,1492000.0,2,4817000.0
CL202301845,2023,Canal Digital,Mendoza,12/11/2016,25,Rel. Dependencia,802000.0,6.3,338000.0,2,164.0,No,631.0,2,497000.0,1616000.0,2,4267000.0
CL202306508,2023,Canal Digital,Salta,13/09/2016,52,Relación de Dependencia,2470000.0,15.4,501000.0,2,608.0,0,667.0,0,2262000.0,5175000.0,0,16457000.0
CL202300567,2023,La Plata,Buenos Aires,2021-06-22,18,Monotributo,235000.0,0.0,26000.0,5,86000.0,No,668.0,1,103000.0,386000.0,0,927000.0
CL202305726,2023,Central,Mendoza,2020-11-28,49,Rel. Dependencia,1537000.0,15.5,219000.0,5,377000.0,no,775.0,0,881000.0,3000000.0,0,8970000.0
CL202303813,2023,Central,Santa Fe,20/11/2019,33,monotributo,,5.9,355000.0,8,142000.0,Sí,521.0,1,662000.0,1345000.0,2,4689000.0
CL202305937,2023,Canal Digital,Mendoza,02/22/2021,42,relacion de dependencia,905000.0,13.0,37000.0,5,365.0,No,742.0,1,558000.0,1564000.0,1,2783000.0
CL202300509,2023,La Plata,CABA,05/12/2020,47,Relación de Dependencia,1002000.0,14.9,112000.0,4,92000.0,no,831.0,3,697000.0,1557000.0,0,5559000.0
CL202305619,2023,Córdoba Shopping,CABA,05/05/2021,42,relacion de dependencia,877000.0,4.7,111000.0,5,305000.0,0,609.0,2,845000.0,1289000.0,1,1486000.0
CL202305878,2023,La Plata,CABA,2018-03-02,30,relacion de dependencia,,2.1,497000.0,3,614000.0,Sí,639.0,2,898000.0,3364000.0,0,10453000.0
CL202301122,2023,Microcentro,Córdoba,12/12/2019,42,changas,112000.0,,42000.0,3,39000.0,si,636.0,0,88000.0,197000.0,0,297000.0
CL202303289,2023,Palermo,Neuquén,04/02/2020,58,changas,128000.0,10.4,72000.0,3,43000.0,Sí,597.0,6,97000.0,251000.0,1,699000.0
CL202303989,2023,Rosario Norte,CABA,2018-07-03,36,Informal,163000.0,2.7,122000.0,2,47000.0,si,510.0,5,70000.0,214000.0,4,748000.0
CL202303260,2023,Palermo,Buenos Aires,08/06/2021,34,Rel. Dependencia,514000.0,7.6,79000.0,3,297000.0,N,,1,423000.0,505000.0,0,1134000.0
CL202301650,2023,Central,Salta,2017-12-09,43,changas,124000.0,5.1,83000.0,4,33000.0,1,515.0,5,50000.0,137000.0,2,237000.0
CL202305652,2023,Mendoza Sur,Neuquén,2019-08-08,36,monotrib.,,,86000.0,2,48000.0,N,611.0,0,64000.0,225000.0,0,1277000.0
CL202304626,2023,La Plata,CABA,03/11/2020,31,RD,1867000.0,5.5,97000.0,7,917000.0,no,735.0,0,1944000.0,2977000.0,0,6308000.0
CL202303044,2023,Palermo,Neuquén,11/28/2019,39,s/d,430000.0,10.5,226000.0,3,133000.0,Sí,627.0,1,261000.0,729000.0,0,1393000.0
CL202305419,2023,Mendoza Sur,Salta,12/17/2020,50,s/d,,,51000.0,1,187000.0,N,794.0,1,1067000.0,2169000.0,0,2414000.0
CL202305531,2023,La Plata,Tucumán,04/14/2021,31,monotributo,,3.2,108000.0,2,141000.0,1,669.0,0,41000.0,890000.0,0,4333000.0
CL202300271,2023,Canal Digital,Córdoba,2016-06-17,26,Rel. Dependencia,,4.6,39000.0,7,97.0,N,714.0,1,322000.0,519000.0,0,3464000.0
CL202302311,2023,Canal Digital,Mendoza,27/06/2018,38,Relación de Dependencia,501000.0,10.9,209000.0,4,237.0,0,578.0,2,114000.0,496000.0,0,2911000.0
CL202302600,2023,Palermo,Mendoza,2019-04-18,53,Relación de Dependencia,1042000.0,17.7,244000.0,3,220000.0,0,,2,334000.0,1906000.0,0,3209000.0
CL202302997,2023,Canal Digital,Salta,03/04/2018,44,monotrib.,388000.0,8.9,45000.0,3,134.0,No,697.0,0,255000.0,781000.0,0,2478000.0
CL202303863,2023,Palermo,Córdoba,10/01/2020,29,Rel. Dependencia,581000.0,7.1,193000.0,3,203000.0,1,663.0,0,241000.0,499000.0,0,4088000.0
CL202303189,2023,Central,Salta,26/01/2018,48,Rel. Dependencia,,13.8,67000.0,5,133000.0,1,655.0,1,295000.0,1035000.0,0,2185000.0
CL202300696,2023,Córdoba Shopping,Tucumán,12/08/2021,51,Relación de Dependencia,633000.0,17.3,158000.0,3,205000.0,0,730.0,0,303000.0,536000.0,1,2796000.0
CL202305729,2023,Microcentro,Tucumán,2020-05-21,52,relacion de dependencia,2237000.0,,95000.0,2,895000.0,Sí,702.0,3,893000.0,2060000.0,1,13809000.0
CL202305566,2023,La Plata,Buenos Aires,07/24/2017,18,MT,319000.0,,14000.0,4,92000.0,No,726.0,0,159000.0,667000.0,0,1444000.0
CL202301011,2023,Córdoba Shopping,CABA,26/05/2017,38,Relación de Dependencia,,7.8,206000.0,6,180000.0,No,744.0,2,620000.0,1645000.0,0,7342000.0
CL202300799,2023,Microcentro,Buenos Aires,2020-07-13,31,Informal,275000.0,3.9,44000.0,4,90000.0,si,678.0,1,114000.0,362000.0,0,1899000.0
CL202306173,2023,Rosario Norte,Buenos Aires,17/07/2018,25,Relación de Dependencia,1006000.0,3.0,159000.0,1,103000.0,si,757.0,1,710000.0,1887000.0,0,6030000.0
CL202301201,2023,Palermo,Neuquén,01/06/2019,41,relacion de dependencia,1462000.0,10.7,262000.0,6,292000.0,No,666.0,0,813000.0,3119000.0,0,3097000.0
CL202303883,2023,Córdoba Shopping,Buenos Aires,2016-12-27,42,monotrib.,1183000.0,9.6,174000.0,3,297000.0,no,702.0,3,333000.0,954000.0,0,2466000.0
CL202305365,2023,Central,Neuquén,19/09/2016,21,Informal,363000.0,0.2,71000.0,4,144000.0,no,704.0,2,145000.0,643000.0,0,995000.0
CL202303691,2023,Córdoba Shopping,Santa Fe,2021-02-22,54,Monotributo,574000.0,15.6,46000.0,2,240000.0,0,692.0,0,434000.0,1123000.0,0,1800000.0
CL202301073,2023,Córdoba Shopping,Neuquén,13/07/2017,60,RD,478000.0,18.8,135000.0,3,113000.0,No,643.0,2,361000.0,882000.0,1,3330000.0
CL202300690,2023,Canal Digital,Tucumán,2021-11-11,49,Rel. Dependencia,1145000.0,15.8,160000.0,3,501.0,N,763.0,1,1104000.0,2375000.0,0,6514000.0
CL202302583,2023,Mendoza Sur,CABA,28/06/2016,48,Rel. Dependencia,871000.0,11.9,191000.0,5,261000.0,0,758.0,2,220000.0,1405000.0,1,2291000.0
CL202301346,2023,La Plata,Mendoza,2020-11-01,22,RD,,0.1,49000.0,4,284000.0,No,768.0,2,287000.0,1056000.0,0,1865000.0
CL202303390,2023,Canal Digital,Salta,29/09/2016,55,Relación de Dependencia,,19.2,278000.0,10,239.0,1,663.0,2,271000.0,906000.0,1,2952000.0
CL202300017,2023,Córdoba Shopping,Salta,15/05/2020,39,monotrib.,1067000.0,,195000.0,3,416000.0,N,,0,449000.0,1740000.0,0,7933000.0
CL202304763,2023,Microcentro,Santa Fe,03/03/2017,22,Relación de Dependencia,,6.6,87000.0,1,234000.0,0,759.0,1,385000.0,563000.0,1,2965000.0
CL202305247,2023,Palermo,Mendoza,02/24/2017,51,monotributo,,10.3,93000.0,2,212000.0,Sí,636.0,1,193000.0,631000.0,0,867000.0
CL202303892,2023,Canal Digital,Salta,19/08/2019,41,changas,345000.0,8.9,38000.0,6,167.0,No,745.0,0,248000.0,511000.0,0,2276000.0
CL202304130,2023,Rosario Norte,Salta,2016-03-19,18,Rel. Dependencia,423000.0,5.6,65000.0,3,119000.0,0,685.0,3,247000.0,597000.0,0,2932000.0
CL202302177,2023,Canal Digital,Buenos Aires,29/08/2016,37,Relación de Dependencia,559000.0,13.9,88000.0,3,177.0,N,681.0,1,458000.0,1098000.0,0,2092000.0
CL202304426,2023,La Plata,Mendoza,24/02/2017,49,monotrib.,179000.0,,31000.0,4,75000.0,No,660.0,0,117000.0,207000.0,0,638000.0
CL202303016,2023,La Plata,Córdoba,2020-01-01,50,changas,369000.0,15.3,86000.0,3,108000.0,0,624.0,2,192000.0,606000.0,2,1609000.0
CL202303403,2023,Palermo,Santa Fe,25/08/2017,44,Relación de Dependencia,552000.0,13.1,153000.0,5,192000.0,0,676.0,3,485000.0,622000.0,0,3536000.0
CL202305681,2023,Central,Tucumán,17/02/2017,48,RD,537000.0,15.8,152000.0,4,121000.0,No,664.0,0,425000.0,1019000.0,0,1818000.0
CL202303598,2023,Córdoba Shopping,Tucumán,05/12/2018,35,Monotributo,,,75000.0,3,87000.0,si,644.0,1,355000.0,522000.0,0,1763000.0
CL202300115,2023,Mendoza Sur,CABA,2019-02-08,28,relacion de dependencia,471000.0,7.5,430000.0,9,119000.0,1,502.0,6,327000.0,806000.0,4,1941000.0
CL202302965,2023,Córdoba Shopping,Santa Fe,12/04/2019,34,Informal,,,50000.0,4,63000.0,no,650.0,0,257000.0,252000.0,0,1917000.0
CL202304734,2023,Córdoba Shopping,Santa Fe,26/06/2019,30,relacion de dependencia,364000.0,6.1,270000.0,3,60000.0,S,501.0,2,256000.0,695000.0,4,626000.0
CL202303261,2023,Mendoza Sur,Salta,06/08/2021,49,MT,573000.0,12.1,175000.0,4,228000.0,Sí,667.0,1,356000.0,1000000.0,0,906000.0
CL202304599,2023,Microcentro,Santa Fe,2021-09-05,34,Relación de Dependencia,1109000.0,11.3,99000.0,2,451000.0,no,640.0,2,428000.0,1696000.0,0,2108000.0
CL202303106,2023,Rosario Norte,Neuquén,23/12/2020,26,informal,313000.0,9.3,225000.0,2,80000.0,N,558.0,1,118000.0,299000.0,0,1334000.0
CL202301598,2023,La Plata,Córdoba,07/18/2018,26,Monotributo,818000.0,5.3,86000.0,3,220000.0,no,722.0,2,147000.0,774000.0,0,3491000.0
CL202303925,2023,Central,Buenos Aires,2019-08-27,50,MT,1090000.0,,183000.0,6,269000.0,N,652.0,0,1089000.0,1062000.0,0,1714000.0
CL202306748,2023,Mendoza Sur,Córdoba,04/12/2021,67,RD,561000.0,20.6,72000.0,4,290000.0,0,714.0,1,56000.0,754000.0,0,3947000.0
CL202302264,2023,Palermo,Buenos Aires,14/01/2016,29,Informal,107000.0,,82000.0,3,61000.0,si,512.0,3,75000.0,148000.0,0,489000.0
CL202306037,2023,Microcentro,Salta,15/04/2019,48,Rel. Dependencia,714000.0,17.4,120000.0,5,226000.0,0,737.0,1,346000.0,1087000.0,1,2755000.0
CL202305802,2023,Rosario Norte,Mendoza,08/02/2016,36,Monotributo,632000.0,,142000.0,3,192000.0,si,651.0,0,244000.0,1385000.0,0,3135000.0
CL202301554,2023,Córdoba Shopping,Mendoza,2017-01-31,32,MT,1267000.0,,221000.0,2,316000.0,0,782.0,0,659000.0,1155000.0,1,2645000.0
CL202304264,2023,Palermo,Buenos Aires,14/04/2021,18,monotributo,345000.0,,107000.0,8,182000.0,1,648.0,0,183000.0,617000.0,0,1209000.0
CL202300218,2023,La Plata,Córdoba,03/01/2018,39,Relación de Dependencia,337000.0,10.5,232000.0,4,77000.0,1,466.0,2,213000.0,296000.0,1,1083000.0
CL202303782,2023,Córdoba Shopping,Buenos Aires,01/17/2021,55,monotrib.,288000.0,16.9,97000.0,1,126000.0,S,,0,280000.0,291000.0,1,702000.0
CL202303146,2023,La Plata,CABA,24/01/2019,54,RD,1373000.0,15.1,332000.0,3,644000.0,1,715.0,0,691000.0,2611000.0,0,7717000.0
CL202304580,2023,Central,CABA,04/23/2016,40,Rel. Dependencia,358000.0,9.5,156000.0,3,160000.0,Sí,623.0,1,341000.0,632000.0,1,906000.0
CL202301456,2023,Microcentro,Mendoza,11/05/2018,40,Rel. Dependencia,989000.0,9.5,131000.0,5,354000.0,Sí,695.0,1,538000.0,1251000.0,0,6355000.0
CL202300797,2023,Palermo,Mendoza,26/11/2019,25,RD,632000.0,5.9,212000.0,6,153000.0,N,590.0,1,644000.0,707000.0,2,2961000.0
CL202300713,2023,Mendoza Sur,Córdoba,2020-03-26,42,changas,171000.0,,75000.0,5,37000.0,1,659.0,0,117000.0,338000.0,0,1343000.0
CL202300628,2023,La Plata,Santa Fe,24/10/2016,38,RD,1169000.0,11.7,180000.0,3,110000.0,No,793.0,0,719000.0,1307000.0,0,2767000.0
CL202301729,2023,Mendoza Sur,Santa Fe,23/11/2020,34,Relación de Dependencia,,6.4,133000.0,5,233000.0,no,688.0,2,274000.0,860000.0,1,2004000.0
CL202302262,2023,Microcentro,Salta,2018-06-08,65,Rel. Dependencia,663000.0,18.0,214000.0,4,217000.0,si,653.0,2,233000.0,1131000.0,1,2010000.0
CL202306479,2023,Microcentro,Tucumán,07/04/2020,28,Monotributo,366000.0,4.3,152000.0,3,75000.0,si,637.0,0,192000.0,654000.0,0,1522000.0
CL202302772,2023,Mendoza Sur,Neuquén,2020-08-25,52,Rel. Dependencia,,13.8,182000.0,4,291000.0,S,683.0,0,507000.0,851000.0,0,2981000.0
CL202301957,2023,Rosario Norte,Santa Fe,04/06/2021,78,MT,981000.0,,248000.0,5,346000.0,No,693.0,1,86000.0,823000.0,0,2336000.0
CL202302562,2023,Central,Tucumán,02/05/2020,43,Rel. Dependencia,2863000.0,10.9,531000.0,7,909000.0,N,678.0,1,1543000.0,6237000.0,1,15636000.0
CL202303716,2023,Palermo,Córdoba,12/11/2017,23,Rel. Dependencia,1017000.0,5.0,196000.0,5,450000.0,si,,0,825000.0,1298000.0,0,3702000.0
CL202305366,2023,Palermo,Tucumán,27/03/2016,59,Rel. Dependencia,703000.0,17.1,307000.0,5,195000.0,0,608.0,0,355000.0,707000.0,1,3759000.0
CL202300929,2023,Palermo,Córdoba,12/01/2016,57,Monotributo,484000.0,,270000.0,7,76000.0,1,529.0,2,292000.0,461000.0,1,3652000.0
CL202303731,2023,Palermo,Salta,11/07/2021,40,Relación de Dependencia,361000.0,6.2,174000.0,2,103000.0,0,565.0,3,206000.0,728000.0,2,2573000.0
CL202301016,2023,Córdoba Shopping,Santa Fe,27/04/2017,49,Rel. Dependencia,604000.0,13.4,263000.0,3,149000.0,Sí,602.0,1,68000.0,911000.0,1,4734000.0
CL202306488,2023,Microcentro,Salta,2019-03-15,43,changas,202000.0,10.0,57000.0,2,70000.0,0,652.0,2,118000.0,402000.0,0,671000.0
CL202301553,2023,Microcentro,Salta,2020-02-11,38,Relación de Dependencia,1416000.0,4.6,163000.0,2,108000.0,N,709.0,3,822000.0,1803000.0,1,8067000.0
CL202302336,2023,Palermo,Buenos Aires,06/11/2019,46,RD,,14.3,131000.0,4,361000.0,No,681.0,2,472000.0,1115000.0,1,3041000.0
CL202304216,2023,Rosario Norte,Buenos Aires,13/11/2019,21,Monotributo,432000.0,,217000.0,3,71000.0,S,528.0,2,390000.0,522000.0,0,2745000.0
CL202305467,2023,Mendoza Sur,CABA,12/06/2017,46,RD,682000.0,9.7,107000.0,6,177000.0,No,701.0,1,344000.0,1181000.0,0,1984000.0
CL202302914,2023,Rosario Norte,Neuquén,05/10/2020,65,Relación de Dependencia,,20.9,165000.0,4,324000.0,N,654.0,0,349000.0,1682000.0,0,6611000.0
CL202304274,2023,Canal Digital,Córdoba,04/12/2019,39,Relación de Dependencia,783000.0,9.8,229000.0,6,170.0,0,675.0,1,495000.0,1155000.0,0,2422000.0
CL202305370,2023,La Plata,Mendoza,06/02/2017,44,monotrib.,378000.0,10.9,136000.0,6,102000.0,1,660.0,3,240000.0,711000.0,2,2986000.0
CL202303061,2023,Rosario Norte,CABA,2017-12-27,46,Monotributo,,,111000.0,5,58000.0,1,581.0,2,218000.0,496000.0,1,962000.0
CL202302275,2023,Mendoza Sur,Mendoza,2016-09-21,48,monotrib.,293000.0,,186000.0,4,96000.0,S,547.0,4,222000.0,532000.0,0,2288000.0
CL202301307,2023,La Plata,Córdoba,22/07/2021,43,Rel. Dependencia,751000.0,13.0,354000.0,3,185000.0,si,547.0,2,158000.0,638000.0,0,5506000.0
CL202305596,2023,Central,Santa Fe,07/02/2018,52,informal,303000.0,14.7,121000.0,2,75000.0,1,627.0,2,279000.0,493000.0,0,1267000.0
CL202303816,2023,Microcentro,Córdoba,03/26/2019,24,Rel. Dependencia,534000.0,3.0,150000.0,3,165000.0,0,610.0,1,602000.0,1068000.0,1,3400000.0
CL202302747,2023,Microcentro,Salta,02/06/2021,54,relacion de dependencia,1271000.0,16.1,281000.0,4,60000.0,0,731.0,2,330000.0,1497000.0,0,7903000.0
CL202300427,2023,La Plata,Salta,11/01/2017,55,monotributo,,15.9,106000.0,2,325000.0,No,778.0,1,361000.0,1748000.0,0,4778000.0
CL202300123,2023,Palermo,Salta,04/19/2016,36,monotributo,,13.5,59000.0,4,241000.0,N,695.0,0,173000.0,1121000.0,0,4144000.0
CL202300645,2023,Canal Digital,Córdoba,2016-06-19,41,changas,328000.0,,86000.0,4,93.0,no,560.0,1,212000.0,311000.0,0,762000.0
CL202302737,2023,Canal Digital,Neuquén,2019-11-09,54,informal,471000.0,14.3,71000.0,4,171.0,no,783.0,0,274000.0,542000.0,0,1963000.0
CL202302491,2023,Canal Digital,Santa Fe,16/10/2017,42,Relación de Dependencia,1092000.0,8.8,116000.0,6,230.0,0,690.0,1,649000.0,943000.0,0,4031000.0
CL202305264,2023,Palermo,Mendoza,27/03/2020,29,Rel. Dependencia,670000.0,6.2,175000.0,2,133000.0,N,561.0,0,398000.0,1066000.0,2,1719000.0
CL202302196,2023,La Plata,Salta,12/06/2017,64,RD,,19.1,94000.0,8,478000.0,No,723.0,0,827000.0,2957000.0,1,6015000.0
CL202302307,2023,Córdoba Shopping,Santa Fe,29/03/2021,44,Relación de Dependencia,641000.0,16.6,98000.0,6,240000.0,no,,0,222000.0,1350000.0,0,4542000.0
CL202306628,2023,Canal Digital,Neuquén,24/09/2020,47,relacion de dependencia,564000.0,11.2,99000.0,4,233.0,no,630.0,0,379000.0,496000.0,0,3524000.0
CL202300073,2023,Central,Santa Fe,09/28/2017,39,RD,1440000.0,9.4,310000.0,4,230000.0,no,723.0,2,272000.0,1497000.0,0,2313000.0
CL202306459,2023,Palermo,Tucumán,22/03/2019,42,changas,,,45000.0,4,37000.0,si,631.0,1,71000.0,124000.0,3,225000.0
CL202302886,2023,Córdoba Shopping,Tucumán,09/05/2017,57,monotrib.,,,313000.0,3,839000.0,0,740.0,0,501000.0,3607000.0,0,10971000.0
CL202302073,2023,Palermo,Córdoba,20/05/2020,42,Monotributo,456000.0,,26000.0,3,91000.0,0,744.0,0,31000.0,811000.0,0,2599000.0
CL202306434,2023,Central,Neuquén,18/07/2017,44,Informal,273000.0,11.8,56000.0,3,154000.0,N,763.0,1,168000.0,509000.0,0,899000.0
CL202304194,2023,Mendoza Sur,Buenos Aires,02/03/2019,38,monotrib.,285000.0,,74000.0,2,68000.0,S,658.0,2,196000.0,578000.0,0,2016000.0
CL202300033,2023,Palermo,Buenos Aires,05/01/2016,58,MT,705000.0,,128000.0,1,263000.0,No,734.0,1,617000.0,1003000.0,0,3608000.0
CL202300338,2023,Rosario Norte,Tucumán,12/11/2016,37,Relación de Dependencia,1143000.0,8.2,274000.0,2,226000.0,no,717.0,0,1213000.0,2433000.0,0,4484000.0
CL202305699,2023,Canal Digital,CABA,09/07/2016,37,Relación de Dependencia,120000.0,10.5,82000.0,7,29.0,si,524.0,2,32000.0,241000.0,1,543000.0
CL202302924,2023,La Plata,Santa Fe,21/01/2017,37,RD,398000.0,12.1,221000.0,4,54000.0,no,608.0,2,88000.0,767000.0,4,2033000.0
CL202305123,2023,Central,Córdoba,2018-05-16,35,Rel. Dependencia,578000.0,10.3,66000.0,4,143000.0,S,673.0,0,364000.0,894000.0,0,2459000.0
CL202303866,2023,La Plata,Neuquén,17/10/2016,34,Rel. Dependencia,,4.7,133000.0,3,256000.0,si,742.0,0,204000.0,712000.0,0,4137000.0
CL202305435,2023,Córdoba Shopping,Neuquén,24/08/2020,21,monotributo,,,166000.0,4,52000.0,si,561.0,1,105000.0,262000.0,1,1518000.0
CL202301966,2023,Rosario Norte,Neuquén,28/12/2017,39,Informal,232000.0,,36000.0,1,24000.0,0,,0,185000.0,414000.0,0,1264000.0
CL202306316,2023,Microcentro,Santa Fe,2018-12-07,18,Rel. Dependencia,795000.0,1.8,457000.0,3,198000.0,1,572.0,8,457000.0,1187000.0,1,6061000.0
CL202301482,2023,Palermo,CABA,10/05/2018,45,RD,579000.0,12.9,86000.0,6,132000.0,0,778.0,3,379000.0,540000.0,0,1947000.0
CL202304441,2023,Palermo,Tucumán,11/08/2021,49,changas,160000.0,,74000.0,3,50000.0,1,557.0,3,24000.0,186000.0,2,566000.0
CL202302066,2023,Microcentro,Neuquén,09/10/2020,37,Rel. Dependencia,403000.0,11.1,54000.0,3,141000.0,0,703.0,0,161000.0,377000.0,0,649000.0
CL202301685,2023,Mendoza Sur,Mendoza,2020-03-05,35,Relación de Dependencia,,7.9,213000.0,7,496000.0,no,699.0,1,0.0,1430000.0,0,10109000.0
CL202302581,2023,Canal Digital,Neuquén,16/02/2021,47,RD,846000.0,12.1,149000.0,4,472.0,S,632.0,0,116000.0,1128000.0,0,4424000.0
CL202306769,2023,Palermo,Buenos Aires,07/18/2020,41,Rel. Dependencia,,10.5,93000.0,4,68000.0,N,690.0,0,482000.0,710000.0,0,855000.0
CL202305089,2023,Canal Digital,Santa Fe,03/07/2016,32,monotributo,588000.0,,184000.0,3,124.0,si,603.0,0,138000.0,771000.0,0,3779000.0
CL202301187,2023,Mendoza Sur,Tucumán,2016-04-09,37,Rel. Dependencia,397000.0,10.8,121000.0,1,79000.0,no,616.0,2,292000.0,417000.0,0,2056000.0
CL202303792,2023,La Plata,Buenos Aires,04/12/2021,31,relacion de dependencia,746000.0,,148000.0,4,222000.0,si,630.0,1,524000.0,858000.0,0,3411000.0
CL202306167,2023,Central,Córdoba,12/06/2018,34,Rel. Dependencia,585000.0,10.9,35000.0,4,219000.0,si,606.0,0,51000.0,513000.0,0,1672000.0
CL202300736,2023,La Plata,Mendoza,09/12/2017,36,Informal,,7.7,55000.0,1,145000.0,no,722.0,1,231000.0,526000.0,0,1973000.0
CL202302412,2023,Palermo,Salta,03/29/2016,48,relacion de dependencia,630000.0,14.1,308000.0,4,127000.0,Sí,598.0,3,77000.0,591000.0,0,4423000.0
CL202304549,2023,La Plata,Santa Fe,11/02/2021,27,changas,197000.0,0.5,133000.0,2,47000.0,1,501.0,0,104000.0,244000.0,1,1331000.0
CL202300726,2023,Córdoba Shopping,Buenos Aires,2019-06-06,44,MT,653000.0,,111000.0,2,135000.0,si,655.0,2,114000.0,1368000.0,0,1371000.0
CL202304605,2023,Microcentro,Salta,2021-11-13,32,Relación de Dependencia,724000.0,8.6,247000.0,3,227000.0,1,624.0,2,0.0,902000.0,0,2666000.0
CL202303868,2023,Central,Tucumán,14/05/2016,56,monotrib.,297000.0,10.6,108000.0,2,85000.0,no,599.0,1,248000.0,552000.0,1,1016000.0
CL202303983,2023,Central,Buenos Aires,2019-08-10,57,RD,836000.0,19.4,165000.0,2,65000.0,Sí,718.0,1,694000.0,1300000.0,0,5749000.0
CL202304992,2023,Mendoza Sur,CABA,08/16/2019,39,relacion de dependencia,815000.0,11.3,113000.0,3,289000.0,no,669.0,0,369000.0,1397000.0,1,2448000.0
CL202300107,2023,Rosario Norte,Mendoza,19/11/2019,45,Relación de Dependencia,1303000.0,12.8,135000.0,5,366000.0,0,784.0,0,304000.0,2360000.0,0,3320000.0
CL202304725,2023,Mendoza Sur,Salta,2017-06-24,63,monotributo,540000.0,14.4,41000.0,3,265000.0,Sí,714.0,0,274000.0,783000.0,0,1744000.0
CL202305436,2023,Central,Buenos Aires,16/12/2021,41,Rel. Dependencia,,14.2,341000.0,3,305000.0,si,640.0,0,840000.0,833000.0,2,5087000.0
CL202300928,2023,Canal Digital,Buenos Aires,09/09/2021,36,relacion de dependencia,1011000.0,5.6,415000.0,4,322.0,No,624.0,1,446000.0,1773000.0,1,3414000.0
CL202303661,2023,Microcentro,Santa Fe,03/09/2019,64,s/d,103000.0,15.9,91000.0,2,41000.0,1,484.0,12,62000.0,114000.0,5,703000.0
CL202300613,2023,Rosario Norte,CABA,13/09/2016,44,Rel. Dependencia,605000.0,12.7,205000.0,1,160000.0,0,679.0,1,435000.0,1102000.0,0,3810000.0
CL202305846,2023,Córdoba Shopping,Salta,2017-11-21,32,monotrib.,,,187000.0,2,256000.0,no,662.0,1,426000.0,1525000.0,0,2448000.0
CL202302281,2023,Mendoza Sur,Córdoba,07/03/2016,42,Relación de Dependencia,882000.0,10.7,139000.0,4,314000.0,N,674.0,1,604000.0,1453000.0,1,6723000.0
CL202303829,2023,Rosario Norte,Tucumán,09/03/2020,54,Informal,,,70000.0,6,20000.0,si,,1,66000.0,140000.0,0,688000.0
CL202306625,2023,Central,CABA,2020-07-24,29,monotributo,433000.0,7.1,145000.0,3,149000.0,Sí,581.0,2,313000.0,882000.0,1,1379000.0
CL202303923,2023,Palermo,Córdoba,23/04/2016,37,Informal,133000.0,,72000.0,2,42000.0,0,629.0,2,0.0,241000.0,1,445000.0
CL202301637,2023,Central,Córdoba,09/01/2016,18,Monotributo,460000.0,0.0,180000.0,3,113000.0,si,575.0,1,311000.0,385000.0,1,2962000.0
CL202306700,2023,La Plata,Tucumán,11/12/2021,37,s/d,,8.3,55000.0,4,105000.0,N,,0,267000.0,886000.0,0,1336000.0
CL202304571,2023,Microcentro,Mendoza,10/26/2017,64,monotributo,289000.0,16.9,118000.0,3,63000.0,Sí,605.0,0,219000.0,433000.0,2,813000.0
CL202304511,2023,La Plata,CABA,2021-11-29,29,Rel. Dependencia,,5.3,245000.0,3,667000.0,0,744.0,0,293000.0,3458000.0,0,12934000.0
CL202303379,2023,Central,Salta,07/11/2020,48,MT,149000.0,,66000.0,3,36000.0,S,645.0,2,11000.0,153000.0,1,766000.0
CL202302807,2023,Mendoza Sur,Mendoza,25/03/2017,18,MT,302000.0,1.2,34000.0,5,109000.0,0,758.0,0,219000.0,376000.0,1,1552000.0
CL202300383,2023,Palermo,CABA,2020-05-14,51,informal,131000.0,,30000.0,5,44000.0,S,624.0,1,68000.0,279000.0,0,410000.0
CL202304694,2023,La Plata,CABA,08/02/2019,43,Monotributo,561000.0,10.0,202000.0,3,202000.0,no,,1,372000.0,836000.0,0,2740000.0
CL202304443,2023,Canal Digital,CABA,15/11/2021,30,Rel. Dependencia,1851000.0,7.7,108000.0,8,380.0,Sí,,0,1257000.0,2222000.0,0,9308000.0
CL202301062,2023,Canal Digital,Córdoba,2019-01-23,32,MT,,,33000.0,8,189.0,0,793.0,1,661000.0,1197000.0,0,3834000.0
CL202302573,2023,Córdoba Shopping,Mendoza,07/01/2020,36,Relación de Dependencia,778000.0,10.8,452000.0,7,186000.0,1,595.0,4,301000.0,1265000.0,0,5680000.0
CL202305422,2023,Mendoza Sur,Santa Fe,02/08/2018,67,s/d,285000.0,19.0,140000.0,2,173000.0,Sí,567.0,0,54000.0,484000.0,0,1967000.0
CL202304351,2023,Palermo,CABA,2018-08-05,54,Relación de Dependencia,712000.0,15.9,314000.0,4,250000.0,S,594.0,0,469000.0,1047000.0,2,2184000.0
CL202302989,2023,Rosario Norte,Santa Fe,27/06/2021,58,Relación de Dependencia,679000.0,18.2,249000.0,6,74000.0,S,634.0,0,282000.0,949000.0,0,3936000.0
CL202301923,2023,Palermo,Mendoza,2019-06-28,25,monotrib.,,5.1,200000.0,3,371000.0,N,720.0,3,921000.0,1026000.0,0,3526000.0
CL202301595,2023,Rosario Norte,Tucumán,2018-09-17,30,MT,448000.0,,77000.0,1,107000.0,N,716.0,0,499000.0,497000.0,0,1387000.0
CL202306676,2023,Central,CABA,25/11/2019,28,relacion de dependencia,980000.0,7.2,951000.0,2,501000.0,1,498.0,5,672000.0,1501000.0,5,4971000.0
CL202301499,2023,La Plata,Tucumán,19/03/2017,47,changas,191000.0,12.8,40000.0,4,28000.0,No,753.0,0,156000.0,205000.0,0,617000.0
CL202300127,2023,Córdoba Shopping,Neuquén,30/06/2019,53,relacion de dependencia,973000.0,21.4,315000.0,5,432000.0,si,650.0,2,644000.0,1694000.0,0,2303000.0
CL202302713,2023,Córdoba Shopping,Neuquén,19/09/2020,43,monotributo,,,179000.0,2,5000.0,N,647.0,1,602000.0,1020000.0,1,3003000.0
CL202302179,2023,Mendoza Sur,Neuquén,2021-08-06,33,Relación de Dependencia,938000.0,4.1,220000.0,2,136000.0,S,,1,531000.0,1862000.0,0,1522000.0
CL202301299,2023,Microcentro,Córdoba,14/01/2017,52,Relación de Dependencia,1162000.0,17.6,303000.0,4,351000.0,N,700.0,0,430000.0,1853000.0,0,5567000.0
CL202302733,2023,Mendoza Sur,Salta,24/07/2019,35,Rel. Dependencia,940000.0,5.3,288000.0,1,375000.0,1,593.0,4,717000.0,1556000.0,0,3350000.0
CL202302157,2023,Mendoza Sur,Neuquén,02/06/2019,43,monotributo,185000.0,8.8,53000.0,3,27000.0,N,680.0,2,92000.0,293000.0,1,1053000.0
CL202304298,2023,Palermo,Salta,19/02/2019,43,Informal,,10.1,75000.0,2,17000.0,si,558.0,2,46000.0,228000.0,2,357000.0
CL202301744,2023,Palermo,Buenos Aires,14/08/2017,34,Relación de Dependencia,1252000.0,8.4,274000.0,2,226000.0,N,739.0,1,713000.0,1319000.0,1,7767000.0
CL202300748,2023,Córdoba Shopping,Córdoba,2019-05-04,27,MT,576000.0,5.0,93000.0,1,280000.0,si,701.0,3,415000.0,957000.0,0,4101000.0
CL202305734,2023,Córdoba Shopping,Salta,2016-09-11,24,Monotributo,,,77000.0,1,102000.0,No,670.0,1,131000.0,462000.0,0,668000.0
CL202302838,2023,Mendoza Sur,Córdoba,09/05/2021,66,MT,317000.0,15.9,77000.0,4,152000.0,Sí,695.0,1,97000.0,650000.0,0,1277000.0
CL202305253,2023,La Plata,Córdoba,08/19/2018,18,Informal,157000.0,0.0,63000.0,4,68000.0,si,697.0,0,12000.0,126000.0,2,373000.0
CL202301582,2023,Canal Digital,Buenos Aires,27/09/2020,51,Relación de Dependencia,872000.0,14.6,215000.0,2,11.0,N,585.0,0,1002000.0,1308000.0,2,3453000.0
CL202305018,2023,Microcentro,Neuquén,2018-10-31,32,Rel. Dependencia,,8.5,323000.0,6,172000.0,si,595.0,1,275000.0,989000.0,3,5446000.0
CL202305319,2023,Palermo,Córdoba,01/28/2020,46,Rel. Dependencia,859000.0,17.4,262000.0,5,226000.0,no,649.0,3,419000.0,914000.0,0,3603000.0
CL202301335,2023,Canal Digital,Neuquén,28/03/2016,52,monotrib.,855000.0,11.6,200000.0,3,193.0,no,687.0,1,907000.0,1527000.0,0,2622000.0
CL202304867,2023,Central,CABA,2020-05-02,22,RD,707000.0,3.7,172000.0,2,243000.0,no,752.0,3,454000.0,1117000.0,0,2895000.0
CL202306088,2023,La Plata,Córdoba,01/11/2017,38,informal,316000.0,,38000.0,6,99000.0,S,692.0,0,30000.0,643000.0,0,1037000.0
CL202303022,2023,Central,Mendoza,2019-02-18,58,Relación de Dependencia,1022000.0,15.0,19000.0,4,509000.0,no,685.0,0,653000.0,1416000.0,0,7218000.0
CL202305905,2023,La Plata,Tucumán,20/04/2019,63,relacion de dependencia,,15.3,101000.0,4,151000.0,No,622.0,3,368000.0,983000.0,1,1232000.0
CL202302766,2023,Palermo,Salta,29/05/2016,41,monotrib.,,,31000.0,3,75000.0,No,752.0,0,179000.0,410000.0,1,693000.0
CL202301984,2023,Canal Digital,Tucumán,24/04/2016,43,relacion de dependencia,481000.0,8.4,75000.0,6,116.0,si,618.0,0,300000.0,659000.0,1,2879000.0
CL202306690,2023,La Plata,Santa Fe,03/08/2020,50,Rel. Dependencia,401000.0,12.3,62000.0,6,98000.0,0,699.0,0,177000.0,722000.0,1,2248000.0
CL202303721,2023,Palermo,Córdoba,02/02/2017,37,relacion de dependencia,533000.0,8.9,92000.0,2,81000.0,0,681.0,0,316000.0,985000.0,3,2586000.0
CL202304644,2023,Mendoza Sur,Neuquén,03/03/2018,46,Informal,209000.0,11.4,73000.0,1,60000.0,No,671.0,3,132000.0,384000.0,0,1445000.0
CL202303118,2023,Canal Digital,Mendoza,08/11/2018,52,Relación de Dependencia,441000.0,14.9,245000.0,3,92.0,si,590.0,4,187000.0,357000.0,1,2450000.0
CL202300887,2023,Córdoba Shopping,Neuquén,07/01/2016,38,Relación de Dependencia,1401000.0,11.0,190000.0,4,439000.0,No,648.0,3,458000.0,1360000.0,1,8564000.0
CL202305353,2023,Central,Mendoza,2018-10-27,48,Rel. Dependencia,1431000.0,13.0,355000.0,5,354000.0,N,693.0,5,440000.0,2483000.0,0,8151000.0
CL202302603,2023,La Plata,Córdoba,01/12/2016,18,RD,983000.0,1.2,152000.0,5,266000.0,S,708.0,2,488000.0,1164000.0,0,3735000.0
CL202301907,2023,Córdoba Shopping,Salta,06/16/2019,49,RD,1462000.0,14.0,464000.0,2,449000.0,N,638.0,1,1223000.0,1374000.0,0,8854000.0
CL202300911,2023,La Plata,Salta,01/06/2021,41,s/d,113000.0,6.7,51000.0,5,10000.0,no,571.0,2,4000.0,203000.0,1,614000.0
CL202306565,2023,Rosario Norte,Buenos Aires,18/08/2017,26,RD,584000.0,8.5,87000.0,7,251000.0,Sí,652.0,1,150000.0,1151000.0,0,4461000.0
CL202300203,2023,Canal Digital,Mendoza,2019-08-26,49,Rel. Dependencia,699000.0,16.3,82000.0,3,132.0,no,742.0,2,680000.0,691000.0,0,2122000.0
CL202304923,2023,Rosario Norte,Santa Fe,04/03/2018,37,Relación de Dependencia,,7.6,287000.0,5,737000.0,S,786.0,1,1184000.0,3385000.0,0,5832000.0
CL202304340,2023,Microcentro,Mendoza,11/04/2019,39,Monotributo,,9.2,49000.0,5,112000.0,0,656.0,1,66000.0,299000.0,0,1447000.0
CL202301732,2023,Mendoza Sur,Tucumán,17/11/2020,33,RD,240000.0,7.6,65000.0,5,114000.0,N,654.0,0,165000.0,296000.0,0,1911000.0
CL202302513,2023,Mendoza Sur,Salta,25/07/2016,60,Rel. Dependencia,726000.0,17.0,130000.0,2,95000.0,No,,2,486000.0,1546000.0,2,5471000.0
CL202305481,2023,Canal Digital,Santa Fe,11/01/2018,50,Relación de Dependencia,1417000.0,13.8,147000.0,8,245.0,N,698.0,2,842000.0,1462000.0,0,3547000.0
CL202301382,2023,Palermo,Santa Fe,31/01/2018,53,RD,,8.2,221000.0,4,385000.0,N,671.0,1,763000.0,3042000.0,2,6650000.0
CL202301360,2023,Córdoba Shopping,Salta,26/01/2018,25,monotrib.,470000.0,4.0,69000.0,2,124000.0,Sí,659.0,0,249000.0,643000.0,1,1244000.0
CL202300455,2023,Canal Digital,Buenos Aires,17/02/2020,38,relacion de dependencia,681000.0,7.4,98000.0,6,75.0,S,708.0,2,326000.0,1043000.0,1,3946000.0
CL202302993,2023,Rosario Norte,Mendoza,02/21/2017,49,monotributo,344000.0,12.4,185000.0,3,107000.0,Sí,640.0,0,127000.0,703000.0,0,1143000.0
CL202301039,2023,Central,Mendoza,05/02/2017,30,Relación de Dependencia,692000.0,9.2,192000.0,4,106000.0,no,,3,487000.0,801000.0,1,4347000.0
CL202304648,2023,Mendoza Sur,Mendoza,11/01/2019,59,RD,,19.6,200000.0,6,176000.0,1,649.0,2,279000.0,1074000.0,0,2858000.0
CL202302697,2023,Mendoza Sur,CABA,04/05/2016,55,relacion de dependencia,626000.0,17.3,292000.0,8,222000.0,S,587.0,1,703000.0,1011000.0,1,2298000.0
CL202301450,2023,Palermo,Tucumán,18/02/2019,38,relacion de dependencia,,8.4,60000.0,1,389000.0,No,,0,893000.0,2567000.0,0,8963000.0
CL202301579,2023,Palermo,Tucumán,04/05/2016,36,MT,530000.0,,172000.0,3,147000.0,N,733.0,0,0.0,633000.0,0,2352000.0
CL202300793,2023,Microcentro,Buenos Aires,15/01/2019,39,Relación de Dependencia,608000.0,10.8,112000.0,6,332000.0,N,632.0,0,315000.0,888000.0,0,4352000.0
CL202303112,2023,Rosario Norte,Córdoba,09/10/2017,50,Rel. Dependencia,1330000.0,13.1,55000.0,5,668000.0,No,680.0,0,758000.0,1887000.0,0,9474000.0
CL202301444,2023,Córdoba Shopping,CABA,11/11/2018,50,monotributo,606000.0,,73000.0,4,204000.0,N,700.0,2,253000.0,684000.0,1,1099000.0
CL202300247,2023,La Plata,Mendoza,26/04/2018,47,relacion de dependencia,,12.5,191000.0,1,246000.0,si,696.0,0,675000.0,997000.0,1,6215000.0
CL202305016,2023,Canal Digital,Mendoza,2016-08-20,22,informal,222000.0,0.0,101000.0,3,90.0,S,612.0,3,120000.0,318000.0,0,1191000.0
CL202301959,2023,Mendoza Sur,Tucumán,2019-06-10,44,Relación de Dependencia,648000.0,13.4,233000.0,2,266000.0,N,629.0,1,273000.0,1028000.0,0,3135000.0
CL202304487,2023,La Plata,Mendoza,07/02/2017,18,Relación de Dependencia,485000.0,3.6,165000.0,5,56000.0,0,609.0,0,328000.0,747000.0,0,2874000.0
CL202304206,2023,Mendoza Sur,Salta,14/09/2016,52,RD,729000.0,17.6,203000.0,4,30000.0,No,766.0,0,420000.0,727000.0,0,2190000.0
CL202306591,2023,La Plata,CABA,13/09/2016,54,Rel. Dependencia,701000.0,13.0,144000.0,7,212000.0,no,654.0,1,356000.0,1284000.0,0,4484000.0
CL202302171,2023,Mendoza Sur,Buenos Aires,2021-06-16,27,Monotributo,,1.9,313000.0,3,665000.0,No,782.0,0,1937000.0,3202000.0,0,9434000.0
CL202301391,2023,Palermo,Mendoza,06/05/2021,55,Relación de Dependencia,,16.9,135000.0,1,262000.0,no,749.0,3,212000.0,1320000.0,0,1259000.0
CL202302384,2023,Córdoba Shopping,Neuquén,2019-06-02,32,MT,,2.3,165000.0,5,212000.0,no,699.0,5,1000.0,838000.0,0,2362000.0
CL202302476,2023,Microcentro,Córdoba,03/09/2016,30,Relación de Dependencia,,10.9,106000.0,10,403000.0,0,822.0,0,82000.0,1118000.0,0,5040000.0
CL202303479,2023,Córdoba Shopping,CABA,19/04/2021,22,monotrib.,337000.0,0.9,51000.0,5,102000.0,No,751.0,0,237000.0,276000.0,0,919000.0
CL202304795,2023,Rosario Norte,Neuquén,2020-03-12,28,Monotributo,857000.0,,124000.0,4,101000.0,N,670.0,1,743000.0,1849000.0,0,2906000.0
CL202300745,2023,Canal Digital,Salta,12/05/2019,71,changas,261000.0,12.3,39000.0,2,56.0,S,658.0,0,104000.0,488000.0,1,1624000.0
CL202302664,2023,Central,Santa Fe,27/06/2018,25,monotributo,1313000.0,,305000.0,1,321000.0,No,800.0,0,333000.0,2037000.0,1,6923000.0
CL202302643,2023,Canal Digital,Neuquén,19/12/2021,18,monotributo,681000.0,2.5,30000.0,4,240.0,S,,2,620000.0,1360000.0,0,2734000.0
CL202301629,2023,Palermo,Mendoza,16/10/2019,32,monotrib.,430000.0,0.8,40000.0,4,106000.0,0,753.0,0,150000.0,570000.0,0,2062000.0
CL202301934,2023,Microcentro,Salta,2021-11-17,38,Monotributo,,5.8,37000.0,2,178000.0,N,748.0,0,517000.0,1421000.0,0,5176000.0
CL202303625,2023,La Plata,Córdoba,10/03/2021,38,changas,228000.0,5.7,32000.0,1,103000.0,N,698.0,1,94000.0,186000.0,1,1656000.0
CL202301309,2023,Microcentro,Mendoza,15/11/2021,42,Relación de Dependencia,665000.0,9.6,247000.0,3,206000.0,no,601.0,3,413000.0,1102000.0,0,1552000.0
CL202305793 ,2023,La Plata,CABA,04/01/2016,37,monotributo,439000.0,,6000.0,2,267000.0,No,763.0,0,221000.0,612000.0,0,979000.0
CL202301125,2023,Microcentro,Neuquén,30/03/2018,33,monotributo,677000.0,,112000.0,3,320000.0,S,665.0,3,477000.0,1291000.0,0,1282000.0
CL202304518,2023,Canal Digital,Buenos Aires,2016-07-16,42,relacion de dependencia,2118000.0,11.1,181000.0,5,177.0,0,741.0,1,800000.0,4148000.0,0,16333000.0
CL202304582,2023,Córdoba Shopping,CABA,06/02/2016,37,changas,,6.9,93000.0,5,119000.0,no,743.0,0,199000.0,816000.0,1,2322000.0
CL202301173,2023,Rosario Norte,Tucumán,05/04/2017,54,informal,118000.0,10.4,46000.0,2,46000.0,N,613.0,1,65000.0,135000.0,1,526000.0
CL202304935,2023,Córdoba Shopping,Salta,04/11/2021,48,RD,586000.0,12.2,120000.0,4,70000.0,N,,0,562000.0,1219000.0,0,3887000.0
CL202304451,2023,Canal Digital,Córdoba,01/03/2021,37,monotributo,,4.8,168000.0,2,209.0,0,741.0,1,115000.0,631000.0,0,4371000.0
CL202303692,2023,Canal Digital,Mendoza,02/04/2016,36,Monotributo,756000.0,7.0,299000.0,3,303.0,S,,1,263000.0,685000.0,0,1265000.0
CL202304742,2023,La Plata,Mendoza,31/03/2021,22,monotrib.,,1.3,148000.0,3,183000.0,1,624.0,5,352000.0,382000.0,2,842000.0
CL202304496,2023,Central,Santa Fe,29/07/2018,52,MT,194000.0,10.6,41000.0,5,32000.0,no,711.0,0,138000.0,260000.0,0,493000.0
CL202302995,2023,Palermo,Tucumán,05/09/2018,41,Informal,,6.1,120000.0,4,92000.0,1,590.0,2,51000.0,293000.0,1,1637000.0
CL202304894,2023,La Plata,Tucumán,2021-11-24,51,s/d,237000.0,9.5,51000.0,5,110000.0,No,657.0,0,146000.0,498000.0,1,1742000.0
CL202304771,2023,Rosario Norte,Córdoba,17/10/2016,60,monotrib.,505000.0,14.5,38000.0,4,252000.0,0,784.0,0,346000.0,1072000.0,1,3515000.0
CL202300376,2023,Córdoba Shopping,Neuquén,27/02/2020,32,Relación de Dependencia,,4.1,171000.0,1,594000.0,no,804.0,3,1409000.0,3587000.0,0,4844000.0
CL202303707,2023,Central,Buenos Aires,04/06/2021,21,monotributo,,0.0,85000.0,3,49000.0,No,655.0,0,226000.0,595000.0,1,2661000.0
CL202300773,2023,Rosario Norte,Buenos Aires,2019-03-28,40,relacion de dependencia,,7.3,280000.0,7,746000.0,no,782.0,0,756000.0,2288000.0,0,20310000.0
CL202300530,2023,Palermo,CABA,08/04/2019,26,monotributo,388000.0,3.6,128000.0,1,144000.0,S,593.0,1,287000.0,760000.0,0,2998000.0
CL202305413,2023,Mendoza Sur,Buenos Aires,14/12/2016,52,Rel. Dependencia,,16.3,223000.0,8,179000.0,N,639.0,0,578000.0,1448000.0,2,1782000.0
CL202300717,2023,La Plata,Mendoza,2017-11-25,61,changas,,12.7,69000.0,6,61000.0,0,510.0,1,63000.0,176000.0,0,814000.0
CL202306101,2023,Canal Digital,Mendoza,03/23/2016,40,relacion de dependencia,2023000.0,9.0,437000.0,5,576.0,no,718.0,1,1313000.0,2165000.0,2,3042000.0
CL202303160,2023,Córdoba Shopping,Tucumán,27/09/2018,51,Relación de Dependencia,,16.3,36000.0,7,265000.0,1,,1,486000.0,1555000.0,0,2883000.0
CL202303616,2023,Rosario Norte,Salta,13/05/2020,35,Rel. Dependencia,485000.0,6.8,131000.0,2,88000.0,no,592.0,1,512000.0,1042000.0,0,3074000.0
CL202306408,2023,Central,CABA,2018-02-12,45,MT,,6.1,208000.0,3,171000.0,Sí,574.0,2,185000.0,366000.0,2,1860000.0
CL202305755,2023,Central,Salta,22/03/2016,25,MT,849000.0,0.0,149000.0,2,430000.0,no,789.0,0,478000.0,840000.0,1,1900000.0
CL202306352,2023,Canal Digital,Mendoza,27/05/2021,23,monotrib.,760000.0,,236000.0,3,6.0,No,646.0,0,436000.0,1325000.0,0,5159000.0
CL202302754,2023,Mendoza Sur,Buenos Aires,10/01/2018,43,Rel. Dependencia,475000.0,11.9,107000.0,6,183000.0,Sí,692.0,2,212000.0,683000.0,0,3383000.0
CL202300112,2023,Canal Digital,Córdoba,2019-03-08,67,Monotributo,518000.0,16.8,271000.0,1,255.0,1,544.0,0,190000.0,709000.0,1,2169000.0
CL202306624,2023,Central,Neuquén,21/03/2016,43,RD,440000.0,6.5,67000.0,6,75000.0,si,704.0,3,281000.0,567000.0,0,1432000.0
CL202300766,2023,Mendoza Sur,Neuquén,10/03/2016,27,monotributo,646000.0,2.8,84000.0,2,173000.0,no,737.0,0,404000.0,736000.0,2,5007000.0
CL202303906,2023,Rosario Norte,CABA,2021-05-11,28,relacion de dependencia,,7.3,68000.0,5,287000.0,0,736.0,1,385000.0,978000.0,0,2683000.0
CL202306799,2023,Microcentro,Buenos Aires,03/03/2021,39,monotrib.,346000.0,,104000.0,3,99000.0,si,640.0,1,227000.0,622000.0,0,1218000.0
CL202302801,2023,Palermo,Córdoba,09/09/2016,28,relacion de dependencia,1035000.0,6.0,147000.0,2,56000.0,S,781.0,1,787000.0,1848000.0,1,1631000.0
CL202302829,2023,Central,Salta,02/12/2016,39,Rel. Dependencia,1306000.0,13.9,363000.0,5,34000.0,1,683.0,2,692000.0,1623000.0,0,9491000.0
CL202302771,2023,Central,Santa Fe,16/01/2021,32,relacion de dependencia,1348000.0,10.6,129000.0,4,470000.0,no,686.0,1,625000.0,1440000.0,0,10688000.0
CL202306130,2023,Central,Mendoza,07/01/2018,27,changas,170000.0,8.1,65000.0,3,36000.0,si,615.0,2,149000.0,332000.0,1,343000.0
CL202304575,2023,Central,Neuquén,2016-03-06,41,Rel. Dependencia,1435000.0,9.3,291000.0,4,376000.0,No,786.0,0,960000.0,2449000.0,0,9035000.0
CL202305178,2023,Rosario Norte,Buenos Aires,07/04/2019,43,Monotributo,408000.0,15.1,84000.0,2,139000.0,1,615.0,3,128000.0,772000.0,1,620000.0
CL202300809,2023,Canal Digital,Mendoza,03/06/2020,58,monotributo,689000.0,16.1,125000.0,3,61.0,no,716.0,1,323000.0,882000.0,0,1859000.0
CL202306552,2023,Mendoza Sur,Mendoza,19/07/2021,38,Rel. Dependencia,634000.0,13.0,220000.0,6,282000.0,1,707.0,0,419000.0,1087000.0,2,998000.0
CL202302649,2023,Microcentro,Córdoba,25/06/2017,35,Relación de Dependencia,1390000.0,13.1,172000.0,6,253000.0,N,750.0,0,792000.0,1921000.0,1,4754000.0
CL202306065,2023,Mendoza Sur,Salta,2017-02-16,58,Relación de Dependencia,678000.0,19.3,112000.0,8,168000.0,N,782.0,1,262000.0,1446000.0,1,2416000.0
CL202304887,2023,Central,Tucumán,2017-02-18,18,monotributo,408000.0,,37000.0,4,17000.0,0,739.0,1,249000.0,665000.0,0,895000.0
CL202301605,2023,La Plata,CABA,09/06/2020,42,RD,,12.5,264000.0,5,336000.0,no,633.0,1,718000.0,1636000.0,0,2947000.0
CL202302579,2023,Córdoba Shopping,Mendoza,19/05/2018,51,RD,1198000.0,13.1,163000.0,3,348000.0,N,802.0,0,393000.0,2206000.0,0,8221000.0
CL202303766,2023,Mendoza Sur,Córdoba,17/10/2020,26,monotributo,968000.0,0.6,117000.0,4,253000.0,0,777.0,2,312000.0,803000.0,0,2095000.0
CL202302377,2023,Canal Digital,Salta,31/10/2017,49,MT,1140000.0,7.4,97000.0,1,479.0,1,682.0,0,705000.0,1094000.0,1,2530000.0
CL202303926,2023,Canal Digital,Córdoba,13/02/2019,46,relacion de dependencia,500000.0,14.7,50000.0,5,99.0,N,706.0,0,206000.0,546000.0,0,787000.0
CL202301161,2023,Canal Digital,Neuquén,23/09/2019,34,s/d,151000.0,1.8,82000.0,2,62.0,0,590.0,0,55000.0,313000.0,1,605000.0
CL202305071,2023,Microcentro,Santa Fe,10/09/2021,20,informal,,3.0,110000.0,2,45000.0,si,539.0,6,0.0,303000.0,1,987000.0
CL202304858,2023,Rosario Norte,Santa Fe,27/08/2020,49,relacion de dependencia,,14.5,77000.0,3,112000.0,N,701.0,0,290000.0,1174000.0,0,2025000.0
CL202300782,2023,Central,Tucumán,10/23/2018,43,relacion de dependencia,790000.0,15.3,50000.0,4,249000.0,0,731.0,2,644000.0,774000.0,3,1619000.0
CL202306251,2023,Rosario Norte,Tucumán,2020-11-22,62,changas,286000.0,14.7,51000.0,2,112000.0,no,698.0,1,169000.0,515000.0,0,535000.0
CL202300839,2023,Microcentro,Córdoba,13/09/2017,25,monotrib.,1063000.0,,167000.0,6,101000.0,No,692.0,0,511000.0,1375000.0,1,1876000.0
CL202305233,2023,Microcentro,Buenos Aires,01/12/2016,34,Rel. Dependencia,318000.0,6.7,242000.0,6,60000.0,si,498.0,0,23000.0,261000.0,4,1728000.0
CL202303641,2023,Mendoza Sur,Neuquén,26/09/2017,42,relacion de dependencia,800000.0,14.2,295000.0,8,231000.0,1,659.0,1,259000.0,1195000.0,0,2548000.0
CL202306363,2023,Rosario Norte,Salta,26/02/2019,44,Informal,143000.0,7.9,87000.0,2,38000.0,0,585.0,1,94000.0,182000.0,1,953000.0
CL202304111,2023,Microcentro,Santa Fe,2016-04-24,50,Rel. Dependencia,767000.0,14.1,101000.0,6,201000.0,no,794.0,3,240000.0,1473000.0,0,4863000.0
CL202301381,2023,Central,Córdoba,15/08/2021,20,MT,351000.0,1.1,30000.0,3,146000.0,0,704.0,4,216000.0,351000.0,1,969000.0
CL202304046,2023,Rosario Norte,Buenos Aires,02/20/2016,35,Relación de Dependencia,,4.7,63000.0,7,109000.0,0,828.0,0,160000.0,964000.0,1,1850000.0
CL202306249,2023,Central,Salta,25/04/2021,33,MT,327000.0,8.0,157000.0,2,34000.0,si,,0,132000.0,393000.0,3,1601000.0
CL202303869,2023,Córdoba Shopping,Santa Fe,08/04/2021,36,Monotributo,790000.0,10.2,112000.0,3,332000.0,N,687.0,1,506000.0,741000.0,1,5904000.0
CL202305437,2023,La Plata,Tucumán,03/01/2019,21,Monotributo,286000.0,1.9,57000.0,3,143000.0,N,700.0,3,190000.0,585000.0,0,861000.0
CL202304054,2023,Rosario Norte,Córdoba,2019-07-13,51,monotributo,591000.0,10.9,72000.0,2,174000.0,si,652.0,0,349000.0,527000.0,0,3317000.0
CL202306319,2023,Córdoba Shopping,Santa Fe,03/05/2018,26,RD,618000.0,7.1,151000.0,4,181000.0,N,745.0,2,429000.0,840000.0,0,2859000.0
CL202305237,2023,Canal Digital,Salta,17/08/2018,18,relacion de dependencia,,0.0,167000.0,7,256.0,si,,0,6000.0,1933000.0,1,4237000.0
CL202300011,2023,Canal Digital,CABA,03/08/2017,48,informal,,11.7,62000.0,9,42.0,N,616.0,1,131000.0,267000.0,3,356000.0
CL202303419,2023,Rosario Norte,Neuquén,24/02/2017,61,RD,,,122000.0,5,113000.0,N,,1,544000.0,1130000.0,1,1155000.0
CL202300396,2023,Mendoza Sur,Córdoba,08/11/2017,43,monotrib.,314000.0,3.9,55000.0,4,141000.0,0,685.0,0,161000.0,254000.0,0,1663000.0
CL202301148,2023,Mendoza Sur,Buenos Aires,23/06/2020,38,monotributo,391000.0,,62000.0,5,191000.0,No,677.0,2,146000.0,799000.0,3,1311000.0
CL202301743,2023,Canal Digital,Mendoza,13/11/2020,47,Rel. Dependencia,,11.8,188000.0,5,307.0,No,657.0,0,241000.0,2582000.0,0,2430000.0
CL202301700,2023,Microcentro,CABA,02/14/2018,56,MT,873000.0,8.1,369000.0,5,78000.0,N,625.0,1,407000.0,1821000.0,1,6043000.0
CL202301165,2023,Mendoza Sur,CABA,2019-07-05,35,monotrib.,422000.0,,150000.0,4,117000.0,no,,3,311000.0,347000.0,2,1944000.0
CL202302672,2023,Central,Mendoza,07/04/2018,46,Rel. Dependencia,459000.0,13.4,165000.0,2,126000.0,N,651.0,1,312000.0,623000.0,0,3152000.0
CL202300453,2023,Mendoza Sur,Santa Fe,03/05/2020,47,RD,503000.0,14.5,51000.0,4,161000.0,0,681.0,2,265000.0,893000.0,0,1532000.0
CL202304055,2023,Microcentro,Neuquén,06/16/2018,38,Rel. Dependencia,740000.0,8.7,82000.0,4,244000.0,N,664.0,1,496000.0,1027000.0,0,4998000.0
CL202304592,2023,Palermo,Santa Fe,2018-03-09,32,Relación de Dependencia,539000.0,6.6,91000.0,6,109000.0,No,663.0,1,211000.0,537000.0,4,3088000.0
CL202306071,2023,Central,Salta,2021-11-23,46,Rel. Dependencia,1055000.0,13.9,121000.0,6,136000.0,0,703.0,2,744000.0,1941000.0,0,3931000.0
CL202300299,2023,Canal Digital,Mendoza,09/04/2020,23,MT,,,133000.0,3,81.0,1,539.0,7,168000.0,418000.0,0,698000.0
CL202303484,2023,Palermo,Neuquén,27/09/2017,28,MT,357000.0,4.6,43000.0,3,67000.0,0,694.0,2,378000.0,638000.0,0,856000.0
CL202304145,2023,Mendoza Sur,Salta,11/04/2020,23,RD,,8.6,569000.0,2,528000.0,1,,0,1131000.0,1372000.0,1,8692000.0
CL202306669,2023,Córdoba Shopping,CABA,11/29/2018,38,Rel. Dependencia,776000.0,9.3,101000.0,4,358000.0,no,729.0,0,633000.0,1648000.0,0,4718000.0
CL202300232,2023,Microcentro,Buenos Aires,10/09/2018,32,monotributo,751000.0,6.8,144000.0,3,255000.0,no,589.0,3,533000.0,783000.0,1,1967000.0
CL202306165,2023,Central,Neuquén,26/10/2016,23,Rel. Dependencia,610000.0,6.2,40000.0,2,233000.0,no,683.0,0,704000.0,1080000.0,0,930000.0
CL202303788,2023,Palermo,Buenos Aires,2018-12-04,42,MT,188000.0,8.8,117000.0,2,53000.0,Sí,516.0,3,92000.0,248000.0,2,1073000.0
CL202306174,2023,Microcentro,Salta,25/09/2018,57,Relación de Dependencia,533000.0,18.5,190000.0,3,163000.0,no,692.0,2,313000.0,495000.0,0,1435000.0
CL202306340,2023,Microcentro,Santa Fe,25/11/2019,51,Relación de Dependencia,982000.0,14.1,180000.0,4,467000.0,si,727.0,0,335000.0,948000.0,0,7661000.0
CL202304240,2023,Mendoza Sur,Córdoba,14/05/2019,51,Relación de Dependencia,,11.9,121000.0,2,251000.0,S,692.0,0,570000.0,722000.0,0,1840000.0
CL202304770,2023,Canal Digital,Santa Fe,18/01/2020,53,monotributo,,,223000.0,2,561.0,0,709.0,0,555000.0,2489000.0,1,8499000.0
CL202305814,2023,Mendoza Sur,Córdoba,27/09/2017,18,Rel. Dependencia,792000.0,3.9,443000.0,3,67000.0,si,604.0,2,730000.0,1445000.0,1,1786000.0
CL202302158,2023,Mendoza Sur,Neuquén,2018-09-04,44,Rel. Dependencia,578000.0,12.2,409000.0,3,86000.0,S,540.0,2,123000.0,1158000.0,2,1667000.0
CL202302325,2023,Palermo,Santa Fe,16/10/2016,32,relacion de dependencia,1188000.0,,297000.0,7,667000.0,N,785.0,1,761000.0,1275000.0,0,7616000.0
CL202305963,2023,Córdoba Shopping,Neuquén,2018-09-24,28,RD,507000.0,0.0,220000.0,7,219000.0,si,580.0,6,76000.0,567000.0,1,2745000.0
CL202304360,2023,Palermo,Salta,22/07/2017,24,MT,388000.0,2.5,108000.0,4,114000.0,N,592.0,1,232000.0,577000.0,1,1217000.0
CL202305498,2023,Rosario Norte,Salta,07/10/2021,39,Relación de Dependencia,,13.7,330000.0,4,243000.0,Sí,620.0,3,453000.0,951000.0,0,2983000.0
CL202305607,2023,Microcentro,Mendoza,23/08/2016,27,RD,484000.0,10.7,72000.0,3,170000.0,Sí,622.0,1,320000.0,778000.0,0,3335000.0
CL202300004,2023,La Plata,Tucumán,29/07/2018,18,Relación de Dependencia,,4.9,153000.0,9,262000.0,N,718.0,1,330000.0,1172000.0,0,1936000.0
CL202300802,2023,Rosario Norte,Neuquén,10/01/2020,20,Monotributo,588000.0,,153000.0,7,44000.0,0,774.0,0,268000.0,712000.0,0,4528000.0
CL202301719,2023,La Plata,Neuquén,21/03/2017,37,monotrib.,679000.0,7.5,388000.0,3,143000.0,no,628.0,3,531000.0,573000.0,0,1555000.0
CL202301661,2023,Microcentro,CABA,28/01/2020,35,monotributo,317000.0,,20000.0,3,36000.0,N,763.0,1,199000.0,611000.0,0,1776000.0
CL202302033,2023,Córdoba Shopping,Mendoza,10/25/2019,25,MT,680000.0,0.0,64000.0,4,185000.0,N,,0,383000.0,1122000.0,1,1530000.0
CL202304177,2023,Central,Neuquén,12/08/2020,36,informal,176000.0,4.5,27000.0,2,55000.0,no,639.0,0,142000.0,268000.0,0,400000.0
CL202302370,2023,La Plata,Mendoza,15/03/2017,18,relacion de dependencia,,3.8,329000.0,1,72000.0,N,739.0,0,911000.0,1568000.0,1,6772000.0
CL202304586,2023,Canal Digital,Tucumán,10/07/2019,29,monotributo,342000.0,4.7,44000.0,4,64.0,0,684.0,2,181000.0,471000.0,0,2543000.0
CL202304448,2023,La Plata,Santa Fe,15/08/2018,18,Informal,,0.0,36000.0,5,20000.0,no,631.0,2,45000.0,87000.0,0,163000.0
CL202302204,2023,Córdoba Shopping,Salta,2017-01-20,32,monotrib.,421000.0,4.0,112000.0,4,5000.0,si,,0,228000.0,450000.0,0,1777000.0
CL202300622,2023,Rosario Norte,Neuquén,21/05/2017,37,Relación de Dependencia,,9.3,138000.0,2,277000.0,0,750.0,1,395000.0,2636000.0,0,7621000.0
CL202302752,2023,Córdoba Shopping,Buenos Aires,10/31/2016,22,Relación de Dependencia,1645000.0,2.8,172000.0,1,499000.0,no,745.0,0,1510000.0,2077000.0,0,9560000.0
CL202302156,2023,Córdoba Shopping,Mendoza,05/25/2020,36,monotrib.,202000.0,9.8,73000.0,4,101000.0,1,628.0,1,94000.0,422000.0,1,469000.0
CL202300865,2023,Mendoza Sur,CABA,25/10/2018,39,MT,324000.0,7.3,72000.0,4,109000.0,1,664.0,2,254000.0,626000.0,0,832000.0
CL202303809,2023,Canal Digital,CABA,03/10/2018,47,Rel. Dependencia,,14.0,71000.0,5,75.0,Sí,622.0,0,95000.0,205000.0,0,1199000.0
CL202301001,2023,Microcentro,CABA,08/10/2018,40,Monotributo,336000.0,6.4,78000.0,3,168000.0,no,715.0,1,154000.0,576000.0,0,1819000.0
CL202304329,2023,Canal Digital,Santa Fe,04/29/2020,43,MT,,,247000.0,3,279.0,N,,1,139000.0,1143000.0,2,2551000.0
CL202304786,2023,Rosario Norte,Salta,30/06/2021,40,RD,,13.8,166000.0,2,498000.0,0,669.0,0,1506000.0,3148000.0,0,13281000.0
CL202304495,2023,La Plata,Mendoza,2020-10-28,28,informal,169000.0,,25000.0,2,26000.0,No,631.0,0,143000.0,140000.0,0,697000.0
CL202302823,2023,Canal Digital,Córdoba,2016-11-06,29,Monotributo,758000.0,,251000.0,3,63.0,no,566.0,1,612000.0,705000.0,1,4134000.0
CL202304933,2023,Palermo,Mendoza,23/11/2016,39,monotributo,412000.0,7.5,81000.0,2,48000.0,S,622.0,0,369000.0,514000.0,0,1109000.0
CL202301415,2023,Central,Buenos Aires,19/09/2021,34,Relación de Dependencia,774000.0,10.7,124000.0,3,182000.0,0,644.0,2,88000.0,1580000.0,0,1893000.0
CL202303474,2023,Central,Salta,2019-08-05,51,monotributo,,8.2,101000.0,2,207000.0,N,708.0,3,252000.0,510000.0,0,2460000.0
CL202302896,2023,Microcentro,Tucumán,02/08/2020,30,informal,150000.0,,78000.0,4,51000.0,1,554.0,1,83000.0,124000.0,1,1026000.0
CL202303733,2023,Mendoza Sur,Santa Fe,2017-10-01,30,informal,158000.0,7.7,100000.0,1,40000.0,si,539.0,2,147000.0,240000.0,5,1075000.0
CL202302908,2023,Central,Salta,2021-08-16,21,informal,126000.0,0.0,50000.0,3,30000.0,N,623.0,1,57000.0,167000.0,2,989000.0
CL202306083,2023,Rosario Norte,Buenos Aires,11/03/2017,22,Rel. Dependencia,323000.0,2.1,80000.0,5,88000.0,0,619.0,1,68000.0,452000.0,0,1527000.0
CL202303864,2023,Palermo,Tucumán,19/04/2017,35,Informal,,7.2,94000.0,2,7000.0,S,518.0,2,109000.0,182000.0,3,363000.0
CL202302309,2023,Microcentro,Salta,18/03/2019,27,Rel. Dependencia,326000.0,1.7,171000.0,3,74000.0,No,568.0,3,185000.0,400000.0,0,1735000.0
CL202305809,2023,Mendoza Sur,Tucumán,23/04/2021,51,monotrib.,,9.7,162000.0,2,113000.0,no,628.0,4,263000.0,634000.0,2,1663000.0
CL202305145,2023,Canal Digital,Salta,2016-06-05,38,RD,1151000.0,5.1,196000.0,5,395.0,No,696.0,0,553000.0,2349000.0,1,4312000.0
CL202300893,2023,Córdoba Shopping,CABA,07/10/2017,26,Monotributo,481000.0,2.5,81000.0,8,190000.0,N,,2,8000.0,962000.0,0,3134000.0
CL202305506,2023,Central,Salta,2021-03-11,48,MT,340000.0,15.2,141000.0,3,87000.0,N,605.0,1,175000.0,421000.0,0,813000.0
CL202300431,2023,Mendoza Sur,Neuquén,05/01/2019,36,monotrib.,267000.0,,53000.0,2,116000.0,No,631.0,1,257000.0,230000.0,0,1664000.0
CL202301555,2023,Canal Digital,Buenos Aires,22/04/2019,28,relacion de dependencia,1402000.0,,306000.0,6,611.0,0,760.0,0,402000.0,1538000.0,0,2745000.0
CL202305331,2023,La Plata,Córdoba,2019-01-24,47,MT,167000.0,7.0,143000.0,4,68000.0,Sí,483.0,5,57000.0,279000.0,5,951000.0
CL202301402,2023,Córdoba Shopping,Santa Fe,16/01/2018,39,RD,1059000.0,6.0,208000.0,6,535000.0,N,715.0,0,683000.0,1611000.0,0,5719000.0
CL202304303,2023,Palermo,Salta,2018-08-31,64,monotrib.,449000.0,12.3,38000.0,3,112000.0,no,638.0,0,211000.0,695000.0,0,3545000.0
CL202306158,2023,Rosario Norte,Salta,07/04/2016,54,monotributo,696000.0,11.4,146000.0,3,306000.0,1,677.0,3,171000.0,878000.0,0,3980000.0
CL202302450,2023,Córdoba Shopping,Neuquén,2016-07-28,32,monotributo,301000.0,4.6,32000.0,4,154000.0,1,692.0,1,368000.0,313000.0,0,672000.0
CL202301306,2023,Córdoba Shopping,Mendoza,03/30/2016,30,Monotributo,,2.6,102000.0,3,157000.0,N,747.0,1,418000.0,716000.0,1,1179000.0
CL202301624,2023,Palermo,Buenos Aires,04/20/2019,37,monotributo,391000.0,9.1,93000.0,2,121000.0,N,681.0,2,203000.0,796000.0,0,1678000.0
CL202306774,2023,La Plata,Córdoba,29/03/2018,35,changas,142000.0,,30000.0,3,45000.0,no,715.0,1,74000.0,297000.0,0,1106000.0
CL202304387,2023,Microcentro,Tucumán,2016-01-05,43,RD,973000.0,9.5,107000.0,5,264000.0,No,703.0,0,701000.0,1874000.0,0,7066000.0
CL202304595,2023,Palermo,Santa Fe,2020-12-30,40,monotributo,582000.0,11.3,71000.0,4,217000.0,N,777.0,1,275000.0,1123000.0,0,4313000.0
CL202300284,2023,Central,Salta,15/09/2019,46,monotributo,,,229000.0,3,186000.0,si,517.0,2,347000.0,487000.0,4,1574000.0
CL202302150,2023,La Plata,Tucumán,2021-09-09,18,monotributo,,0.0,195000.0,1,171000.0,0,707.0,0,68000.0,935000.0,1,1946000.0
CL202305041,2023,Microcentro,Salta,10/09/2016,31,Informal,261000.0,4.5,60000.0,2,111000.0,N,646.0,2,147000.0,430000.0,1,1101000.0
CL202301835,2023,Microcentro,Santa Fe,16/07/2019,50,Relación de Dependencia,1575000.0,15.8,236000.0,5,433000.0,0,658.0,2,1415000.0,3431000.0,1,5026000.0
CL202303028,2023,Canal Digital,Mendoza,27/06/2020,51,relacion de dependencia,1274000.0,12.1,127000.0,5,335.0,No,829.0,0,531000.0,2536000.0,0,9958000.0
CL202300859,2023,Microcentro,Buenos Aires,09/15/2018,48,monotributo,,,61000.0,2,203000.0,S,659.0,0,363000.0,1392000.0,0,4590000.0
CL202303387,2023,La Plata,Mendoza,12/03/2017,66,MT,438000.0,17.5,99000.0,1,5000.0,1,685.0,1,215000.0,394000.0,0,3371000.0
CL202305532,2023,Mendoza Sur,Mendoza,29/06/2020,54,RD,1175000.0,18.3,285000.0,3,570000.0,No,608.0,0,947000.0,1213000.0,0,2264000.0
CL202301928,2023,Central,Córdoba,25/10/2018,34,Rel. Dependencia,495000.0,10.3,112000.0,3,54000.0,no,689.0,1,361000.0,683000.0,0,3600000.0
CL202303120,2023,Rosario Norte,Mendoza,20/07/2016,30,s/d,242000.0,3.1,24000.0,4,177000.0,No,677.0,0,85000.0,343000.0,0,869000.0
CL202305773,2023,Palermo,Mendoza,25/07/2017,63,changas,137000.0,12.7,97000.0,1,20000.0,1,544.0,4,69000.0,168000.0,2,483000.0
CL202300779,2023,La Plata,Tucumán,08/07/2021,33,Informal,133000.0,2.5,64000.0,1,31000.0,si,651.0,3,66000.0,222000.0,1,565000.0
CL202306099,2023,Canal Digital,Santa Fe,12/16/2018,57,relacion de dependencia,1249000.0,16.4,239000.0,4,422.0,No,713.0,2,346000.0,2339000.0,1,6280000.0
CL202300403,2023,La Plata,Salta,26/04/2018,54,informal,195000.0,8.5,99000.0,4,71000.0,1,635.0,1,175000.0,329000.0,1,1169000.0
CL202300424,2023,Palermo,CABA,09/13/2017,55,changas,90000.0,14.9,34000.0,3,35000.0,No,584.0,1,36000.0,74000.0,0,208000.0
CL202306477,2023,Canal Digital,CABA,03/15/2020,29,RD,,9.0,236000.0,5,188.0,Sí,618.0,3,170000.0,602000.0,2,3317000.0
CL202305770,2023,Microcentro,Tucumán,2017-03-22,58,relacion de dependencia,,13.6,397000.0,5,378000.0,no,618.0,2,196000.0,924000.0,0,2284000.0
CL202302418,2023,Rosario Norte,Neuquén,12/01/2019,41,MT,,2.2,37000.0,1,143000.0,0,717.0,1,342000.0,1275000.0,1,1720000.0
CL202303722,2023,Mendoza Sur,Córdoba,2018-01-13,60,changas,,15.5,156000.0,6,101000.0,S,540.0,3,121000.0,365000.0,2,1769000.0
cl202301962,2023,Canal Digital,CABA,21/06/2018,33,informal,137000.0,,56000.0,3,5.0,0,644.0,0,64000.0,269000.0,1,391000.0
CL202300078,2023,Canal Digital,Tucumán,2018-07-11,64,changas,287000.0,13.1,75000.0,5,77.0,0,621.0,0,100000.0,534000.0,0,1627000.0
CL202304570,2023,Microcentro,Tucumán,2017-12-27,39,monotributo,992000.0,9.3,148000.0,2,270000.0,N,740.0,1,292000.0,865000.0,1,5982000.0
CL202301107,2023,Palermo,Tucumán,21/05/2017,61,MT,514000.0,13.9,65000.0,2,19000.0,no,782.0,1,504000.0,1019000.0,0,2289000.0
CL202302850,2023,Microcentro,Tucumán,2020-12-27,32,monotrib.,282000.0,1.1,149000.0,3,125000.0,No,579.0,3,125000.0,422000.0,6,1076000.0
CL202304766,2023,Palermo,Mendoza,18/01/2017,18,Monotributo,,,205000.0,2,98000.0,Sí,516.0,2,205000.0,554000.0,3,1796000.0
CL202301273,2023,Córdoba Shopping,Córdoba,30/03/2016,18,Rel. Dependencia,882000.0,1.7,163000.0,3,100000.0,0,643.0,1,852000.0,1466000.0,0,3868000.0
CL202301755,2023,Canal Digital,Tucumán,11/04/2019,49,RD,585000.0,8.5,231000.0,5,197.0,S,645.0,4,398000.0,1141000.0,0,4379000.0
CL202303079,2023,La Plata,Santa Fe,03/04/2021,38,relacion de dependencia,,9.7,170000.0,3,225000.0,S,645.0,2,182000.0,421000.0,0,859000.0
CL202306436,2023,Palermo,Salta,14/11/2016,59,Rel. Dependencia,925000.0,16.0,143000.0,5,117000.0,N,706.0,1,433000.0,1531000.0,0,2637000.0
CL202303148,2023,Central,Buenos Aires,07/11/2018,40,Rel. Dependencia,999000.0,12.0,85000.0,6,613000.0,0,708.0,0,650000.0,1727000.0,1,7890000.0
CL202302166,2023,Microcentro,CABA,14/09/2018,39,monotrib.,1416000.0,7.4,205000.0,4,555000.0,0,720.0,0,670000.0,2962000.0,0,3538000.0
CL202304318,2023,Palermo,Salta,04/25/2018,46,Relación de Dependencia,1169000.0,12.0,139000.0,5,298000.0,Sí,653.0,0,624000.0,2381000.0,0,4787000.0
CL202301761,2023,La Plata,Neuquén,07/10/2017,18,Rel. Dependencia,649000.0,4.2,165000.0,5,269000.0,N,647.0,1,548000.0,1172000.0,0,2226000.0
CL202305628,2023,Mendoza Sur,CABA,07/11/2016,38,monotrib.,336000.0,5.1,115000.0,3,86000.0,0,622.0,1,203000.0,666000.0,1,1873000.0
CL202306407,2023,Central,CABA,18/01/2016,35,relacion de dependencia,1018000.0,6.4,72000.0,2,277000.0,0,,0,404000.0,1675000.0,1,5076000.0
CL202301247,2023,Microcentro,Mendoza,05/19/2017,42,Monotributo,615000.0,5.0,101000.0,3,338000.0,N,776.0,0,291000.0,766000.0,0,2686000.0
CL202303899,2023,Córdoba Shopping,Santa Fe,08/12/2017,37,MT,218000.0,6.2,22000.0,3,5000.0,0,650.0,0,180000.0,235000.0,1,817000.0
CL202301534,2023,Córdoba Shopping,Buenos Aires,2016-08-10,30,s/d,97000.0,,32000.0,3,45000.0,N,,2,80000.0,170000.0,0,739000.0
CL202306575,2023,Canal Digital,CABA,19/12/2020,18,Relación de Dependencia,,5.0,206000.0,4,309.0,no,736.0,0,273000.0,1131000.0,1,4377000.0
CL202306499,2023,Canal Digital,Neuquén,2020-01-25,66,RD,693000.0,19.9,50000.0,2,206.0,0,680.0,1,490000.0,676000.0,0,3930000.0
CL202306270,2023,Canal Digital,Buenos Aires,16/12/2020,42,Rel. Dependencia,,7.5,226000.0,2,130.0,No,601.0,0,71000.0,1357000.0,0,4574000.0
CL202304287,2023,Microcentro,Mendoza,09/02/2020,23,s/d,,,40000.0,2,88000.0,0,693.0,0,107000.0,332000.0,1,665000.0
CL202305342,2023,Palermo,Córdoba,03/06/2021,41,Relación de Dependencia,1090000.0,8.0,97000.0,3,306000.0,N,652.0,0,959000.0,1482000.0,0,3326000.0
CL202304502,2023,Mendoza Sur,Tucumán,20/11/2021,41,Monotributo,513000.0,11.0,129000.0,2,94000.0,0,638.0,2,265000.0,1125000.0,1,3433000.0
CL202304394,2023,Canal Digital,Córdoba,01/28/2019,21,MT,440000.0,2.7,93000.0,2,150.0,Sí,698.0,1,54000.0,517000.0,1,2610000.0
CL202301622,2023,La Plata,Salta,08/04/2020,48,Monotributo,295000.0,14.3,88000.0,2,85000.0,No,709.0,0,126000.0,577000.0,0,1513000.0
CL202303894,2023,Microcentro,Mendoza,27/07/2017,31,Monotributo,378000.0,0.0,86000.0,1,134000.0,0,661.0,1,212000.0,783000.0,1,620000.0
CL202300847,2023,La Plata,Salta,08/02/2018,36,Rel. Dependencia,739000.0,9.8,291000.0,5,163000.0,si,656.0,1,562000.0,715000.0,0,1594000.0
CL202303509,2023,Córdoba Shopping,Buenos Aires,07/07/2021,30,s/d,,,56000.0,3,52000.0,si,576.0,2,4000.0,141000.0,2,911000.0
CL202305418,2023,Palermo,Neuquén,29/03/2021,78,Monotributo,365000.0,22.8,30000.0,4,64000.0,no,727.0,0,143000.0,663000.0,0,2052000.0
CL202300189,2023,Mendoza Sur,Buenos Aires,13/06/2019,47,relacion de dependencia,713000.0,13.1,253000.0,5,116000.0,1,583.0,1,437000.0,1339000.0,1,4973000.0
CL202303964,2023,La Plata,Neuquén,04/05/2017,51,Informal,230000.0,10.5,116000.0,2,24000.0,1,605.0,2,54000.0,434000.0,1,881000.0
CL202302284,2023,Microcentro,Córdoba,03/07/2020,26,relacion de dependencia,,7.2,65000.0,5,142000.0,N,764.0,0,580000.0,837000.0,0,1934000.0
CL202303750,2023,Rosario Norte,CABA,19/12/2018,18,MT,469000.0,0.0,263000.0,3,100000.0,N,617.0,1,264000.0,861000.0,1,2805000.0
CL202304965,2023,Palermo,Neuquén,06/11/2018,34,s/d,131000.0,,73000.0,2,19000.0,Sí,,0,109000.0,274000.0,4,922000.0
CL202303355,2023,La Plata,Neuquén,14/07/2019,18,monotributo,368000.0,1.7,41000.0,2,164000.0,si,,0,173000.0,604000.0,1,2133000.0
CL202305736,2023,Microcentro,Salta,06/04/2017,29,RD,535000.0,,149000.0,3,175000.0,0,609.0,2,184000.0,909000.0,3,4184000.0
CL202300333,2023,Microcentro,Córdoba,2017-03-04,18,Rel. Dependencia,501000.0,1.0,127000.0,5,203000.0,S,605.0,1,406000.0,666000.0,0,2764000.0
CL202301233,2023,Microcentro,Mendoza,11/10/2017,59,MT,424000.0,16.5,303000.0,3,137000.0,Sí,565.0,6,45000.0,753000.0,0,1626000.0
CL202301954,2023,Central,Córdoba,06/10/2019,28,RD,1184000.0,8.3,210000.0,3,521000.0,0,718.0,0,745000.0,1230000.0,0,2527000.0
CL202303287,2023,Córdoba Shopping,Tucumán,12/28/2018,18,relacion de dependencia,1298000.0,4.3,350000.0,4,302000.0,0,757.0,0,1131000.0,2303000.0,0,5119000.0
CL202303870,2023,Mendoza Sur,Salta,12/03/2021,63,MT,190000.0,19.0,60000.0,6,36000.0,si,,3,151000.0,264000.0,0,1344000.0
CL202303350,2023,Central,Neuquén,16/08/2017,60,monotrib.,768000.0,,105000.0,1,223000.0,no,,2,660000.0,868000.0,1,4665000.0
CL202303700,2023,Mendoza Sur,Córdoba,11/04/2017,41,MT,869000.0,7.2,148000.0,2,349000.0,No,734.0,1,476000.0,965000.0,0,6503000.0
CL202301702,2023,Córdoba Shopping,CABA,21/10/2017,31,monotrib.,284000.0,,40000.0,6,73000.0,0,688.0,0,145000.0,485000.0,2,2175000.0
CL202300955,2023,Canal Digital,Córdoba,02/09/2020,42,relacion de dependencia,1026000.0,12.2,201000.0,4,192.0,No,688.0,0,344000.0,2124000.0,0,5676000.0
CL202305511,2023,Canal Digital,Santa Fe,30/01/2018,44,monotributo,,7.5,99000.0,2,69.0,no,665.0,3,130000.0,319000.0,1,575000.0
CL202300244,2023,Palermo,Neuquén,11/20/2018,33,Rel. Dependencia,,4.7,277000.0,4,15000.0,No,740.0,1,1050000.0,1496000.0,0,5040000.0
CL202302778,2023,Canal Digital,Neuquén,04/09/2020,27,relacion de dependencia,385000.0,10.0,167000.0,3,34.0,No,657.0,0,91000.0,781000.0,0,2586000.0
CL202305332,2023,Central,Salta,11/10/2018,22,monotrib.,292000.0,,164000.0,5,102000.0,1,540.0,0,181000.0,345000.0,1,2132000.0
CL202305392,2023,Canal Digital,Tucumán,02/04/2018,35,Relación de Dependencia,576000.0,,68000.0,3,260.0,No,699.0,2,412000.0,981000.0,0,3549000.0
CL202306310,2023,La Plata,Santa Fe,05/11/2019,26,monotrib.,275000.0,,80000.0,2,10000.0,0,,0,155000.0,447000.0,0,1334000.0
CL202301495,2023,Rosario Norte,Neuquén,19/01/2020,40,Relación de Dependencia,,15.9,360000.0,3,437000.0,S,684.0,0,684000.0,1273000.0,0,3753000.0
CL202300758,2023,Mendoza Sur,Buenos Aires,2018-05-07,45,monotributo,190000.0,13.1,130000.0,2,42000.0,Sí,542.0,5,49000.0,406000.0,2,1339000.0
CL202302485,2023,Palermo,Córdoba,22/12/2016,38,Rel. Dependencia,543000.0,12.0,50000.0,2,124000.0,0,725.0,0,128000.0,728000.0,0,1590000.0
CL202304611,2023,Córdoba Shopping,Neuquén,2020-11-12,18,MT,334000.0,2.7,149000.0,5,103000.0,no,659.0,2,202000.0,452000.0,1,1031000.0
CL202306757,2023,Palermo,Buenos Aires,25/05/2021,43,Rel. Dependencia,493000.0,11.5,165000.0,4,165000.0,No,615.0,2,174000.0,1045000.0,0,3935000.0
CL202302302,2023,Córdoba Shopping,Salta,2020-09-15,29,Rel. Dependencia,956000.0,2.7,321000.0,4,63000.0,No,648.0,0,548000.0,1496000.0,1,6720000.0
CL202301638,2023,Mendoza Sur,Santa Fe,27/03/2020,40,relacion de dependencia,1412000.0,12.0,525000.0,4,276000.0,0,661.0,2,748000.0,2745000.0,1,11128000.0
CL202303874,2023,Central,CABA,2018-11-02,18,relacion de dependencia,1685000.0,4.3,346000.0,4,598000.0,No,778.0,0,802000.0,1700000.0,0,4424000.0
CL202303579,2023,La Plata,CABA,21/01/2018,18,relacion de dependencia,549000.0,0.0,219000.0,3,87000.0,S,601.0,0,223000.0,856000.0,2,1563000.0
CL202303214,2023,La Plata,Córdoba,2016-04-06,35,Rel. Dependencia,1105000.0,8.2,91000.0,3,326000.0,N,824.0,1,1061000.0,1981000.0,0,4418000.0
CL202303440,2023,Canal Digital,Buenos Aires,15/08/2016,28,Informal,452000.0,6.2,32000.0,3,108.0,si,728.0,1,90000.0,795000.0,0,3341000.0
CL202301296,2023,Mendoza Sur,Mendoza,10/06/2020,48,Rel. Dependencia,837000.0,13.5,135000.0,6,335000.0,No,647.0,1,293000.0,694000.0,0,2919000.0
CL202301496,2023,Palermo,Tucumán,2019-10-21,42,RD,952000.0,11.7,274000.0,5,437000.0,no,557.0,0,446000.0,1206000.0,0,3752000.0
cl202302124,2023,Rosario Norte,Tucumán,16/05/2021,50,Relación de Dependencia,552000.0,14.2,98000.0,3,135000.0,1,649.0,1,129000.0,889000.0,1,1005000.0
CL202303867,2023,Mendoza Sur,Neuquén,30/05/2021,52,RD,565000.0,12.6,66000.0,5,124000.0,N,672.0,1,265000.0,1187000.0,0,4204000.0
CL202304691,2023,Mendoza Sur,Mendoza,28/02/2021,49,informal,186000.0,12.8,41000.0,3,55000.0,No,694.0,1,115000.0,169000.0,1,1081000.0
CL202300930,2023,Palermo,Córdoba,17/09/2020,32,RD,,11.0,129000.0,6,27000.0,Sí,554.0,4,158000.0,205000.0,3,1867000.0
CL202305356,2023,La Plata,Salta,20/03/2021,55,Monotributo,716000.0,,130000.0,4,146000.0,0,662.0,0,295000.0,909000.0,0,4853000.0
CL202304077,2023,La Plata,Mendoza,01/26/2021,65,MT,373000.0,,59000.0,4,133000.0,N,763.0,0,2000.0,450000.0,0,2897000.0
CL202304759,2023,Mendoza Sur,CABA,01/08/2019,42,monotributo,,6.0,94000.0,3,151000.0,si,677.0,1,461000.0,763000.0,0,4279000.0
CL202304016,2023,Córdoba Shopping,Córdoba,01/12/2017,49,informal,128000.0,12.3,48000.0,4,32000.0,No,683.0,1,97000.0,112000.0,0,312000.0
CL202304169,2023,Central,Tucumán,12/29/2019,47,monotrib.,405000.0,10.7,261000.0,2,119000.0,si,,2,247000.0,643000.0,3,638000.0
CL202304912,2023,Córdoba Shopping,Salta,16/06/2016,32,Rel. Dependencia,1438000.0,10.6,175000.0,4,631000.0,N,677.0,0,233000.0,1632000.0,0,8700000.0
CL202306362,2023,Córdoba Shopping,CABA,2016-09-30,34,relacion de dependencia,506000.0,13.5,99000.0,3,227000.0,no,746.0,0,167000.0,639000.0,1,2332000.0
CL202304209,2023,Canal Digital,Santa Fe,2017-12-15,38,changas,410000.0,8.9,0.0,3,114.0,no,658.0,3,508000.0,396000.0,0,1816000.0
CL202301823,2023,Rosario Norte,Tucumán,31/10/2018,39,Relación de Dependencia,1468000.0,8.3,234000.0,2,163000.0,no,720.0,3,171000.0,2524000.0,1,9055000.0
CL202300071,2023,Canal Digital,Buenos Aires,18/09/2018,25,Monotributo,994000.0,1.3,136000.0,3,222.0,N,841.0,1,956000.0,1331000.0,1,5463000.0
CL202303113,2023,La Plata,CABA,24/09/2020,41,Rel. Dependencia,,10.9,189000.0,7,246000.0,S,671.0,2,574000.0,1337000.0,0,3790000.0
CL202301096,2023,Mendoza Sur,Córdoba,10/08/2017,50,Rel. Dependencia,317000.0,18.2,154000.0,4,73000.0,No,662.0,1,169000.0,694000.0,0,1508000.0
CL202304333,2023,Microcentro,Tucumán,20/10/2016,18,monotrib.,,,352000.0,3,229000.0,1,566.0,0,408000.0,898000.0,0,1716000.0
CL202305669,2023,La Plata,Córdoba,05/03/2016,38,Rel. Dependencia,482000.0,5.3,190000.0,4,276000.0,Sí,673.0,0,302000.0,694000.0,3,1805000.0
CL202304509,2023,Mendoza Sur,Santa Fe,2019-06-15,61,monotributo,788000.0,20.8,203000.0,4,232000.0,no,691.0,1,727000.0,799000.0,1,5534000.0
CL202305603,2023,Córdoba Shopping,Mendoza,05/07/2017,63,Rel. Dependencia,763000.0,17.0,123000.0,4,281000.0,N,637.0,0,455000.0,1638000.0,0,1322000.0
CL202302805,2023,Mendoza Sur,Salta,08/23/2021,18,Rel. Dependencia,1057000.0,2.8,192000.0,7,479000.0,no,718.0,0,1432000.0,2219000.0,0,7620000.0
CL202301990,2023,Canal Digital,Mendoza,07/08/2017,41,relacion de dependencia,853000.0,9.3,582000.0,3,260.0,1,531.0,2,726000.0,935000.0,4,5368000.0
CL202304271,2023,Central,Córdoba,29/07/2021,50,RD,,13.7,234000.0,6,580000.0,no,643.0,2,612000.0,2545000.0,0,5813000.0
CL202300371,2023,Rosario Norte,Córdoba,2019-10-15,33,RD,669000.0,10.7,129000.0,5,331000.0,0,635.0,1,343000.0,1225000.0,0,3018000.0
CL202306333,2023,Córdoba Shopping,Santa Fe,20/02/2017,56,relacion de dependencia,789000.0,,122000.0,4,271000.0,N,783.0,1,249000.0,1670000.0,0,1385000.0
CL202305587,2023,Mendoza Sur,Santa Fe,25/04/2018,47,s/d,257000.0,9.8,89000.0,3,65000.0,S,633.0,1,10000.0,287000.0,0,1298000.0
CL202304869,2023,Rosario Norte,Salta,2016-07-05,36,changas,268000.0,,69000.0,1,50000.0,S,773.0,2,205000.0,388000.0,0,1634000.0
CL202301302,2023,Palermo,Córdoba,21/11/2021,53,monotrib.,556000.0,14.2,116000.0,3,187000.0,0,691.0,1,406000.0,922000.0,0,1367000.0
CL202305350,2023,Palermo,Mendoza,05/06/2020,38,MT,,4.3,126000.0,1,140000.0,N,652.0,1,405000.0,716000.0,0,4119000.0
CL202300945,2023,La Plata,Salta,04/01/2019,42,monotrib.,416000.0,,138000.0,2,167000.0,0,626.0,0,347000.0,394000.0,1,2216000.0
CL202305591,2023,La Plata,Córdoba,17/06/2020,58,Informal,194000.0,,52000.0,4,91000.0,No,687.0,2,126000.0,227000.0,0,1379000.0
CL202303582,2023,La Plata,Mendoza,11/08/2017,36,relacion de dependencia,,13.4,459000.0,4,976000.0,No,641.0,0,2058000.0,3556000.0,1,15679000.0
CL202303328,2023,Córdoba Shopping,CABA,21/07/2019,36,monotrib.,267000.0,,12000.0,2,37000.0,si,,2,43000.0,437000.0,0,1478000.0
CL202305806,2023,Rosario Norte,Mendoza,08/25/2021,45,Rel. Dependencia,1631000.0,13.9,238000.0,4,450000.0,No,,1,1458000.0,1965000.0,0,4719000.0
CL202305083,2023,Córdoba Shopping,Buenos Aires,01/01/2018,54,Relación de Dependencia,918000.0,17.0,183000.0,5,409000.0,no,679.0,2,891000.0,1060000.0,1,4613000.0
CL202302598,2023,La Plata,Santa Fe,21/08/2016,45,Rel. Dependencia,506000.0,8.0,75000.0,5,138000.0,no,696.0,1,92000.0,410000.0,0,2466000.0
CL202305429,2023,Central,Mendoza,12/10/2018,39,RD,660000.0,6.8,215000.0,5,125000.0,Sí,620.0,1,383000.0,1334000.0,0,3763000.0
CL202304463,2023,Palermo,Santa Fe,17/08/2021,54,monotrib.,445000.0,9.4,20000.0,3,216000.0,S,662.0,3,271000.0,662000.0,0,1624000.0
CL202301723,2023,La Plata,Córdoba,25/06/2021,35,informal,112000.0,8.5,36000.0,1,41000.0,si,,0,5000.0,201000.0,0,706000.0
CL202302410,2023,Microcentro,Salta,10/24/2019,44,relacion de dependencia,749000.0,12.5,56000.0,4,73000.0,0,784.0,1,576000.0,1496000.0,0,2479000.0
CL202301174,2023,Canal Digital,CABA,11/22/2021,29,changas,195000.0,,48000.0,3,77.0,no,652.0,0,135000.0,313000.0,1,466000.0
CL202306762,2023,Rosario Norte,Córdoba,01/05/2019,56,relacion de dependencia,,15.7,67000.0,3,60000.0,No,672.0,0,183000.0,571000.0,2,4019000.0
CL202305525,2023,Palermo,Tucumán,2016-11-25,44,Rel. Dependencia,,6.5,69000.0,2,140000.0,No,761.0,1,573000.0,1444000.0,1,3695000.0
CL202305433,2023,Rosario Norte,Neuquén,21/10/2017,40,Relación de Dependencia,877000.0,8.5,163000.0,9,130000.0,No,655.0,0,139000.0,873000.0,0,2873000.0
CL202305470,2023,La Plata,Mendoza,03/10/2016,42,Monotributo,499000.0,10.8,93000.0,3,145000.0,No,615.0,0,548000.0,989000.0,0,1241000.0
CL202302702,2023,La Plata,Mendoza,02/08/2021,63,RD,1269000.0,11.7,256000.0,2,600000.0,No,692.0,1,427000.0,1929000.0,0,2479000.0
CL202300960,2023,Palermo,Tucumán,31/03/2016,39,Monotributo,513000.0,10.8,92000.0,4,140000.0,No,615.0,3,59000.0,998000.0,0,3932000.0
CL202304475,2023,Microcentro,Neuquén,04/12/2021,25,RD,,5.2,438000.0,2,629000.0,1,611.0,3,1022000.0,2472000.0,1,10080000.0
CL202305227,2023,Palermo,Córdoba,01/03/2018,58,Rel. Dependencia,551000.0,15.9,217000.0,6,83000.0,No,587.0,1,458000.0,1139000.0,0,4327000.0
CL202306763,2023,Central,Tucumán,13/12/2020,54,RD,583000.0,18.6,99000.0,4,289000.0,0,675.0,1,391000.0,910000.0,0,4438000.0
CL202302463,2023,Córdoba Shopping,Mendoza,24/07/2021,26,RD,649000.0,7.5,100000.0,3,293000.0,S,643.0,0,266000.0,1282000.0,0,1332000.0
CL202305378,2023,Rosario Norte,Salta,09/06/2020,57,Monotributo,282000.0,,96000.0,4,25000.0,0,635.0,2,59000.0,422000.0,0,939000.0
CL202301541,2023,Mendoza Sur,Buenos Aires,11/01/2017,42,Informal,111000.0,7.4,30000.0,4,49000.0,0,657.0,1,92000.0,240000.0,0,630000.0
CL202305154,2023,Palermo,CABA,02/09/2021,60,RD,546000.0,17.1,102000.0,5,20000.0,N,,0,0.0,1120000.0,1,1740000.0
CL202301512,2023,Rosario Norte,Mendoza,21/07/2016,35,informal,240000.0,1.3,68000.0,3,105000.0,0,760.0,0,182000.0,518000.0,0,1390000.0
CL202305048,2023,Central,Mendoza,11/03/2020,51,s/d,,14.7,101000.0,5,19000.0,1,530.0,1,91000.0,105000.0,1,707000.0
CL202305728,2023,Rosario Norte,Buenos Aires,03/04/2018,47,MT,,9.8,94000.0,4,41000.0,Sí,549.0,3,155000.0,269000.0,0,771000.0
CL202305787,2023,Córdoba Shopping,Buenos Aires,01/11/2021,25,RD,,,189000.0,3,392000.0,no,715.0,0,566000.0,1052000.0,0,5489000.0
CL202302239,2023,Palermo,Neuquén,25/01/2021,58,Relación de Dependencia,,17.2,205000.0,7,229000.0,No,618.0,1,170000.0,505000.0,0,3915000.0
CL202306377,2023,Microcentro,Santa Fe,01/09/2019,35,Relación de Dependencia,1985000.0,11.4,428000.0,8,786000.0,N,741.0,0,1013000.0,2283000.0,0,13508000.0
CL202306259,2023,Rosario Norte,Tucumán,08/09/2019,21,Rel. Dependencia,2084000.0,6.8,211000.0,5,360000.0,0,739.0,1,1551000.0,4529000.0,0,3608000.0
CL202302900,2023,Palermo,Tucumán,03/08/2017,64,MT,,15.0,106000.0,4,70000.0,No,650.0,1,123000.0,333000.0,1,1177000.0
CL202303335,2023,Microcentro,Santa Fe,2019-03-12,38,changas,155000.0,6.0,42000.0,1,49000.0,No,669.0,2,117000.0,136000.0,2,592000.0
CL202303972,2023,Rosario Norte,Neuquén,20/03/2019,43,informal,563000.0,,146000.0,2,96000.0,1,664.0,2,409000.0,719000.0,0,3268000.0
CL202301693,2023,Mendoza Sur,Santa Fe,2021-04-20,49,informal,127000.0,10.8,36000.0,2,25000.0,no,588.0,2,102000.0,125000.0,2,537000.0
CL202300211,2023,Mendoza Sur,Neuquén,01/11/2019,42,Rel. Dependencia,208000.0,15.9,120000.0,7,36000.0,1,585.0,1,144000.0,335000.0,3,1365000.0
CL202303371,2023,Mendoza Sur,Neuquén,22/08/2018,39,Relación de Dependencia,1036000.0,12.3,214000.0,8,153000.0,0,670.0,0,539000.0,1832000.0,1,6684000.0
CL202304676,2023,Rosario Norte,Santa Fe,01/01/2019,42,Relación de Dependencia,1105000.0,10.8,242000.0,4,156000.0,No,660.0,1,458000.0,940000.0,0,5702000.0
CL202306208,2023,Palermo,Salta,03/04/2018,44,Relación de Dependencia,501000.0,10.7,148000.0,6,238000.0,1,640.0,2,286000.0,615000.0,0,3071000.0
CL202305405,2023,Córdoba Shopping,Santa Fe,11/02/2019,60,MT,353000.0,,83000.0,5,83000.0,0,690.0,0,169000.0,485000.0,0,2080000.0
CL202306022,2023,Microcentro,Mendoza,27/03/2017,71,monotrib.,756000.0,24.4,110000.0,2,207000.0,no,724.0,0,284000.0,1367000.0,0,3024000.0
CL202306305,2023,Palermo,Salta,2017-08-08,24,monotributo,487000.0,2.5,69000.0,2,213000.0,0,659.0,1,612000.0,812000.0,0,1755000.0
CL202300394,2023,Rosario Norte,CABA,10/23/2019,59,Relación de Dependencia,412000.0,22.6,65000.0,2,135000.0,No,704.0,1,175000.0,624000.0,0,2303000.0
CL202305019,2023,La Plata,Buenos Aires,08/07/2017,36,Relación de Dependencia,769000.0,9.6,425000.0,4,233000.0,si,583.0,4,209000.0,1640000.0,1,4000000.0
CL202302246,2023,Central,Córdoba,21/09/2017,45,Rel. Dependencia,807000.0,,80000.0,2,203000.0,No,698.0,0,0.0,1449000.0,0,2716000.0
CL202303157,2023,Central,Tucumán,02/03/2020,48,Rel. Dependencia,689000.0,15.1,447000.0,1,169000.0,0,581.0,3,525000.0,1027000.0,1,4624000.0
CL202305137,2023,Canal Digital,Tucumán,27/06/2019,39,relacion de dependencia,989000.0,12.8,181000.0,5,377.0,si,676.0,0,568000.0,1774000.0,0,3924000.0
CL202302769,2023,Canal Digital,Córdoba,08/07/2016,37,Rel. Dependencia,980000.0,7.8,151000.0,1,183.0,No,666.0,1,784000.0,1454000.0,1,1742000.0
CL202303268,2023,Córdoba Shopping,Tucumán,11/01/2021,48,Informal,116000.0,,40000.0,3,38000.0,no,,0,64000.0,152000.0,1,184000.0
CL202302968,2023,Palermo,Mendoza,04/09/2016,53,Monotributo,696000.0,17.4,145000.0,5,148000.0,Sí,652.0,0,157000.0,975000.0,2,3255000.0
CL202303382,2023,La Plata,Mendoza,17/08/2017,44,RD,691000.0,11.8,85000.0,3,247000.0,No,719.0,1,418000.0,1504000.0,0,4949000.0
CL202305689,2023,Microcentro,Tucumán,2016-02-18,45,Relación de Dependencia,548000.0,14.9,63000.0,4,179000.0,N,712.0,0,118000.0,637000.0,0,3745000.0
CL202303037,2023,Rosario Norte,Tucumán,07/05/2018,51,MT,,11.4,22000.0,3,103000.0,No,771.0,1,327000.0,895000.0,1,2578000.0
CL202301625,2023,Canal Digital,Mendoza,16/05/2016,50,monotributo,285000.0,12.8,126000.0,2,187.0,si,599.0,2,0.0,277000.0,3,1866000.0
CL202301212,2023,Córdoba Shopping,Buenos Aires,11/30/2021,34,Rel. Dependencia,,,75000.0,6,207000.0,No,665.0,0,296000.0,1209000.0,0,1516000.0
CL202301150,2023,Mendoza Sur,Córdoba,2021-11-04,49,Relación de Dependencia,929000.0,15.6,63000.0,4,266000.0,no,766.0,0,792000.0,1623000.0,0,2711000.0
CL202304805,2023,Mendoza Sur,Salta,11/09/2020,28,monotributo,305000.0,,140000.0,2,112000.0,No,645.0,0,78000.0,377000.0,0,1220000.0
CL202301539,2023,Canal Digital,Tucumán,01/03/2019,66,relacion de dependencia,551000.0,23.4,185000.0,2,169.0,1,617.0,0,187000.0,1033000.0,1,3073000.0
CL202302675,2023,Mendoza Sur,Santa Fe,11/04/2021,60,Rel. Dependencia,546000.0,19.0,184000.0,8,251000.0,si,643.0,3,278000.0,1126000.0,0,1885000.0
CL202306387,2023,Canal Digital,CABA,27/06/2021,47,RD,964000.0,17.6,157000.0,3,121.0,N,747.0,1,490000.0,1382000.0,1,4522000.0
CL202305321,2023,Canal Digital,Córdoba,07/31/2017,54,relacion de dependencia,609000.0,18.0,257000.0,5,191.0,si,644.0,3,548000.0,1198000.0,1,1919000.0
CL202305219,2023,La Plata,Tucumán,2016-11-16,44,Informal,195000.0,9.4,50000.0,5,59000.0,1,735.0,2,209000.0,179000.0,0,943000.0
CL202300475,2023,Palermo,Mendoza,03/02/2016,47,monotributo,,13.4,195000.0,1,139000.0,0,,1,226000.0,595000.0,0,1047000.0
CL202300124,2023,Central,Neuquén,2019-07-09,37,Rel. Dependencia,1111000.0,12.3,201000.0,5,279000.0,no,807.0,0,674000.0,1156000.0,0,7260000.0
CL202305936,2023,Mendoza Sur,CABA,21/12/2020,37,Rel. Dependencia,879000.0,8.0,258000.0,6,158000.0,Sí,612.0,1,635000.0,1915000.0,0,6925000.0
CL202304680,2023,Palermo,Tucumán,2017-12-01,37,MT,774000.0,3.9,332000.0,2,170000.0,no,631.0,0,338000.0,850000.0,0,4403000.0
CL202301520,2023,Microcentro,Tucumán,2019-12-05,52,Informal,146000.0,8.2,18000.0,3,53000.0,N,630.0,1,82000.0,159000.0,1,298000.0
CL202305959,2023,Microcentro,Buenos Aires,13/04/2016,49,Informal,210000.0,7.2,33000.0,2,74000.0,No,,2,61000.0,459000.0,0,1608000.0
CL202304328,2023,Mendoza Sur,Tucumán,01/12/2017,55,Relación de Dependencia,,20.3,145000.0,4,130000.0,Sí,660.0,1,291000.0,614000.0,0,2637000.0
CL202301976,2023,La Plata,Córdoba,22/07/2020,48,Rel. Dependencia,550000.0,14.7,46000.0,5,150000.0,0,724.0,0,604000.0,498000.0,2,3765000.0
CL202305496,2023,Córdoba Shopping,Neuquén,18/11/2017,30,s/d,96000.0,4.3,46000.0,3,22000.0,N,574.0,3,64000.0,78000.0,2,249000.0
CL202302280,2023,Rosario Norte,Tucumán,22/05/2017,50,informal,,11.5,47000.0,5,192000.0,no,747.0,0,242000.0,529000.0,1,1875000.0
CL202303215,2023,Palermo,Neuquén,2016-06-16,33,Rel. Dependencia,,6.0,418000.0,4,339000.0,S,556.0,1,507000.0,1476000.0,3,6498000.0
CL202304376,2023,La Plata,Santa Fe,21/01/2016,51,Informal,162000.0,8.4,26000.0,3,49000.0,No,583.0,0,69000.0,259000.0,1,966000.0
CL202304750,2023,Microcentro,Buenos Aires,09/10/2018,37,monotributo,792000.0,4.5,154000.0,2,182000.0,S,644.0,1,190000.0,653000.0,1,2257000.0
CL202305459,2023,Central,Buenos Aires,2019-02-18,31,Rel. Dependencia,765000.0,6.4,176000.0,1,58000.0,no,729.0,1,449000.0,1469000.0,1,5073000.0
CL202304671,2023,Microcentro,Santa Fe,25/01/2018,51,RD,541000.0,13.9,146000.0,5,230000.0,S,578.0,3,366000.0,1156000.0,0,1411000.0
CL202303996,2023,Palermo,Santa Fe,2021-06-26,23,RD,607000.0,3.8,135000.0,2,162000.0,no,,0,375000.0,788000.0,1,1876000.0
CL202305186,2023,Microcentro,Buenos Aires,01/19/2020,64,relacion de dependencia,1315000.0,17.9,177000.0,5,375000.0,0,752.0,0,716000.0,2443000.0,0,4715000.0
CL202302512,2023,Palermo,Mendoza,17/04/2019,18,Rel. Dependencia,653000.0,2.0,141000.0,5,232000.0,N,720.0,0,401000.0,637000.0,1,4586000.0
CL202306698,2023,Mendoza Sur,Tucumán,2019-05-04,39,informal,128000.0,7.0,66000.0,4,7000.0,1,565.0,2,90000.0,191000.0,2,978000.0
CL202301782,2023,Córdoba Shopping,Salta,29/01/2017,50,monotributo,375000.0,12.0,113000.0,5,46000.0,0,,1,227000.0,504000.0,0,2034000.0
CL202306442,2023,Central,Mendoza,2018-09-04,45,RD,597000.0,11.8,305000.0,4,156000.0,no,567.0,0,339000.0,783000.0,0,2508000.0
CL202305080,2023,Palermo,Córdoba,06/12/2018,45,Relación de Dependencia,855000.0,10.5,261000.0,2,245000.0,N,,2,735000.0,1573000.0,0,3253000.0
CL202305091,2023,Palermo,Córdoba,2021-09-08,31,monotributo,682000.0,6.8,50000.0,2,172000.0,no,,0,511000.0,729000.0,0,1574000.0
CL202302662,2023,Central,Buenos Aires,28/05/2017,49,Rel. Dependencia,,15.2,93000.0,7,5000.0,Sí,643.0,2,131000.0,543000.0,0,1754000.0
CL202304203,2023,Mendoza Sur,Córdoba,10/10/2018,18,Rel. Dependencia,,7.0,372000.0,3,292000.0,0,616.0,2,632000.0,1729000.0,1,2498000.0
CL202302436,2023,Canal Digital,Salta,2018-07-26,55,monotributo,396000.0,,83000.0,3,138.0,1,681.0,2,318000.0,811000.0,2,2613000.0
CL202301110,2023,Canal Digital,Buenos Aires,2020-10-03,40,monotributo,842000.0,10.8,11000.0,2,211.0,N,738.0,2,354000.0,1324000.0,0,5336000.0
CL202301792,2023,Palermo,Salta,03/19/2021,30,relacion de dependencia,891000.0,2.1,239000.0,6,265000.0,no,699.0,0,374000.0,1544000.0,0,1340000.0
CL202305605,2023,Mendoza Sur,Neuquén,15/01/2019,36,Informal,157000.0,5.8,103000.0,5,34000.0,1,566.0,2,120000.0,195000.0,0,416000.0
CL202300854,2023,Canal Digital,Tucumán,2018-10-24,51,Relación de Dependencia,1536000.0,13.7,249000.0,8,633.0,No,722.0,0,1034000.0,1443000.0,0,8300000.0
CL202300738,2023,Central,Tucumán,2020-05-08,50,RD,647000.0,13.0,114000.0,6,103000.0,no,671.0,1,389000.0,541000.0,0,2859000.0
CL202304454,2023,Rosario Norte,Neuquén,2020-08-23,51,changas,197000.0,12.6,97000.0,1,79000.0,si,641.0,3,117000.0,202000.0,0,333000.0
CL202306285,2023,Canal Digital,Córdoba,09/03/2018,51,Relación de Dependencia,2031000.0,17.2,541000.0,4,654.0,No,,0,1226000.0,2811000.0,0,3876000.0
CL202302415,2023,Córdoba Shopping,Córdoba,17/07/2021,50,Informal,,11.0,86000.0,4,82000.0,S,555.0,2,38000.0,272000.0,1,518000.0
CL202303680,2023,Rosario Norte,Mendoza,19/10/2020,46,Rel. Dependencia,497000.0,13.7,65000.0,2,73000.0,Sí,667.0,0,147000.0,512000.0,0,3961000.0
CL202303077,2023,Córdoba Shopping,Neuquén,06/22/2016,71,informal,247000.0,,173000.0,3,67000.0,S,498.0,4,241000.0,238000.0,2,532000.0
CL202301522,2023,Microcentro,Salta,01/07/2020,62,relacion de dependencia,868000.0,20.4,145000.0,5,300000.0,N,797.0,0,455000.0,1886000.0,0,3385000.0
CL202306614,2023,La Plata,Tucumán,28/09/2020,57,RD,,18.8,78000.0,4,273000.0,no,739.0,0,239000.0,877000.0,0,3694000.0
CL202304033,2023,Mendoza Sur,CABA,12/05/2019,32,RD,2169000.0,7.6,286000.0,5,218000.0,No,742.0,0,1826000.0,4634000.0,0,8528000.0
CL202303348,2023,Rosario Norte,Neuquén,06/11/2021,33,Relación de Dependencia,545000.0,6.9,73000.0,6,194000.0,N,702.0,0,380000.0,730000.0,0,3885000.0
CL202300881,2023,La Plata,CABA,2016-06-07,39,changas,147000.0,10.4,60000.0,5,59000.0,No,599.0,1,68000.0,250000.0,0,1141000.0
CL202300977,2023,Rosario Norte,Tucumán,18/10/2019,61,MT,,,47000.0,2,78000.0,no,677.0,0,84000.0,310000.0,0,1437000.0
CL202300413,2023,Microcentro,Santa Fe,2018-07-23,32,MT,,7.7,263000.0,2,199000.0,si,605.0,0,315000.0,671000.0,1,1977000.0
CL202306441,2023,Canal Digital,Córdoba,04/07/2018,56,RD,480000.0,,179000.0,5,188.0,0,654.0,3,361000.0,456000.0,1,897000.0
CL202301550,2023,Palermo,Neuquén,08/30/2017,65,monotributo,628000.0,,77000.0,3,65000.0,N,684.0,0,518000.0,581000.0,1,4375000.0
CL202301262,2023,Microcentro,Mendoza,02/02/2018,27,RD,1266000.0,6.0,237000.0,6,636000.0,Sí,620.0,1,615000.0,2046000.0,0,4250000.0
CL202303200,2023,Mendoza Sur,Neuquén,04/05/2020,53,relacion de dependencia,866000.0,16.5,172000.0,7,221000.0,No,650.0,1,626000.0,1153000.0,0,5810000.0
CL202305983,2023,Central,Salta,2017-10-09,33,Monotributo,995000.0,5.2,303000.0,1,368000.0,S,655.0,3,734000.0,809000.0,1,6022000.0
CL202301921,2023,Rosario Norte,Mendoza,04/30/2018,52,relacion de dependencia,1756000.0,21.1,143000.0,12,426000.0,0,,1,1115000.0,3070000.0,0,7730000.0
CL202305759,2023,Mendoza Sur,Salta,15/07/2020,35,RD,1031000.0,6.8,322000.0,3,5000.0,S,630.0,2,604000.0,1975000.0,0,2271000.0
CL202301259,2023,Mendoza Sur,Buenos Aires,04/09/2020,29,Relación de Dependencia,838000.0,7.3,35000.0,2,324000.0,No,757.0,1,534000.0,1392000.0,0,5301000.0
CL202302753,2023,Microcentro,CABA,2020-11-28,42,informal,136000.0,9.4,44000.0,4,30000.0,S,560.0,0,70000.0,270000.0,1,1083000.0
CL202301694,2023,Microcentro,Tucumán,30/10/2019,22,informal,264000.0,0.0,48000.0,3,99000.0,N,643.0,3,23000.0,404000.0,0,1579000.0
CL202306025,2023,Rosario Norte,CABA,09/09/2016,49,changas,333000.0,7.6,116000.0,2,97000.0,0,654.0,0,99000.0,538000.0,0,901000.0
CL202303076,2023,Rosario Norte,CABA,28/06/2019,41,monotrib.,594000.0,,83000.0,2,158000.0,no,737.0,0,333000.0,1043000.0,0,2409000.0
CL202300374,2023,Mendoza Sur,Buenos Aires,27/06/2017,18,monotributo,,0.0,98000.0,6,246000.0,No,698.0,0,367000.0,911000.0,0,2632000.0
CL202301058,2023,Central,Neuquén,09/05/2017,48,monotributo,455000.0,15.5,52000.0,7,176000.0,No,675.0,1,492000.0,486000.0,0,1380000.0
CL202304156,2023,Canal Digital,Córdoba,2020-06-20,32,MT,323000.0,,49000.0,2,84.0,no,726.0,1,195000.0,277000.0,0,2454000.0
CL202306417,2023,Rosario Norte,Santa Fe,2018-03-07,32,Relación de Dependencia,1166000.0,,360000.0,7,397000.0,No,578.0,1,934000.0,2053000.0,1,7647000.0
CL202301592,2023,Córdoba Shopping,Mendoza,21/01/2019,40,Relación de Dependencia,574000.0,8.1,200000.0,3,285000.0,si,582.0,5,475000.0,564000.0,0,1143000.0
CL202305334,2023,Córdoba Shopping,Tucumán,07/12/2018,34,Rel. Dependencia,519000.0,8.3,29000.0,2,80000.0,0,655.0,1,304000.0,955000.0,2,867000.0
CL202306172,2023,Central,Neuquén,2017-06-27,49,Relación de Dependencia,1523000.0,,364000.0,3,350000.0,1,711.0,2,754000.0,2800000.0,0,4435000.0
CL202305294,2023,Córdoba Shopping,Mendoza,14/11/2018,35,Relación de Dependencia,554000.0,9.2,45000.0,4,109000.0,no,745.0,0,120000.0,495000.0,1,2315000.0
CL202305100,2023,Rosario Norte,Salta,2018-06-25,51,monotributo,213000.0,,95000.0,5,5000.0,S,622.0,2,67000.0,414000.0,2,522000.0
CL202304307,2023,Central,Córdoba,08/07/2020,28,relacion de dependencia,,6.0,138000.0,5,107000.0,1,685.0,0,347000.0,1027000.0,1,2182000.0
CL202304053,2023,Central,Tucumán,17/12/2021,44,MT,,4.6,97000.0,4,50000.0,No,,0,308000.0,749000.0,0,1575000.0
CL202302190,2023,La Plata,Mendoza,05/30/2020,23,monotrib.,830000.0,,64000.0,2,364000.0,0,741.0,0,708000.0,1821000.0,0,5363000.0
CL202301141,2023,Rosario Norte,Córdoba,14/07/2020,46,MT,,0.7,86000.0,3,28000.0,Sí,571.0,6,108000.0,294000.0,1,632000.0
CL202305818,2023,Central,Neuquén,2016-09-11,42,RD,713000.0,7.3,96000.0,2,323000.0,No,821.0,0,426000.0,992000.0,0,5669000.0
CL202304334,2023,Palermo,Tucumán,2020-10-22,20,Rel. Dependencia,1085000.0,,514000.0,5,425000.0,Sí,630.0,2,42000.0,2258000.0,0,7069000.0
CL202302078,2023,Rosario Norte,CABA,24/06/2017,36,Relación de Dependencia,983000.0,5.6,159000.0,4,326000.0,N,770.0,3,0.0,1245000.0,0,2004000.0
CL202306057 ,2023,La Plata,Neuquén,03/08/2016,39,changas,185000.0,,59000.0,5,58000.0,1,,2,76000.0,187000.0,0,1410000.0
CL202301887,2023,La Plata,Tucumán,30/03/2020,28,changas,166000.0,2.9,46000.0,3,58000.0,No,639.0,0,0.0,328000.0,0,446000.0
CL202306276,2023,Microcentro,Mendoza,01/08/2018,24,Rel. Dependencia,1686000.0,3.0,215000.0,4,106000.0,no,817.0,0,1577000.0,2685000.0,0,4663000.0
CL202302586,2023,Córdoba Shopping,Salta,13/04/2018,47,relacion de dependencia,1105000.0,10.3,64000.0,3,145000.0,0,777.0,0,839000.0,1140000.0,0,3018000.0
CL202300254,2023,Palermo,Santa Fe,2021-07-25,18,Rel. Dependencia,478000.0,2.0,228000.0,4,149000.0,S,650.0,0,265000.0,1046000.0,2,2910000.0
CL202302091,2023,Mendoza Sur,Santa Fe,2020-01-01,33,relacion de dependencia,617000.0,8.6,92000.0,3,203000.0,0,643.0,1,474000.0,526000.0,0,4912000.0
CL202301365,2023,Palermo,Mendoza,2019-09-29,49,changas,189000.0,10.7,56000.0,2,44000.0,N,666.0,1,134000.0,374000.0,0,730000.0
CL202303677,2023,Central,Mendoza,02/08/2016,38,RD,,9.9,239000.0,6,390000.0,no,810.0,0,1310000.0,2945000.0,0,4609000.0
CL202302094,2023,Central,Córdoba,2018-04-21,31,RD,744000.0,7.6,277000.0,6,322000.0,1,627.0,3,435000.0,1318000.0,0,4998000.0
CL202304540,2023,Microcentro,CABA,2021-10-19,46,changas,214000.0,8.4,53000.0,1,108000.0,N,633.0,2,18000.0,224000.0,1,625000.0
CL202300268,2023,Palermo,Mendoza,04/01/2018,48,relacion de dependencia,616000.0,15.3,107000.0,3,185000.0,1,648.0,0,539000.0,648000.0,0,3598000.0
CL202302310,2023,Canal Digital,CABA,07/06/2016,41,Rel. Dependencia,3150000.0,12.6,147000.0,4,50.0,N,586.0,3,160000.0,654000.0,1,1591000.0
CL202306489,2023,Córdoba Shopping,Santa Fe,01/02/2021,41,Relación de Dependencia,505000.0,14.2,209000.0,2,164000.0,si,669.0,0,350000.0,411000.0,0,1446000.0
CL202304431,2023,Córdoba Shopping,Buenos Aires,29/10/2016,49,informal,301000.0,11.5,85000.0,2,43000.0,Sí,666.0,1,71000.0,426000.0,0,1707000.0
CL202302127,2023,Córdoba Shopping,Santa Fe,30/06/2018,58,RD,1056000.0,16.3,169000.0,3,393000.0,0,721.0,0,378000.0,1755000.0,0,4495000.0
CL202301710,2023,Rosario Norte,Neuquén,10/10/2019,46,relacion de dependencia,850000.0,15.5,389000.0,3,210000.0,no,664.0,0,454000.0,1794000.0,1,2969000.0
CL202305618,2023,Rosario Norte,Santa Fe,02/10/2021,18,Informal,172000.0,1.0,20000.0,3,51000.0,N,761.0,0,76000.0,139000.0,1,1249000.0
CL202306594,2023,Microcentro,Salta,02/19/2016,35,changas,283000.0,,99000.0,3,67000.0,0,632.0,0,67000.0,563000.0,1,425000.0
CL202305657,2023,La Plata,Neuquén,11/01/2019,32,RD,375000.0,7.5,153000.0,12,161000.0,1,626.0,0,118000.0,612000.0,1,1439000.0
CL202301848,2023,Mendoza Sur,Salta,22/04/2016,41,MT,962000.0,11.9,125000.0,2,83000.0,N,850.0,1,989000.0,1155000.0,0,6369000.0
CL202301929,2023,Palermo,CABA,11/12/2020,53,Monotributo,435000.0,13.8,152000.0,4,195000.0,0,655.0,0,334000.0,532000.0,0,2187000.0
CL202304031,2023,Central,Mendoza,19/11/2018,46,Relación de Dependencia,,12.1,121000.0,4,263000.0,no,,1,137000.0,537000.0,0,4181000.0
CL202304242,2023,Canal Digital,Tucumán,19/05/2018,46,changas,262000.0,,151000.0,2,41.0,Sí,542.0,2,61000.0,382000.0,2,1881000.0
CL202304314,2023,Microcentro,Neuquén,08/15/2019,62,Rel. Dependencia,931000.0,18.7,399000.0,4,115000.0,Sí,682.0,0,476000.0,1083000.0,0,1867000.0
CL202303805,2023,Central,Santa Fe,23/02/2021,29,Monotributo,737000.0,1.1,369000.0,6,187000.0,N,531.0,1,281000.0,1116000.0,2,5802000.0
CL202301684,2023,Canal Digital,Neuquén,15/11/2019,34,informal,221000.0,0.0,122000.0,2,79.0,1,,2,26000.0,363000.0,0,1254000.0
CL202303071,2023,Palermo,CABA,11/02/2018,18,monotrib.,296000.0,,48000.0,5,80000.0,Sí,669.0,1,198000.0,486000.0,0,776000.0
CL202305015,2023,Central,Buenos Aires,05/11/2018,42,Monotributo,,5.2,26000.0,2,48000.0,1,674.0,0,207000.0,246000.0,0,1245000.0
CL202305795,2023,La Plata,CABA,19/07/2019,18,informal,140000.0,4.2,67000.0,2,61000.0,1,679.0,1,102000.0,284000.0,0,1031000.0
CL202303535,2023,Rosario Norte,Córdoba,27/05/2017,32,s/d,146000.0,2.5,60000.0,6,64000.0,Sí,675.0,2,79000.0,250000.0,0,1091000.0
CL202306519,2023,Palermo,Santa Fe,09/07/2016,34,MT,441000.0,4.7,219000.0,3,94000.0,1,619.0,1,304000.0,777000.0,1,2496000.0
CL202303541,2023,Microcentro,Mendoza,2017-10-07,42,MT,353000.0,,245000.0,6,155000.0,Sí,521.0,2,228000.0,667000.0,2,1645000.0
CL202306075,2023,Mendoza Sur,Mendoza,25/10/2017,49,monotrib.,,,59000.0,2,103000.0,S,676.0,1,151000.0,357000.0,2,820000.0
CL202303270,2023,La Plata,Salta,2018-03-05,64,Informal,165000.0,,83000.0,4,90000.0,S,593.0,1,45000.0,152000.0,0,558000.0
CL202306527,2023,La Plata,Salta,2016-03-12,41,Informal,,9.5,24000.0,2,94000.0,no,770.0,2,47000.0,287000.0,0,1342000.0
CL202302248,2023,Mendoza Sur,Córdoba,16/05/2017,18,relacion de dependencia,,,115000.0,5,216000.0,No,696.0,0,409000.0,728000.0,0,3632000.0
CL202303585,2023,Canal Digital,Salta,08/06/2019,36,Rel. Dependencia,,8.1,138000.0,4,218.0,no,684.0,1,400000.0,810000.0,0,1802000.0
CL202301544,2023,La Plata,Mendoza,01/01/2021,18,RD,857000.0,6.0,162000.0,1,161000.0,no,743.0,2,0.0,718000.0,0,6345000.0
CL202305082,2023,Microcentro,Salta,09/11/2018,43,Rel. Dependencia,966000.0,12.0,115000.0,7,354000.0,N,743.0,0,336000.0,949000.0,0,5751000.0
CL202305542,2023,Canal Digital,Tucumán,05/11/2017,34,MT,,,55000.0,4,147.0,N,678.0,1,179000.0,310000.0,0,2336000.0
CL202300806,2023,Palermo,Córdoba,2017-12-13,51,Rel. Dependencia,201000.0,13.1,133000.0,7,89000.0,1,498.0,2,56000.0,180000.0,1,975000.0
CL202302648,2023,Córdoba Shopping,Santa Fe,25/06/2016,27,monotrib.,905000.0,5.5,78000.0,3,367000.0,No,690.0,2,197000.0,1036000.0,0,4165000.0
CL202305969,2023,Central,Tucumán,2019-03-07,48,monotributo,398000.0,10.6,41000.0,3,127000.0,No,649.0,1,207000.0,561000.0,0,809000.0
CL202301043,2023,La Plata,Tucumán,05/02/2020,45,monotrib.,243000.0,,97000.0,2,92000.0,si,626.0,1,14000.0,323000.0,2,821000.0
CL202306640,2023,Mendoza Sur,Buenos Aires,20/02/2019,51,monotributo,257000.0,12.7,37000.0,3,30000.0,0,707.0,0,186000.0,369000.0,0,1411000.0
CL202304907,2023,Canal Digital,Buenos Aires,2021-02-05,78,Rel. Dependencia,867000.0,24.7,563000.0,2,304.0,si,593.0,2,459000.0,1867000.0,2,3058000.0
CL202302423,2023,Microcentro,CABA,19/01/2021,26,Rel. Dependencia,618000.0,5.2,250000.0,3,80000.0,No,619.0,1,524000.0,1238000.0,1,3413000.0
CL202305232,2023,Microcentro,Salta,15/06/2019,32,monotrib.,400000.0,6.1,63000.0,3,130000.0,no,648.0,2,237000.0,586000.0,0,2478000.0
CL202301677,2023,Mendoza Sur,Salta,2016-05-27,37,Monotributo,385000.0,7.5,16000.0,4,119000.0,No,,1,99000.0,410000.0,0,2163000.0
CL202303506 ,2023,Palermo,Tucumán,09/30/2018,57,informal,116000.0,14.2,62000.0,1,26000.0,si,,2,55000.0,248000.0,1,774000.0
CL202303634,2023,Mendoza Sur,Córdoba,11/11/2021,59,RD,776000.0,14.4,172000.0,1,187000.0,no,722.0,1,288000.0,888000.0,0,5530000.0
CL202301050,2023,Córdoba Shopping,Tucumán,06/07/2021,35,MT,329000.0,8.0,149000.0,2,139000.0,Sí,573.0,0,128000.0,410000.0,1,727000.0
CL202306207,2023,Microcentro,Buenos Aires,07/06/2019,45,relacion de dependencia,1397000.0,13.9,242000.0,3,212000.0,No,765.0,0,319000.0,1853000.0,1,2160000.0
CL202302533,2023,La Plata,Córdoba,17/11/2017,53,Informal,367000.0,,45000.0,1,200000.0,N,730.0,2,233000.0,666000.0,1,919000.0
CL202301858,2023,Canal Digital,Santa Fe,09/08/2020,61,MT,589000.0,15.2,158000.0,6,197.0,Sí,730.0,0,357000.0,1286000.0,1,1154000.0
CL202301543,2023,Córdoba Shopping,Santa Fe,11/07/2020,51,Relación de Dependencia,1679000.0,10.2,85000.0,4,738000.0,0,792.0,0,908000.0,2742000.0,0,11775000.0
CL202301565,2023,La Plata,Salta,12/02/2018,21,Relación de Dependencia,,7.6,456000.0,5,493000.0,N,672.0,1,850000.0,2749000.0,0,2670000.0
CL202302536,2023,Canal Digital,Neuquén,2018-09-13,18,s/d,182000.0,6.2,12000.0,3,86.0,no,698.0,0,77000.0,334000.0,0,649000.0
CL202302082,2023,Mendoza Sur,Tucumán,2020-07-06,37,Rel. Dependencia,771000.0,12.1,81000.0,7,240000.0,No,665.0,0,686000.0,793000.0,0,1371000.0
CL202303517,2023,La Plata,Córdoba,2018-06-05,35,Relación de Dependencia,296000.0,10.1,36000.0,2,59000.0,no,686.0,0,16000.0,328000.0,0,701000.0
CL202302665,2023,Central,Mendoza,26/03/2017,22,RD,1134000.0,1.6,242000.0,3,316000.0,1,701.0,2,592000.0,1523000.0,2,3405000.0
CL202305188,2023,La Plata,Tucumán,2019-12-11,26,monotrib.,165000.0,0.4,87000.0,5,88000.0,1,,2,5000.0,278000.0,1,1045000.0
CL202302016,2023,Canal Digital,Santa Fe,01/03/2017,30,RD,385000.0,4.0,192000.0,1,82.0,si,585.0,2,301000.0,634000.0,0,2622000.0
CL202304851,2023,Canal Digital,CABA,12/12/2020,25,relacion de dependencia,514000.0,4.8,118000.0,2,118.0,N,643.0,0,93000.0,705000.0,0,1332000.0
CL202302646,2023,Córdoba Shopping,Tucumán,19/03/2021,34,s/d,123000.0,,108000.0,2,11000.0,Sí,472.0,6,56000.0,257000.0,2,588000.0
CL202301051,2023,Mendoza Sur,Neuquén,2019-06-17,44,Rel. Dependencia,1247000.0,14.1,371000.0,5,417000.0,S,655.0,1,992000.0,1950000.0,0,5021000.0
CL202302313,2023,Palermo,Mendoza,2021-04-17,50,monotributo,,12.7,55000.0,4,286000.0,N,725.0,2,62000.0,1742000.0,1,5624000.0
CL202306280,2023,Mendoza Sur,Buenos Aires,22/04/2017,41,MT,556000.0,,202000.0,3,103000.0,1,662.0,2,349000.0,918000.0,0,962000.0
CL202302680,2023,Rosario Norte,Salta,02/20/2018,41,Relación de Dependencia,432000.0,9.3,90000.0,1,159000.0,no,685.0,1,103000.0,772000.0,0,814000.0
CL202304317,2023,Canal Digital,Córdoba,25/12/2018,44,Rel. Dependencia,583000.0,10.8,180000.0,4,235.0,No,678.0,2,510000.0,814000.0,2,1061000.0
CL202300681,2023,Mendoza Sur,Buenos Aires,13/04/2020,44,relacion de dependencia,1653000.0,11.8,292000.0,1,570000.0,S,743.0,0,987000.0,2792000.0,0,12043000.0
CL202303789,2023,La Plata,Santa Fe,2016-03-30,29,RD,,7.7,139000.0,1,267000.0,N,,0,501000.0,1423000.0,0,6042000.0
CL202302956,2023,Microcentro,Tucumán,07/10/2021,40,Rel. Dependencia,959000.0,7.8,76000.0,3,510000.0,0,654.0,0,687000.0,1720000.0,0,6591000.0
CL202301453,2023,Rosario Norte,Buenos Aires,13/05/2020,42,relacion de dependencia,686000.0,13.6,237000.0,4,83000.0,Sí,643.0,1,517000.0,1068000.0,0,2528000.0
CL202301036,2023,Central,CABA,06/01/2016,72,monotrib.,758000.0,,99000.0,2,215000.0,N,742.0,1,203000.0,846000.0,0,2298000.0
CL202301320,2023,Mendoza Sur,Córdoba,01/04/2019,55,monotributo,695000.0,13.7,172000.0,3,207000.0,No,827.0,0,206000.0,586000.0,0,3588000.0
CL202304024,2023,Rosario Norte,Buenos Aires,27/11/2016,32,RD,1327000.0,12.3,57000.0,3,435000.0,0,824.0,0,1018000.0,2716000.0,0,9843000.0
CL202303299,2023,La Plata,Mendoza,2016-06-21,49,RD,1177000.0,13.2,312000.0,6,456000.0,N,749.0,0,824000.0,1215000.0,0,6794000.0
CL202305284,2023,Canal Digital,Buenos Aires,19/01/2016,46,Rel. Dependencia,,7.3,225000.0,2,122.0,si,593.0,5,210000.0,544000.0,1,1333000.0
CL202303908,2023,Central,Santa Fe,17/09/2018,45,s/d,,,97000.0,9,50000.0,S,682.0,1,168000.0,188000.0,1,1258000.0
CL202305026,2023,Central,Mendoza,11/05/2016,33,Relación de Dependencia,681000.0,9.1,168000.0,3,208000.0,N,695.0,1,281000.0,1491000.0,0,3901000.0
CL202300253,2023,Canal Digital,Mendoza,2019-06-23,53,MT,626000.0,16.3,46000.0,3,232.0,N,723.0,0,293000.0,898000.0,0,3843000.0
CL202301408,2023,Palermo,Tucumán,2016-07-14,30,RD,714000.0,4.5,232000.0,3,115000.0,1,668.0,1,263000.0,1277000.0,1,1082000.0
CL202302263,2023,Canal Digital,Salta,06/09/2017,38,s/d,469000.0,6.2,97000.0,4,227.0,no,661.0,0,88000.0,609000.0,0,1668000.0
CL202304612,2023,Canal Digital,CABA,03/22/2019,44,Monotributo,,9.8,120000.0,7,118.0,N,618.0,1,588000.0,1103000.0,1,4364000.0
CL202302870,2023,Central,Santa Fe,13/01/2017,43,MT,225000.0,,51000.0,2,5000.0,Sí,677.0,1,133000.0,354000.0,1,774000.0
CL202303985,2023,Rosario Norte,Tucumán,2020-09-26,46,Rel. Dependencia,562000.0,14.1,241000.0,6,176000.0,si,543.0,2,259000.0,924000.0,1,4183000.0
CL202304493,2023,Palermo,Neuquén,21/01/2018,69,monotributo,292000.0,,105000.0,3,112000.0,Sí,610.0,3,94000.0,445000.0,0,439000.0
CL202304886,2023,Córdoba Shopping,Mendoza,02/12/2020,25,informal,108000.0,2.7,60000.0,3,26000.0,0,601.0,1,71000.0,181000.0,1,331000.0
CL202300182,2023,Central,CABA,02/12/2021,27,MT,364000.0,,54000.0,3,70000.0,no,776.0,3,176000.0,594000.0,1,1242000.0
CL202302722,2023,Mendoza Sur,Mendoza,02/15/2016,44,s/d,138000.0,10.4,20000.0,3,32000.0,Sí,696.0,0,118000.0,260000.0,0,857000.0
CL202302238,2023,Mendoza Sur,Córdoba,25/06/2018,40,monotrib.,250000.0,6.8,153000.0,2,84000.0,si,618.0,1,219000.0,488000.0,0,1245000.0
CL202301363,2023,Rosario Norte,Santa Fe,2018-12-02,43,Monotributo,363000.0,10.6,120000.0,3,122000.0,Sí,657.0,0,211000.0,704000.0,0,2663000.0
CL202300275,2023,Microcentro,Córdoba,25/11/2019,37,MT,249000.0,,106000.0,2,49000.0,N,633.0,0,150000.0,355000.0,1,452000.0
CL202304133,2023,Córdoba Shopping,Córdoba,2020-09-01,38,MT,,,66000.0,3,96000.0,0,664.0,0,227000.0,545000.0,0,1956000.0
CL202303316,2023,Microcentro,Mendoza,16/12/2018,47,Rel. Dependencia,789000.0,12.1,117000.0,3,357000.0,No,667.0,0,683000.0,1510000.0,0,4439000.0
CL202301733,2023,Córdoba Shopping,Córdoba,12/09/2017,46,MT,,,33000.0,1,171000.0,0,638.0,2,348000.0,442000.0,0,955000.0
CL202302489,2023,Palermo,Tucumán,15/08/2019,49,Relación de Dependencia,,15.4,234000.0,10,156000.0,0,707.0,1,438000.0,712000.0,0,4216000.0
CL202306491,2023,Rosario Norte,Santa Fe,2019-05-23,49,changas,464000.0,11.1,27000.0,1,166000.0,no,748.0,1,404000.0,782000.0,0,3474000.0
CL202305541,2023,Canal Digital,Neuquén,2018-08-26,53,informal,170000.0,11.7,71000.0,3,71.0,no,,1,98000.0,277000.0,1,652000.0
CL202300654,2023,La Plata,Santa Fe,07/06/2019,41,RD,,7.6,221000.0,3,187000.0,si,588.0,2,242000.0,830000.0,0,2807000.0
CL202304853,2023,La Plata,Tucumán,03/07/2016,30,Rel. Dependencia,1077000.0,6.9,165000.0,5,468000.0,no,764.0,1,456000.0,1428000.0,0,4474000.0
CL202305627,2023,Canal Digital,Santa Fe,04/12/2019,39,relacion de dependencia,337000.0,10.4,185000.0,4,134.0,0,569.0,0,218000.0,672000.0,0,1539000.0
CL202305223,2023,Microcentro,Neuquén,24/12/2017,40,MT,1901000.0,9.2,99000.0,3,680000.0,N,756.0,4,1989000.0,2074000.0,0,9051000.0
CL202306199,2023,Córdoba Shopping,Salta,2017-01-09,57,Relación de Dependencia,569000.0,14.5,167000.0,3,132000.0,1,544.0,1,241000.0,1072000.0,0,4484000.0
CL202302509,2023,Córdoba Shopping,Tucumán,30/06/2020,26,changas,146000.0,3.6,100000.0,2,29000.0,si,529.0,3,85000.0,200000.0,5,221000.0
CL202306107,2023,Palermo,Santa Fe,13/06/2017,22,MT,,0.3,173000.0,3,230000.0,S,631.0,0,275000.0,1833000.0,0,6653000.0
CL202304395,2023,Mendoza Sur,Buenos Aires,29/12/2019,63,RD,1210000.0,22.5,179000.0,4,128000.0,no,800.0,4,723000.0,1840000.0,0,9603000.0
CL202305202,2023,Palermo,CABA,17/11/2021,21,RD,,3.8,205000.0,2,109000.0,1,632.0,0,343000.0,1034000.0,0,1986000.0
CL202301206,2023,Microcentro,Tucumán,09/06/2017,53,Relación de Dependencia,599000.0,17.4,46000.0,3,46000.0,S,761.0,1,196000.0,1225000.0,0,4648000.0
CL202302996,2023,Microcentro,Buenos Aires,07/05/2019,66,monotributo,412000.0,17.6,91000.0,1,145000.0,N,675.0,2,148000.0,435000.0,1,2631000.0
CL202305659,2023,Mendoza Sur,CABA,03/07/2018,46,MT,874000.0,9.6,120000.0,3,203000.0,0,700.0,1,562000.0,754000.0,0,6944000.0
CL202306388,2023,Rosario Norte,CABA,12/17/2021,46,relacion de dependencia,636000.0,10.0,112000.0,2,186000.0,1,683.0,2,417000.0,1228000.0,1,2551000.0
CL202306233,2023,Córdoba Shopping,Neuquén,08/01/2016,35,RD,,9.7,194000.0,3,327000.0,no,703.0,0,313000.0,1315000.0,0,9162000.0
CL202305782,2023,La Plata,Mendoza,16/06/2016,52,Informal,379000.0,16.0,91000.0,3,97000.0,no,664.0,1,229000.0,661000.0,0,3020000.0
CL202302555,2023,Palermo,CABA,09/12/2019,44,Relación de Dependencia,1444000.0,8.9,405000.0,6,694000.0,1,640.0,0,460000.0,1982000.0,0,4441000.0
CL202301896,2023,Córdoba Shopping,Buenos Aires,15/06/2018,18,monotributo,367000.0,,121000.0,5,131000.0,no,539.0,1,90000.0,511000.0,1,1894000.0
CL202306367,2023,La Plata,Salta,08/04/2016,73,Rel. Dependencia,1102000.0,22.9,168000.0,4,182000.0,No,722.0,1,304000.0,1191000.0,0,3755000.0
CL202302398,2023,Palermo,Córdoba,2020-03-23,27,RD,,4.6,387000.0,4,96000.0,No,639.0,2,1258000.0,1158000.0,1,5594000.0
CL202300464,2023,Central,Buenos Aires,27/06/2021,32,Relación de Dependencia,,9.4,56000.0,3,121000.0,1,705.0,1,251000.0,925000.0,1,3847000.0
CL202303430,2023,Rosario Norte,Tucumán,23/04/2019,73,monotributo,496000.0,15.7,94000.0,5,284000.0,0,689.0,1,328000.0,773000.0,0,892000.0
CL202301695,2023,Canal Digital,Salta,04/10/2021,56,Monotributo,841000.0,10.0,124000.0,1,302.0,0,639.0,2,728000.0,1000000.0,0,4466000.0
CL202305118,2023,Mendoza Sur,CABA,2021-09-16,18,Monotributo,381000.0,0.0,48000.0,2,136000.0,S,643.0,0,360000.0,698000.0,0,1463000.0
CL202302425,2023,Rosario Norte,Córdoba,11/01/2021,45,monotributo,905000.0,,99000.0,6,445000.0,N,819.0,0,935000.0,1872000.0,0,4964000.0
CL202306404,2023,Palermo,Santa Fe,2021-09-09,33,Rel. Dependencia,,9.4,76000.0,2,197000.0,no,702.0,1,197000.0,471000.0,0,1414000.0
CL202301209,2023,Palermo,Neuquén,10/23/2016,29,changas,129000.0,1.8,27000.0,7,10000.0,N,698.0,0,55000.0,151000.0,0,334000.0
CL202306092,2023,Microcentro,Salta,02/15/2018,34,Rel. Dependencia,,4.8,171000.0,2,5000.0,si,607.0,0,453000.0,1289000.0,1,1847000.0
CL202305074,2023,Rosario Norte,Mendoza,12/10/2017,33,changas,155000.0,,24000.0,2,53000.0,si,654.0,0,59000.0,241000.0,0,663000.0
CL202301711,2023,Rosario Norte,Tucumán,2019-11-11,40,relacion de dependencia,,14.3,201000.0,5,132000.0,No,585.0,1,428000.0,680000.0,2,1226000.0
CL202306533,2023,Palermo,Córdoba,06/11/2018,66,relacion de dependencia,928000.0,18.0,50000.0,8,66000.0,Sí,760.0,0,648000.0,1085000.0,1,5252000.0
CL202305643,2023,Mendoza Sur,Mendoza,21/10/2019,44,s/d,351000.0,10.4,65000.0,2,115000.0,0,761.0,0,211000.0,335000.0,0,665000.0
CL202306010,2023,Microcentro,Tucumán,05/08/2021,48,Informal,337000.0,11.4,41000.0,5,174000.0,N,718.0,3,191000.0,478000.0,0,865000.0
CL202300219,2023,Rosario Norte,CABA,08/09/2020,42,s/d,182000.0,,69000.0,1,79000.0,si,,2,77000.0,227000.0,1,523000.0
CL202305816,2023,Córdoba Shopping,Mendoza,2020-11-24,58,monotrib.,459000.0,,32000.0,3,198000.0,N,743.0,2,105000.0,407000.0,0,2177000.0
CL202306185,2023,Rosario Norte,Salta,28/03/2017,36,Relación de Dependencia,466000.0,8.7,110000.0,6,108000.0,Sí,627.0,1,0.0,449000.0,0,1339000.0
CL202300966,2023,La Plata,Santa Fe,08/02/2021,25,monotrib.,,0.9,158000.0,3,297000.0,no,747.0,3,393000.0,1083000.0,1,2056000.0
CL202305402,2023,La Plata,Tucumán,02/09/2016,64,changas,385000.0,17.2,27000.0,4,165000.0,no,679.0,0,290000.0,392000.0,0,1556000.0
CL202304308,2023,La Plata,Buenos Aires,31/05/2019,48,MT,1086000.0,13.6,220000.0,4,248000.0,0,,2,541000.0,2036000.0,0,4022000.0
CL202305412,2023,Canal Digital,Buenos Aires,14/05/2016,49,Monotributo,,11.4,93000.0,4,21.0,Sí,741.0,0,382000.0,1112000.0,1,4397000.0
CL202300128,2023,Córdoba Shopping,Neuquén,03/13/2016,39,Rel. Dependencia,617000.0,8.9,73000.0,3,218000.0,Sí,629.0,1,346000.0,965000.0,0,2408000.0
CL202305005,2023,Rosario Norte,CABA,2016-06-19,26,MT,604000.0,,307000.0,3,257000.0,S,,2,98000.0,840000.0,2,3029000.0
CL202306175,2023,La Plata,Tucumán,01/07/2020,66,RD,716000.0,20.5,256000.0,9,189000.0,si,575.0,2,46000.0,1203000.0,1,5617000.0
CL202304358,2023,Canal Digital,Salta,27/09/2018,22,relacion de dependencia,,4.2,296000.0,3,216.0,si,612.0,2,356000.0,1268000.0,1,2631000.0
CL202302947,2023,Rosario Norte,Salta,12/30/2019,37,relacion de dependencia,503000.0,9.7,184000.0,8,200000.0,Sí,581.0,0,234000.0,988000.0,3,3394000.0
CL202303477,2023,La Plata,Buenos Aires,08/12/2018,50,monotrib.,,,222000.0,3,123000.0,si,607.0,1,353000.0,967000.0,1,1856000.0
CL202304057,2023,Microcentro,Córdoba,24/12/2018,44,RD,1575000.0,11.5,322000.0,3,710000.0,N,764.0,2,20000.0,2432000.0,0,11591000.0
CL202302352,2023,Mendoza Sur,Santa Fe,21/11/2021,56,Monotributo,216000.0,,91000.0,3,54000.0,Sí,,5,112000.0,230000.0,0,847000.0
CL202305823,2023,Córdoba Shopping,Neuquén,2020-07-10,21,Informal,178000.0,2.4,18000.0,3,21000.0,1,703.0,2,80000.0,205000.0,0,290000.0
CL202301551,2023,Canal Digital,Córdoba,26/04/2020,53,monotrib.,,12.3,113000.0,7,219.0,0,679.0,1,360000.0,957000.0,0,1753000.0
CL202306082,2023,Rosario Norte,Córdoba,2019-11-08,32,relacion de dependencia,797000.0,4.3,124000.0,5,314000.0,No,689.0,0,793000.0,1231000.0,1,1658000.0
CL202305645,2023,Central,Mendoza,23/07/2017,36,RD,368000.0,9.2,197000.0,5,109000.0,S,560.0,3,157000.0,683000.0,1,2299000.0
CL202303107,2023,Central,CABA,08/05/2017,55,monotrib.,232000.0,10.8,150000.0,3,66000.0,S,630.0,2,33000.0,428000.0,0,465000.0
CL202302795,2023,Rosario Norte,Buenos Aires,2021-06-03,48,Rel. Dependencia,1001000.0,13.8,185000.0,4,245000.0,0,785.0,1,433000.0,2073000.0,0,5226000.0
CL202305445,2023,Córdoba Shopping,Tucumán,22/08/2016,19,Relación de Dependencia,,0.9,27000.0,5,361000.0,1,699.0,0,518000.0,888000.0,0,5032000.0
CL202301574,2023,Córdoba Shopping,Santa Fe,2016-07-29,53,monotrib.,447000.0,10.1,103000.0,4,129000.0,Sí,690.0,1,365000.0,972000.0,1,1011000.0
CL202302893,2023,Palermo,Salta,16/06/2016,67,Rel. Dependencia,1165000.0,17.7,158000.0,8,482000.0,No,754.0,1,601000.0,1900000.0,1,5620000.0
CL202305502,2023,Canal Digital,Tucumán,11/14/2021,57,RD,603000.0,17.2,47000.0,3,220.0,No,717.0,1,168000.0,755000.0,1,4389000.0
CL202304068,2023,Palermo,Santa Fe,2016-10-24,66,RD,850000.0,17.5,173000.0,5,241000.0,No,690.0,1,818000.0,1474000.0,0,2784000.0
CL202305314,2023,Canal Digital,Salta,18/08/2020,29,Relación de Dependencia,486000.0,9.1,306000.0,6,217.0,1,601.0,4,127000.0,495000.0,3,3020000.0
CL202304856,2023,Microcentro,Neuquén,30/08/2016,35,Relación de Dependencia,544000.0,10.5,148000.0,6,127000.0,0,649.0,0,117000.0,1192000.0,1,2737000.0
CL202302460,2023,Rosario Norte,Córdoba,10/12/2021,42,Relación de Dependencia,649000.0,11.8,98000.0,7,142000.0,No,742.0,0,358000.0,649000.0,0,4077000.0
CL202303675,2023,Rosario Norte,Santa Fe,03/05/2019,18,relacion de dependencia,602000.0,5.7,156000.0,4,167000.0,No,,1,486000.0,646000.0,0,3497000.0
CL202303911,2023,Rosario Norte,CABA,23/01/2021,43,Informal,,8.1,97000.0,3,71000.0,Sí,599.0,1,91000.0,332000.0,2,1114000.0
CL202302339,2023,Córdoba Shopping,CABA,13/08/2017,46,monotributo,940000.0,,120000.0,6,270000.0,0,776.0,1,365000.0,1146000.0,1,5581000.0
CL202302314,2023,Central,Córdoba,10/02/2017,35,informal,118000.0,6.5,49000.0,2,33000.0,Sí,585.0,3,18000.0,173000.0,1,369000.0
CL202304682,2023,La Plata,CABA,2021-08-03,18,relacion de dependencia,1264000.0,5.1,97000.0,4,297000.0,No,787.0,0,201000.0,1564000.0,0,4986000.0
CL202303587,2023,Canal Digital,Salta,12/05/2017,44,RD,270000.0,12.5,115000.0,6,51.0,S,646.0,1,198000.0,398000.0,2,1559000.0
CL202302575,2023,La Plata,Córdoba,19/07/2019,46,monotributo,708000.0,11.3,110000.0,1,315000.0,no,734.0,0,325000.0,1423000.0,0,3339000.0
CL202301163,2023,Central,Córdoba,2021-07-05,47,s/d,,,80000.0,1,98000.0,No,683.0,2,161000.0,315000.0,1,646000.0
CL202301610,2023,Central,Neuquén,2021-02-17,60,relacion de dependencia,515000.0,15.3,284000.0,5,225000.0,no,561.0,2,271000.0,806000.0,2,3933000.0
CL202300458,2023,Córdoba Shopping,Mendoza,05/08/2016,41,Relación de Dependencia,,9.8,65000.0,2,688000.0,N,745.0,1,799000.0,2506000.0,1,7250000.0
CL202303086,2023,Mendoza Sur,CABA,20/04/2019,45,Rel. Dependencia,1041000.0,11.4,306000.0,1,743000.0,Sí,631.0,1,419000.0,1703000.0,0,6992000.0
CL202300222,2023,Microcentro,CABA,2017-08-18,39,MT,830000.0,,133000.0,4,301000.0,0,,1,636000.0,778000.0,0,3936000.0
CL202300240,2023,Palermo,Neuquén,11/04/2018,28,MT,,,121000.0,6,189000.0,N,730.0,0,133000.0,493000.0,0,1868000.0
CL202301129,2023,Mendoza Sur,Buenos Aires,29/07/2019,51,s/d,249000.0,,42000.0,5,84000.0,1,749.0,2,0.0,459000.0,0,1600000.0
CL202303468,2023,Córdoba Shopping,Salta,2017-04-18,55,s/d,171000.0,13.2,27000.0,4,75000.0,no,682.0,1,184000.0,367000.0,0,1075000.0
CL202301824,2023,La Plata,Tucumán,30/11/2019,41,changas,90000.0,5.3,71000.0,4,12000.0,1,514.0,4,30000.0,152000.0,5,632000.0
CL202303523,2023,Palermo,Santa Fe,13/11/2021,33,RD,1129000.0,5.6,234000.0,3,378000.0,No,696.0,0,997000.0,1761000.0,0,4143000.0
CL202305025,2023,Central,Mendoza,01/02/2018,26,MT,299000.0,0.1,121000.0,3,59000.0,no,587.0,0,166000.0,456000.0,0,592000.0
CL202304816,2023,Canal Digital,CABA,03/05/2019,20,RD,,5.4,170000.0,5,148.0,S,632.0,1,377000.0,788000.0,0,1032000.0
CL202305343,2023,Microcentro,Córdoba,16/12/2021,25,monotributo,283000.0,,72000.0,4,151000.0,0,665.0,0,199000.0,345000.0,0,2048000.0
CL202306645,2023,La Plata,Santa Fe,08/05/2018,25,relacion de dependencia,406000.0,6.9,73000.0,3,154000.0,No,628.0,2,109000.0,584000.0,0,1162000.0
CL202305028,2023,La Plata,Tucumán,05/19/2018,48,Rel. Dependencia,1191000.0,15.9,272000.0,6,183000.0,0,713.0,0,596000.0,2489000.0,0,4526000.0
CL202301690,2023,Canal Digital,Mendoza,12/12/2016,43,changas,217000.0,,42000.0,1,66.0,0,727.0,2,38000.0,294000.0,1,638000.0
CL202306440,2023,La Plata,Salta,2021-01-21,37,informal,227000.0,12.5,86000.0,5,70000.0,S,627.0,2,19000.0,204000.0,1,1457000.0
CL202301999,2023,La Plata,Tucumán,26/08/2019,37,Informal,208000.0,5.8,33000.0,2,66000.0,no,684.0,1,155000.0,433000.0,1,1090000.0
CL202301955,2023,Mendoza Sur,Santa Fe,15/01/2021,65,relacion de dependencia,700000.0,21.1,101000.0,5,230000.0,no,720.0,3,370000.0,798000.0,0,4916000.0
CL202300728,2023,Central,Santa Fe,03/02/2018,51,MT,243000.0,,46000.0,3,108000.0,si,675.0,1,95000.0,410000.0,0,1332000.0
CL202300346,2023,Córdoba Shopping,Mendoza,2020-09-30,33,Rel. Dependencia,315000.0,7.8,89000.0,5,152000.0,1,600.0,1,162000.0,462000.0,0,1964000.0
CL202302636,2023,Palermo,CABA,08/04/2018,39,Rel. Dependencia,787000.0,12.0,149000.0,5,281000.0,no,647.0,1,347000.0,1320000.0,0,2889000.0
CL202302580,2023,Microcentro,Tucumán,2018-05-11,26,RD,1478000.0,5.3,258000.0,5,625000.0,no,706.0,0,871000.0,1752000.0,0,4209000.0
CL202304647,2023,Central,Santa Fe,09/24/2018,42,Relación de Dependencia,183000.0,10.6,78000.0,6,31000.0,no,585.0,3,91000.0,319000.0,0,1110000.0
CL202300051,2023,La Plata,Mendoza,03/11/2018,39,MT,514000.0,3.2,105000.0,1,111000.0,N,699.0,2,94000.0,976000.0,0,1064000.0
CL202300386,2023,Canal Digital,Mendoza,2017-07-19,49,monotributo,,9.7,54000.0,1,103.0,0,684.0,1,286000.0,365000.0,3,1501000.0
CL202303288,2023,Mendoza Sur,Mendoza,15/05/2018,47,RD,1189000.0,11.0,224000.0,3,379000.0,Sí,762.0,0,706000.0,1774000.0,0,3789000.0
CL202302063,2023,Palermo,CABA,15/04/2016,35,Relación de Dependencia,1745000.0,7.7,352000.0,4,348000.0,no,760.0,1,860000.0,3031000.0,0,4831000.0
CL202306703,2023,Canal Digital,Mendoza,07/19/2016,46,relacion de dependencia,677000.0,13.5,250000.0,3,185.0,N,589.0,1,294000.0,655000.0,0,4924000.0
CL202305383,2023,La Plata,CABA,23/05/2020,52,RD,521000.0,14.2,378000.0,5,125000.0,1,543.0,1,157000.0,820000.0,3,928000.0
CL202301428,2023,La Plata,Neuquén,2021-03-15,30,s/d,187000.0,2.1,14000.0,2,5000.0,No,717.0,1,64000.0,406000.0,0,1419000.0
CL202305733,2023,Palermo,Tucumán,24/12/2020,65,RD,1023000.0,20.0,197000.0,7,374000.0,1,634.0,0,11000.0,1452000.0,0,6998000.0
CL202300869,2023,Mendoza Sur,Buenos Aires,05/30/2020,49,s/d,117000.0,12.0,49000.0,3,66000.0,S,580.0,3,111000.0,184000.0,0,360000.0
CL202300565,2023,La Plata,Mendoza,20/10/2018,49,s/d,,,72000.0,5,51000.0,No,712.0,0,152000.0,501000.0,1,1059000.0
CL202300479,2023,Canal Digital,CABA,2020-09-28,46,monotributo,328000.0,,92000.0,2,91.0,no,674.0,3,261000.0,523000.0,0,1794000.0
CL202301224,2023,La Plata,Córdoba,15/10/2021,47,relacion de dependencia,703000.0,16.7,222000.0,2,84000.0,1,696.0,2,542000.0,1363000.0,1,4899000.0
CL202302572,2023,Palermo,Buenos Aires,29/07/2019,18,MT,961000.0,0.7,315000.0,3,348000.0,no,688.0,5,609000.0,1122000.0,0,4645000.0
CL202303241,2023,Palermo,Córdoba,30/12/2018,34,Monotributo,267000.0,6.3,43000.0,4,22000.0,si,674.0,0,146000.0,231000.0,1,819000.0
CL202303810,2023,Mendoza Sur,Santa Fe,19/12/2019,18,changas,131000.0,0.0,24000.0,4,63000.0,no,652.0,0,91000.0,278000.0,1,841000.0
CL202300274,2023,Microcentro,Buenos Aires,04/15/2017,32,relacion de dependencia,430000.0,9.4,63000.0,7,85000.0,S,739.0,1,294000.0,903000.0,1,1301000.0
CL202301090,2023,Córdoba Shopping,Buenos Aires,07/21/2020,53,Rel. Dependencia,493000.0,12.2,71000.0,3,102000.0,No,757.0,1,297000.0,720000.0,0,1650000.0
CL202301799,2023,Microcentro,Buenos Aires,09/10/2017,62,Relación de Dependencia,264000.0,19.1,50000.0,4,153000.0,0,,2,218000.0,580000.0,0,1470000.0
CL202301952,2023,Central,Neuquén,16/12/2019,59,RD,623000.0,17.4,190000.0,5,267000.0,si,680.0,1,521000.0,1284000.0,0,4473000.0
CL202302820,2023,Canal Digital,Tucumán,15/06/2017,41,relacion de dependencia,608000.0,13.4,107000.0,4,115.0,N,634.0,3,248000.0,1222000.0,1,2161000.0
CL202305309,2023,La Plata,Buenos Aires,01/06/2017,28,monotributo,197000.0,0.0,50000.0,2,31000.0,1,574.0,2,110000.0,303000.0,1,809000.0
CL202303330,2023,Central,CABA,01/02/2017,33,informal,307000.0,5.4,46000.0,2,85000.0,S,683.0,1,336000.0,344000.0,1,933000.0
CL202304377,2023,Rosario Norte,Buenos Aires,2020-12-26,55,informal,169000.0,,63000.0,2,40000.0,no,,2,121000.0,340000.0,0,388000.0
cl202302825,2023,Mendoza Sur,Salta,2018-01-26,25,Monotributo,970000.0,2.9,254000.0,1,364000.0,S,681.0,0,125000.0,1739000.0,0,3374000.0
CL202305661,2023,La Plata,Neuquén,2017-03-31,37,relacion de dependencia,410000.0,9.2,13000.0,3,130000.0,No,666.0,2,61000.0,830000.0,0,3214000.0
CL202300665,2023,Rosario Norte,Salta,18/05/2016,31,Rel. Dependencia,,5.8,124000.0,1,200000.0,no,696.0,1,468000.0,943000.0,1,5746000.0
CL202300301,2023,Central,Córdoba,04/01/2018,46,RD,,10.3,228000.0,3,349000.0,No,716.0,3,520000.0,2573000.0,0,11412000.0
CL202306228,2023,Central,Córdoba,10/07/2021,42,s/d,382000.0,6.8,161000.0,5,159000.0,No,631.0,1,208000.0,616000.0,2,826000.0
CL202303724,2023,Central,Neuquén,14/09/2020,21,monotributo,334000.0,0.0,81000.0,3,191000.0,No,668.0,2,306000.0,279000.0,0,1949000.0
CL202302067,2023,Rosario Norte,Buenos Aires,05/03/2017,18,s/d,164000.0,0.0,124000.0,2,63000.0,N,541.0,6,89000.0,301000.0,2,656000.0
CL202301749,2023,Rosario Norte,Neuquén,24/02/2016,29,RD,540000.0,6.4,78000.0,8,112000.0,N,764.0,2,420000.0,990000.0,0,898000.0
CL202301856,2023,Mendoza Sur,Salta,18/05/2018,44,Rel. Dependencia,,12.9,439000.0,6,614000.0,no,727.0,2,488000.0,3488000.0,1,11500000.0
CL202305135,2023,Canal Digital,Buenos Aires,23/12/2017,38,Relación de Dependencia,1438000.0,11.7,297000.0,2,571.0,0,637.0,1,289000.0,2044000.0,0,10019000.0
CL202301892,2023,Canal Digital,Córdoba,04/04/2021,36,Rel. Dependencia,1028000.0,12.6,320000.0,2,308.0,no,679.0,0,705000.0,2175000.0,1,2183000.0
CL202300237,2023,Central,Neuquén,07/03/2020,65,Monotributo,760000.0,11.7,182000.0,2,329000.0,0,805.0,0,387000.0,883000.0,0,3105000.0
CL202300030,2023,Rosario Norte,Neuquén,2018-11-20,42,relacion de dependencia,341000.0,11.8,69000.0,7,91000.0,No,684.0,1,335000.0,506000.0,1,1597000.0
CL202302593,2023,Rosario Norte,CABA,27/06/2021,55,monotributo,,12.9,91000.0,2,61000.0,no,588.0,1,144000.0,224000.0,0,981000.0
CL202304029,2023,La Plata,CABA,13/04/2016,37,monotrib.,,6.3,155000.0,3,18000.0,no,698.0,1,134000.0,292000.0,0,1096000.0
CL202301340,2023,Microcentro,Córdoba,2016-04-30,52,MT,913000.0,11.1,100000.0,3,437000.0,0,737.0,1,522000.0,1371000.0,0,2643000.0
CL202304608,2023,Microcentro,Santa Fe,2018-08-27,49,Monotributo,585000.0,,115000.0,1,172000.0,0,686.0,0,320000.0,750000.0,0,4613000.0
CL202300652,2023,La Plata,Córdoba,22/11/2018,18,Monotributo,,,52000.0,3,138000.0,no,662.0,0,287000.0,475000.0,1,809000.0
CL202301646,2023,Central,Buenos Aires,30/04/2019,64,monotrib.,436000.0,,64000.0,2,174000.0,N,695.0,1,334000.0,357000.0,0,1084000.0
CL202303968,2023,Central,Tucumán,05/11/2019,66,relacion de dependencia,1520000.0,21.7,270000.0,8,817000.0,N,762.0,0,722000.0,3228000.0,0,3905000.0
CL202302274,2023,Mendoza Sur,CABA,19/06/2016,56,RD,605000.0,20.4,173000.0,1,5000.0,si,618.0,0,338000.0,967000.0,1,2297000.0
CL202300902,2023,Canal Digital,Neuquén,08/07/2021,50,Monotributo,393000.0,,191000.0,3,160.0,si,678.0,4,192000.0,519000.0,3,1941000.0
CL202303090,2023,Córdoba Shopping,Salta,03/01/2020,20,relacion de dependencia,664000.0,5.7,413000.0,6,239000.0,1,584.0,4,155000.0,771000.0,3,1810000.0
CL202305554,2023,Córdoba Shopping,Córdoba,14/04/2018,44,RD,618000.0,7.8,123000.0,3,248000.0,No,546.0,1,450000.0,1247000.0,0,1845000.0
CL202301146,2023,Canal Digital,Buenos Aires,23/05/2021,39,Rel. Dependencia,1489000.0,9.8,272000.0,3,368.0,No,752.0,2,289000.0,3141000.0,0,9483000.0
CL202304631,2023,La Plata,Córdoba,03/05/2018,27,monotrib.,304000.0,,90000.0,2,5000.0,0,690.0,0,230000.0,245000.0,0,1076000.0
CL202306437,2023,Central,CABA,29/07/2019,46,monotrib.,396000.0,12.4,116000.0,4,78000.0,0,586.0,0,246000.0,819000.0,0,595000.0
CL202303569,2023,La Plata,CABA,20/03/2017,74,monotributo,465000.0,,167000.0,3,116000.0,Sí,629.0,3,395000.0,526000.0,0,800000.0
CL202300564,2023,Palermo,Salta,2018-01-06,40,Rel. Dependencia,489000.0,9.8,114000.0,3,250000.0,0,627.0,0,414000.0,430000.0,2,3419000.0
CL202305274,2023,Córdoba Shopping,Buenos Aires,03/25/2018,46,Monotributo,513000.0,11.6,69000.0,3,147000.0,N,694.0,0,420000.0,647000.0,1,1174000.0
CL202304828,2023,La Plata,Salta,2020-04-28,33,MT,653000.0,5.1,103000.0,3,236000.0,No,839.0,0,123000.0,828000.0,1,1599000.0
CL202302189,2023,Palermo,Buenos Aires,18/06/2021,54,RD,585000.0,13.3,86000.0,5,134000.0,No,696.0,2,464000.0,528000.0,0,1951000.0
CL202303074,2023,Mendoza Sur,Mendoza,2018-08-11,59,relacion de dependencia,325000.0,19.5,84000.0,2,48000.0,0,694.0,2,82000.0,567000.0,0,1243000.0
CL202300340,2023,Mendoza Sur,Tucumán,09/10/2017,47,MT,245000.0,8.9,229000.0,1,69000.0,1,454.0,5,59000.0,207000.0,0,849000.0
CL202305093,2023,Córdoba Shopping,CABA,01/30/2019,28,informal,290000.0,5.5,75000.0,2,66000.0,no,654.0,0,94000.0,372000.0,0,909000.0
CL202304543,2023,Mendoza Sur,Salta,31/10/2016,41,RD,440000.0,8.9,82000.0,6,150000.0,No,647.0,4,415000.0,839000.0,1,2560000.0
CL202301588,2023,Mendoza Sur,Tucumán,2019-02-26,43,Relación de Dependencia,,10.4,162000.0,1,589000.0,si,803.0,1,1027000.0,2004000.0,0,2747000.0
CL202300363,2023,La Plata,Salta,11/10/2016,37,Informal,144000.0,5.4,106000.0,1,32000.0,1,529.0,2,90000.0,197000.0,3,692000.0
CL202300390,2023,Mendoza Sur,Tucumán,07/12/2019,48,relacion de dependencia,1906000.0,10.7,740000.0,7,507000.0,si,594.0,1,663000.0,3061000.0,0,12983000.0
CL202303775,2023,Canal Digital,Buenos Aires,05/19/2021,46,Rel. Dependencia,355000.0,15.8,128000.0,5,141.0,No,594.0,2,272000.0,392000.0,0,1305000.0
CL202300817,2023,Córdoba Shopping,Mendoza,15/07/2017,36,relacion de dependencia,887000.0,10.4,110000.0,10,184000.0,0,749.0,0,363000.0,1383000.0,1,3958000.0
CL202304277,2023,Mendoza Sur,Salta,08/09/2016,50,informal,249000.0,10.7,26000.0,2,40000.0,no,680.0,1,126000.0,319000.0,0,1185000.0
CL202306389,2023,Canal Digital,Santa Fe,2021-07-09,45,monotributo,,11.0,54000.0,2,92.0,N,683.0,4,146000.0,296000.0,0,2017000.0
CL202304341,2023,Palermo,CABA,29/06/2016,57,monotributo,151000.0,15.8,42000.0,5,15000.0,Sí,675.0,2,51000.0,169000.0,1,854000.0
CL202305522,2023,Central,Mendoza,08/21/2018,34,Informal,,5.7,80000.0,1,5000.0,Sí,619.0,2,139000.0,394000.0,1,1152000.0
CL202301997,2023,Córdoba Shopping,Neuquén,14/03/2018,18,RD,319000.0,7.8,174000.0,3,59000.0,no,488.0,4,226000.0,409000.0,2,1453000.0
CL202306108,2023,Central,Salta,2017-06-11,27,Relación de Dependencia,985000.0,5.1,208000.0,3,386000.0,no,676.0,0,270000.0,2052000.0,0,6966000.0
CL202300765,2023,La Plata,Santa Fe,2020-05-21,37,MT,155000.0,,102000.0,1,33000.0,S,574.0,1,141000.0,315000.0,2,1004000.0
CL202305259,2023,Mendoza Sur,Mendoza,08/23/2021,31,Monotributo,262000.0,7.4,92000.0,2,66000.0,si,648.0,0,204000.0,285000.0,0,1354000.0
CL202300151,2023,Microcentro,Mendoza,23/05/2016,46,MT,546000.0,,256000.0,1,58000.0,0,611.0,1,341000.0,470000.0,1,1102000.0
CL202303956,2023,Mendoza Sur,CABA,2020-10-07,36,Informal,,6.1,100000.0,2,70000.0,Sí,,0,47000.0,281000.0,0,832000.0
CL202306194,2023,Mendoza Sur,Salta,03/03/2016,61,s/d,184000.0,,95000.0,4,58000.0,S,603.0,6,61000.0,296000.0,1,1453000.0
CL202306081,2023,Córdoba Shopping,Córdoba,07/22/2019,42,RD,538000.0,10.2,109000.0,3,278000.0,no,645.0,1,252000.0,972000.0,0,3106000.0
CL202305738,2023,Mendoza Sur,Tucumán,28/12/2021,63,changas,281000.0,17.5,59000.0,6,94000.0,0,801.0,0,107000.0,308000.0,0,761000.0
CL202305193,2023,Palermo,Neuquén,18/08/2018,29,relacion de dependencia,1521000.0,3.7,247000.0,3,676000.0,0,780.0,3,733000.0,1620000.0,1,5535000.0
CL202306326,2023,Rosario Norte,Córdoba,08/05/2019,34,Relación de Dependencia,16960000.0,7.4,367000.0,4,446000.0,No,,0,236000.0,3285000.0,0,4297000.0
CL202301466,2023,Mendoza Sur,CABA,01/12/2019,34,monotrib.,718000.0,3.5,51000.0,4,253000.0,N,733.0,1,500000.0,1479000.0,0,2245000.0
CL202305153,2023,Rosario Norte,Mendoza,2019-09-10,49,relacion de dependencia,1417000.0,11.7,171000.0,3,473000.0,N,749.0,2,1275000.0,2988000.0,0,5350000.0
CL202303851,2023,Microcentro,Mendoza,2018-08-08,45,Relación de Dependencia,,9.3,107000.0,2,152000.0,0,656.0,1,178000.0,615000.0,0,1284000.0
CL202300501,2023,Córdoba Shopping,Neuquén,2020-08-31,46,relacion de dependencia,463000.0,,217000.0,3,176000.0,S,,1,328000.0,472000.0,1,3531000.0
CL202305574,2023,Mendoza Sur,Córdoba,01/19/2018,53,monotrib.,276000.0,15.2,71000.0,3,73000.0,no,756.0,1,205000.0,538000.0,0,655000.0
CL202300099,2023,Canal Digital,Neuquén,2019-04-04,31,Informal,266000.0,6.3,67000.0,3,89.0,N,710.0,1,198000.0,506000.0,0,1445000.0
CL202301347,2023,Rosario Norte,Buenos Aires,06/04/2020,27,informal,281000.0,5.5,62000.0,3,158000.0,0,736.0,1,116000.0,545000.0,0,1718000.0
CL202301489,2023,Rosario Norte,Neuquén,26/04/2019,43,Relación de Dependencia,814000.0,14.3,72000.0,4,145000.0,no,622.0,3,439000.0,1731000.0,0,2549000.0
CL202304062,2023,Rosario Norte,Tucumán,05/06/2016,56,Monotributo,617000.0,,112000.0,1,207000.0,0,768.0,0,338000.0,835000.0,0,2851000.0
CL202302558,2023,Central,Salta,04/10/2017,68,Relación de Dependencia,450000.0,19.7,207000.0,5,142000.0,si,,3,128000.0,685000.0,1,2876000.0
CL202303202,2023,Palermo,CABA,2018-02-24,47,Monotributo,1254000.0,5.7,85000.0,5,199000.0,N,747.0,1,682000.0,2484000.0,0,3937000.0
CL202306262,2023,Córdoba Shopping,Salta,15/10/2020,34,MT,876000.0,6.1,366000.0,3,89000.0,No,577.0,0,437000.0,1118000.0,0,4850000.0
CL202302256,2023,Palermo,Córdoba,02/26/2017,32,RD,,,202000.0,3,373000.0,0,801.0,3,1052000.0,1068000.0,0,5563000.0
CL202303262,2023,Rosario Norte,Salta,09/08/2017,37,Informal,168000.0,10.2,24000.0,3,58000.0,No,744.0,3,42000.0,301000.0,1,663000.0
CL202302467,2023,La Plata,Mendoza,12/28/2019,31,Rel. Dependencia,896000.0,5.7,177000.0,3,207000.0,0,756.0,0,422000.0,1573000.0,0,2591000.0
CL202300152,2023,Palermo,Neuquén,2021-04-05,22,Rel. Dependencia,1726000.0,2.3,290000.0,5,670000.0,No,,0,1042000.0,3484000.0,0,5868000.0
CL202305756,2023,Córdoba Shopping,Mendoza,08/11/2016,64,Rel. Dependencia,751000.0,16.9,240000.0,3,335000.0,S,618.0,1,452000.0,1204000.0,0,2424000.0
CL202304201,2023,Mendoza Sur,CABA,11/18/2018,44,Relación de Dependencia,878000.0,11.9,141000.0,6,196000.0,N,663.0,0,628000.0,1850000.0,1,6800000.0
CL202305281,2023,Canal Digital,Salta,2020-09-05,52,informal,404000.0,11.3,53000.0,2,7.0,S,684.0,0,220000.0,684000.0,3,690000.0
CL202302607,2023,Microcentro,Mendoza,07/02/2018,64,Rel. Dependencia,395000.0,22.2,161000.0,8,125000.0,si,593.0,2,255000.0,446000.0,0,604000.0
CL202300535,2023,Canal Digital,Tucumán,17/12/2016,48,Monotributo,410000.0,11.0,75000.0,6,205.0,S,701.0,0,243000.0,700000.0,0,1414000.0
CL202300818,2023,La Plata,Córdoba,2020-01-15,44,changas,,8.7,30000.0,1,41000.0,No,674.0,0,76000.0,272000.0,0,444000.0
CL202304699,2023,Rosario Norte,Tucumán,04/11/2017,44,informal,,4.8,66000.0,5,66000.0,Sí,602.0,1,80000.0,234000.0,0,1133000.0
CL202306351,2023,Mendoza Sur,Mendoza,06/20/2020,18,MT,469000.0,,137000.0,6,142000.0,Sí,661.0,0,0.0,1021000.0,0,3462000.0
CL202305791,2023,Microcentro,Santa Fe,30/09/2018,70,Rel. Dependencia,856000.0,22.9,102000.0,4,131000.0,0,681.0,0,0.0,1721000.0,0,5318000.0
CL202301820,2023,Palermo,Santa Fe,17/07/2018,29,MT,344000.0,4.7,57000.0,2,102000.0,0,590.0,1,143000.0,627000.0,0,1122000.0
CL202306105,2023,Mendoza Sur,CABA,24/11/2021,29,Rel. Dependencia,671000.0,3.1,159000.0,2,164000.0,no,676.0,1,266000.0,659000.0,1,2456000.0
CL202303101,2023,Palermo,CABA,2016-03-15,34,relacion de dependencia,555000.0,10.0,271000.0,3,149000.0,S,,0,551000.0,481000.0,0,1273000.0
CL202306756,2023,Canal Digital,Santa Fe,2019-10-04,49,RD,564000.0,15.2,55000.0,7,217.0,0,687.0,2,18000.0,824000.0,0,1317000.0
CL202300682,2023,Central,Salta,31/03/2021,64,monotributo,947000.0,14.5,415000.0,2,393000.0,Sí,617.0,1,480000.0,1098000.0,1,3087000.0
CL202306616,2023,La Plata,Buenos Aires,2019-04-29,24,relacion de dependencia,1113000.0,9.5,465000.0,3,496000.0,si,613.0,0,469000.0,1968000.0,1,5970000.0
CL202304125,2023,Microcentro,Buenos Aires,2016-01-10,46,changas,130000.0,9.5,57000.0,2,47000.0,si,521.0,0,78000.0,207000.0,0,708000.0
CL202301429,2023,Central,Santa Fe,2016-02-01,32,Rel. Dependencia,368000.0,,142000.0,3,104000.0,1,588.0,1,248000.0,618000.0,0,633000.0
CL202305124,2023,Córdoba Shopping,Mendoza,24/10/2020,24,changas,222000.0,0.0,101000.0,3,51000.0,Sí,562.0,1,120000.0,434000.0,2,1631000.0
CL202304170,2023,Rosario Norte,CABA,24/03/2017,35,RD,,7.1,181000.0,4,77000.0,N,721.0,1,325000.0,696000.0,2,3099000.0
CL202305621,2023,Canal Digital,Tucumán,24/04/2020,22,MT,239000.0,0.0,27000.0,3,130.0,0,672.0,0,81000.0,430000.0,0,1778000.0
CL202303039,2023,Córdoba Shopping,Tucumán,2017-06-09,70,Relación de Dependencia,749000.0,20.9,466000.0,6,240000.0,no,503.0,3,356000.0,1113000.0,1,5704000.0
CL202303975,2023,La Plata,Córdoba,04/12/2018,38,Rel. Dependencia,1087000.0,8.3,284000.0,2,136000.0,no,644.0,1,701000.0,1780000.0,1,2737000.0
CL202304008,2023,Microcentro,Mendoza,02/07/2019,39,changas,308000.0,,34000.0,3,85000.0,0,738.0,0,142000.0,500000.0,0,1983000.0
CL202302659,2023,Canal Digital,Mendoza,2020-02-06,59,monotributo,734000.0,,133000.0,2,146.0,No,801.0,1,405000.0,1273000.0,0,2867000.0
CL202302841,2023,Mendoza Sur,Santa Fe,17/04/2021,43,Informal,90000.0,7.3,56000.0,3,25000.0,si,506.0,2,57000.0,84000.0,4,225000.0
CL202303936,2023,Canal Digital,Neuquén,2017-11-19,54,Informal,230000.0,13.0,73000.0,1,89.0,1,597.0,3,131000.0,265000.0,2,768000.0
CL202300170,2023,Palermo,Santa Fe,07/02/2020,41,informal,176000.0,8.0,85000.0,5,23000.0,si,623.0,3,85000.0,196000.0,0,764000.0
CL202300037,2023,La Plata,Buenos Aires,17/07/2018,37,Informal,214000.0,5.9,120000.0,4,30000.0,1,518.0,3,61000.0,212000.0,0,1001000.0
CL202302108,2023,Córdoba Shopping,Buenos Aires,17/01/2020,42,relacion de dependencia,709000.0,8.8,126000.0,8,78000.0,N,724.0,2,453000.0,1349000.0,0,4057000.0
CL202301328,2023,La Plata,Córdoba,23/10/2016,47,monotrib.,713000.0,,336000.0,6,282000.0,0,590.0,0,656000.0,1369000.0,0,1071000.0
CL202305391,2023,Central,Buenos Aires,2019-02-12,68,monotrib.,185000.0,18.2,28000.0,3,34000.0,no,682.0,0,100000.0,343000.0,0,718000.0
CL202300329,2023,Rosario Norte,Neuquén,11/08/2017,30,monotrib.,671000.0,,96000.0,3,174000.0,Sí,761.0,1,380000.0,798000.0,1,5077000.0
CL202300041,2023,Canal Digital,Buenos Aires,01/09/2018,68,Rel. Dependencia,804000.0,21.1,86000.0,2,187.0,no,764.0,0,529000.0,1632000.0,0,1770000.0
CL202306067,2023,Córdoba Shopping,Córdoba,21/10/2016,57,Relación de Dependencia,728000.0,16.5,117000.0,2,342000.0,No,795.0,2,703000.0,1574000.0,0,4012000.0
CL202300685,2023,Rosario Norte,Buenos Aires,02/09/2017,49,monotrib.,291000.0,,153000.0,5,5000.0,no,582.0,1,277000.0,605000.0,3,2293000.0
CL202305182,2023,Mendoza Sur,Salta,09/17/2016,34,Rel. Dependencia,421000.0,3.9,71000.0,5,117000.0,no,725.0,1,152000.0,624000.0,0,1720000.0
CL202301558,2023,Canal Digital,Córdoba,03/10/2018,43,MT,480000.0,,82000.0,3,88.0,N,807.0,0,197000.0,1044000.0,2,3136000.0
CL202302192,2023,Rosario Norte,Salta,2021-06-13,21,relacion de dependencia,867000.0,7.9,271000.0,2,482000.0,S,568.0,1,393000.0,1547000.0,0,4405000.0
CL202301237,2023,Mendoza Sur,CABA,29/05/2017,28,Rel. Dependencia,502000.0,4.6,120000.0,2,125000.0,0,,0,508000.0,618000.0,0,3866000.0
CL202301355,2023,Palermo,Buenos Aires,14/04/2021,35,Informal,90000.0,,41000.0,2,8000.0,0,599.0,3,60000.0,149000.0,0,364000.0
CL202305526,2023,Central,Neuquén,07/05/2017,37,Rel. Dependencia,549000.0,9.8,43000.0,2,199000.0,0,763.0,1,526000.0,857000.0,0,1304000.0
CL202305660,2023,La Plata,CABA,10/03/2021,28,MT,528000.0,4.0,17000.0,3,32000.0,No,661.0,1,147000.0,1139000.0,1,3297000.0
CL202304427,2023,Mendoza Sur,Salta,2017-12-19,29,Informal,,0.0,97000.0,4,19000.0,N,559.0,1,98000.0,363000.0,3,941000.0
CL202302448,2023,La Plata,Neuquén,25/09/2020,45,relacion de dependencia,1219000.0,14.1,522000.0,5,286000.0,0,578.0,1,629000.0,2086000.0,1,7136000.0
CL202302214,2023,Mendoza Sur,Santa Fe,2018-11-18,42,relacion de dependencia,626000.0,13.5,118000.0,5,221000.0,no,817.0,1,327000.0,1223000.0,0,4650000.0
CL202304922,2023,Canal Digital,Córdoba,04/04/2018,45,relacion de dependencia,926000.0,12.6,118000.0,2,208.0,N,647.0,2,231000.0,1419000.0,0,3534000.0
CL202303767,2023,La Plata,Córdoba,31/07/2016,34,Relación de Dependencia,,7.4,208000.0,6,304000.0,no,747.0,0,317000.0,1097000.0,0,4756000.0
CL202305800,2023,Córdoba Shopping,Córdoba,01/10/2020,33,monotributo,604000.0,,178000.0,6,62000.0,no,668.0,1,530000.0,1051000.0,0,1849000.0
CL202305046,2023,Córdoba Shopping,Salta,07/17/2016,33,relacion de dependencia,1294000.0,9.9,119000.0,3,565000.0,N,814.0,1,1015000.0,2812000.0,0,5530000.0
CL202303232,2023,Microcentro,Córdoba,06/12/2016,61,monotributo,,14.3,104000.0,1,136000.0,No,661.0,1,340000.0,799000.0,0,808000.0
CL202300001,2023,Mendoza Sur,Salta,30/01/2017,22,monotrib.,,,166000.0,6,197000.0,no,653.0,1,505000.0,405000.0,1,4017000.0
CL202302013,2023,Palermo,Córdoba,05/26/2020,28,changas,142000.0,,60000.0,2,21000.0,No,592.0,0,120000.0,118000.0,1,968000.0
CL202300959,2023,Rosario Norte,Salta,2021-04-26,33,Rel. Dependencia,952000.0,8.3,226000.0,3,361000.0,No,657.0,0,54000.0,1931000.0,0,2940000.0
CL202305318,2023,Córdoba Shopping,Buenos Aires,31/03/2019,67,Relación de Dependencia,,19.8,244000.0,2,93000.0,no,,0,416000.0,1097000.0,0,3853000.0
CL202306375,2023,Rosario Norte,Neuquén,2021-09-03,56,MT,185000.0,15.1,86000.0,3,82000.0,1,612.0,1,175000.0,370000.0,1,1303000.0
CL202301029,2023,Rosario Norte,Neuquén,29/12/2017,54,Rel. Dependencia,1053000.0,,198000.0,3,445000.0,N,754.0,1,1083000.0,919000.0,1,7006000.0
CL202304743,2023,Rosario Norte,Neuquén,2017-06-13,39,monotrib.,1302000.0,,137000.0,2,392000.0,No,850.0,0,508000.0,1257000.0,1,3925000.0
CL202304401,2023,Microcentro,Salta,2018-04-01,38,s/d,140000.0,,65000.0,1,54000.0,si,507.0,1,45000.0,305000.0,0,561000.0
CL202302165,2023,Canal Digital,Buenos Aires,15/10/2020,44,s/d,,,320000.0,2,113.0,S,582.0,4,152000.0,522000.0,1,1247000.0
CL202301060,2023,Canal Digital,Salta,07/01/2016,60,Informal,175000.0,,100000.0,1,7.0,1,517.0,6,164000.0,349000.0,2,1227000.0
CL202305624,2023,Rosario Norte,Tucumán,18/12/2020,59,Informal,171000.0,7.3,86000.0,2,60000.0,S,563.0,3,144000.0,365000.0,0,1142000.0
CL202302605,2023,Rosario Norte,Neuquén,04/10/2016,56,Relación de Dependencia,1053000.0,16.5,384000.0,7,439000.0,no,640.0,1,938000.0,1398000.0,1,4251000.0
CL202302522,2023,Rosario Norte,CABA,25/10/2021,55,Informal,193000.0,13.8,42000.0,4,91000.0,1,658.0,3,65000.0,400000.0,0,363000.0
CL202303631,2023,Rosario Norte,Tucumán,17/08/2019,38,Relación de Dependencia,1786000.0,9.9,486000.0,3,459000.0,No,710.0,0,911000.0,2312000.0,0,10741000.0
CL202305817,2023,Microcentro,Tucumán,16/07/2020,59,relacion de dependencia,1684000.0,11.2,317000.0,1,413000.0,0,716.0,0,798000.0,3348000.0,0,4750000.0
CL202303848,2023,La Plata,Santa Fe,03/09/2018,52,Informal,133000.0,15.6,120000.0,6,28000.0,S,427.0,5,136000.0,292000.0,7,489000.0
CL202300584,2023,Rosario Norte,CABA,25/03/2020,46,Rel. Dependencia,2113000.0,10.5,281000.0,3,513000.0,N,799.0,0,1052000.0,4152000.0,0,3885000.0
CL202306254,2023,Microcentro,Mendoza,13/12/2019,58,RD,,13.8,105000.0,3,156000.0,0,697.0,3,236000.0,817000.0,1,3295000.0
CL202304179,2023,La Plata,Neuquén,29/10/2021,30,Informal,688000.0,,90000.0,2,294000.0,No,744.0,2,283000.0,1358000.0,0,1910000.0
CL202305360,2023,Mendoza Sur,Mendoza,10/05/2020,55,monotrib.,198000.0,10.7,128000.0,4,95000.0,1,558.0,1,137000.0,258000.0,3,1441000.0
CL202304920,2023,Mendoza Sur,Salta,22/02/2016,25,RD,,,100000.0,4,292000.0,N,759.0,0,0.0,1359000.0,1,4418000.0
CL202303623,2023,Canal Digital,Salta,01/25/2018,62,Monotributo,193000.0,16.2,113000.0,6,90.0,si,588.0,2,118000.0,236000.0,1,686000.0
CL202302282,2023,La Plata,Santa Fe,2020-09-15,44,Relación de Dependencia,2230000.0,12.0,352000.0,4,1100000.0,no,696.0,1,1275000.0,2167000.0,1,16994000.0
CL202300181,2023,Córdoba Shopping,CABA,09/05/2021,42,Informal,250000.0,5.7,156000.0,2,19000.0,S,581.0,5,195000.0,391000.0,1,1889000.0
CL202306524,2023,Palermo,Mendoza,09/12/2017,21,Monotributo,576000.0,,171000.0,3,130000.0,1,621.0,0,391000.0,1202000.0,1,3065000.0
CL202305466,2023,Central,Mendoza,2017-04-15,52,monotrib.,425000.0,12.4,145000.0,4,104000.0,no,672.0,0,140000.0,896000.0,0,2520000.0
CL202303825,2023,Microcentro,Santa Fe,03/10/2019,50,Monotributo,292000.0,,138000.0,4,141000.0,si,640.0,2,105000.0,419000.0,0,511000.0
CL202300109,2023,Palermo,Salta,23/11/2016,26,Monotributo,553000.0,1.5,167000.0,5,138000.0,No,788.0,0,90000.0,516000.0,0,1498000.0
CL202300923,2023,Central,Santa Fe,12/05/2018,28,RD,829000.0,9.5,272000.0,4,223000.0,No,641.0,0,921000.0,1735000.0,1,6326000.0
CL202305696,2023,Microcentro,Santa Fe,12/10/2021,18,MT,465000.0,2.6,85000.0,1,38000.0,0,694.0,0,225000.0,522000.0,0,1863000.0
CL202301401,2023,Canal Digital,Córdoba,01/07/2016,59,MT,312000.0,15.1,103000.0,4,56.0,0,,0,61000.0,659000.0,2,1917000.0
CL202302185,2023,Palermo,Neuquén,26/05/2021,43,relacion de dependencia,,12.9,223000.0,2,246000.0,N,558.0,0,491000.0,899000.0,1,3467000.0
CL202306721,2023,Central,Santa Fe,21/05/2019,35,relacion de dependencia,,5.4,272000.0,4,625000.0,No,721.0,0,586000.0,2268000.0,1,2260000.0
CL202303070,2023,Córdoba Shopping,Neuquén,09/03/2019,53,Rel. Dependencia,658000.0,13.7,169000.0,5,173000.0,No,,1,307000.0,531000.0,0,1581000.0
CL202303367,2023,Córdoba Shopping,Santa Fe,21/03/2020,50,Rel. Dependencia,428000.0,13.5,242000.0,3,83000.0,1,648.0,1,251000.0,770000.0,1,802000.0
CL202302012,2023,Córdoba Shopping,Neuquén,21/03/2020,33,relacion de dependencia,,8.4,245000.0,6,331000.0,No,,1,668000.0,1897000.0,2,1819000.0
CL202304796,2023,Canal Digital,CABA,2020-01-06,35,MT,507000.0,6.2,101000.0,2,160.0,N,681.0,0,166000.0,411000.0,0,2851000.0
CL202302375,2023,Palermo,Córdoba,2019-02-03,35,RD,932000.0,7.8,106000.0,5,284000.0,no,603.0,3,315000.0,1041000.0,0,4501000.0
CL202304155,2023,Microcentro,Mendoza,08/08/2021,43,Monotributo,636000.0,8.0,157000.0,3,208000.0,N,755.0,1,224000.0,1354000.0,0,3985000.0
CL202300992,2023,La Plata,Santa Fe,01/02/2021,47,informal,138000.0,,38000.0,4,61000.0,0,612.0,3,95000.0,273000.0,1,584000.0
CL202304761,2023,Mendoza Sur,Buenos Aires,2019-03-29,56,relacion de dependencia,366000.0,11.2,25000.0,2,83000.0,N,715.0,0,296000.0,589000.0,1,1632000.0
CL202304767,2023,Central,Mendoza,04/11/2020,37,monotrib.,1454000.0,,190000.0,2,14000.0,N,726.0,0,0.0,2733000.0,0,4913000.0
CL202304436,2023,Palermo,Mendoza,07/03/2016,43,relacion de dependencia,769000.0,12.5,197000.0,3,431000.0,0,695.0,2,647000.0,962000.0,0,5661000.0
CL202301157,2023,Palermo,Salta,2017-02-03,24,MT,293000.0,1.5,148000.0,1,88000.0,1,,2,110000.0,285000.0,0,2021000.0
CL202300104,2023,Palermo,Mendoza,2019-02-18,52,Rel. Dependencia,,9.4,330000.0,4,202000.0,Sí,552.0,4,255000.0,623000.0,3,3709000.0
CL202306186,2023,Córdoba Shopping,Salta,28/12/2016,43,monotributo,464000.0,6.8,80000.0,4,124000.0,0,709.0,0,120000.0,397000.0,1,3196000.0
CL202305285,2023,La Plata,CABA,11/27/2021,61,Relación de Dependencia,392000.0,,117000.0,4,176000.0,si,612.0,1,376000.0,777000.0,0,3015000.0
CL202302591,2023,Rosario Norte,Mendoza,14/07/2021,61,monotributo,673000.0,,154000.0,2,153000.0,S,666.0,1,774000.0,1298000.0,0,4531000.0
CL202300803,2023,Microcentro,Neuquén,05/04/2016,56,relacion de dependencia,,16.4,79000.0,3,148000.0,No,766.0,2,351000.0,394000.0,0,888000.0
CL202302907,2023,Microcentro,Tucumán,08/02/2020,34,Relación de Dependencia,953000.0,10.2,224000.0,5,275000.0,si,614.0,0,408000.0,779000.0,1,5126000.0
CL202301190,2023,Central,Buenos Aires,2019-05-21,46,informal,310000.0,,110000.0,4,93000.0,Sí,601.0,2,198000.0,559000.0,1,915000.0
CL202303963,2023,Microcentro,Mendoza,06/05/2017,54,changas,90000.0,16.1,30000.0,2,21000.0,S,616.0,4,71000.0,181000.0,1,315000.0
CL202302411,2023,Mendoza Sur,Neuquén,08/12/2020,39,Rel. Dependencia,781000.0,6.3,122000.0,3,355000.0,no,676.0,2,450000.0,1440000.0,0,3199000.0
CL202304546,2023,Central,Salta,03/22/2016,44,Relación de Dependencia,1262000.0,12.8,293000.0,6,427000.0,no,613.0,1,439000.0,1761000.0,2,7807000.0
CL202303236,2023,Rosario Norte,Neuquén,2016-01-17,37,RD,1164000.0,11.2,46000.0,2,206000.0,no,673.0,2,499000.0,1807000.0,0,3756000.0
CL202302019,2023,La Plata,Salta,2019-08-16,37,Relación de Dependencia,3068000.0,9.2,676000.0,5,1069000.0,no,760.0,1,568000.0,6497000.0,0,19446000.0
CL202301109,2023,Microcentro,Buenos Aires,2016-11-17,51,Monotributo,462000.0,11.9,86000.0,2,163000.0,0,753.0,2,214000.0,483000.0,1,2731000.0
CL202304332,2023,Palermo,Córdoba,25/07/2018,22,Informal,227000.0,,101000.0,3,79000.0,si,606.0,0,93000.0,401000.0,1,1557000.0
CL202302186,2023,Palermo,Neuquén,08/27/2018,33,relacion de dependencia,454000.0,9.7,283000.0,5,190000.0,1,586.0,2,249000.0,474000.0,1,2658000.0
CL202301404,2023,Rosario Norte,Córdoba,2021-07-07,30,RD,1082000.0,9.2,161000.0,5,447000.0,No,691.0,1,1004000.0,1352000.0,1,7819000.0
CL202301255,2023,Rosario Norte,Santa Fe,11/02/2016,48,RD,465000.0,12.5,105000.0,4,99000.0,1,731.0,0,398000.0,443000.0,0,860000.0
CL202303795,2023,Rosario Norte,Neuquén,2017-05-21,57,MT,1300000.0,11.6,258000.0,3,477000.0,0,774.0,0,326000.0,1409000.0,2,7720000.0
CL202304683,2023,Palermo,Mendoza,03/12/2021,40,relacion de dependencia,870000.0,14.6,139000.0,7,334000.0,1,667.0,1,565000.0,1287000.0,1,3034000.0
CL202302682,2023,Central,Santa Fe,2019-02-15,18,Relación de Dependencia,708000.0,1.9,171000.0,3,319000.0,1,719.0,1,397000.0,943000.0,0,1642000.0
CL202305713,2023,Canal Digital,CABA,27/08/2018,32,MT,623000.0,,95000.0,2,205.0,0,,1,444000.0,505000.0,0,1769000.0
CL202303048,2023,Microcentro,Tucumán,03/03/2016,54,changas,,,59000.0,3,33000.0,0,568.0,1,13000.0,119000.0,1,579000.0
CL202304610,2023,Microcentro,Tucumán,2018-06-25,40,Relación de Dependencia,1758000.0,,244000.0,3,24000.0,No,823.0,0,1287000.0,2471000.0,2,6881000.0
CL202301603,2023,Canal Digital,Salta,12/20/2018,28,Relación de Dependencia,642000.0,8.1,51000.0,6,178.0,Sí,730.0,0,122000.0,1062000.0,0,4592000.0
CL202300423,2023,La Plata,Salta,2019-11-13,31,Monotributo,440000.0,1.7,106000.0,3,96000.0,No,678.0,0,80000.0,536000.0,0,2724000.0
CL202304331,2023,Microcentro,Santa Fe,2018-09-11,18,monotrib.,304000.0,,147000.0,2,143000.0,si,559.0,2,295000.0,404000.0,0,646000.0
CL202302731,2023,Palermo,Santa Fe,26/03/2020,57,Rel. Dependencia,1448000.0,13.9,274000.0,4,391000.0,si,726.0,1,998000.0,2191000.0,0,6256000.0
CL202301491,2023,Rosario Norte,Salta,18/07/2018,44,Relación de Dependencia,,10.5,160000.0,2,189000.0,Sí,666.0,0,138000.0,429000.0,0,2662000.0
CL202303173,2023,Canal Digital,Mendoza,09/02/2019,31,relacion de dependencia,1184000.0,3.9,175000.0,3,465.0,no,685.0,2,275000.0,1558000.0,0,2742000.0
CL202306699,2023,Mendoza Sur,Santa Fe,2019-09-03,35,Rel. Dependencia,1714000.0,10.8,222000.0,5,390000.0,0,767.0,1,610000.0,2531000.0,0,10875000.0
CL202300986,2023,Microcentro,CABA,2021-11-03,46,Relación de Dependencia,1871000.0,16.1,355000.0,4,741000.0,N,692.0,0,190000.0,2032000.0,0,8536000.0
CL202300137,2023,Canal Digital,Tucumán,27/09/2016,22,s/d,165000.0,,79000.0,4,27.0,S,573.0,2,96000.0,328000.0,2,701000.0
CL202306755,2023,Córdoba Shopping,Salta,2020-10-31,40,RD,,7.4,364000.0,4,312000.0,no,645.0,1,587000.0,905000.0,1,6519000.0
CL202302006,2023,La Plata,Salta,08/08/2020,36,Monotributo,,,272000.0,1,86000.0,si,583.0,3,127000.0,650000.0,1,2172000.0
CL202301325,2023,Central,Buenos Aires,14/06/2020,29,monotributo,328000.0,,106000.0,2,124000.0,si,,0,153000.0,593000.0,0,834000.0
CL202304721,2023,Microcentro,Neuquén,13/05/2020,40,s/d,232000.0,8.4,47000.0,2,5000.0,0,656.0,1,130000.0,442000.0,0,1155000.0
CL202304320,2023,Central,Neuquén,2018-11-10,37,Rel. Dependencia,,7.7,71000.0,4,137000.0,N,695.0,3,318000.0,616000.0,1,1854000.0
CL202306245,2023,Rosario Norte,Santa Fe,22/02/2016,53,changas,296000.0,12.2,149000.0,4,96000.0,1,571.0,0,208000.0,570000.0,2,702000.0
CL202303930,2023,La Plata,Salta,09/17/2019,51,MT,600000.0,16.8,229000.0,2,334000.0,1,587.0,2,221000.0,582000.0,0,1079000.0
CL202301686,2023,Canal Digital,Santa Fe,08/09/2016,43,Monotributo,517000.0,9.2,160000.0,2,247.0,S,569.0,1,321000.0,827000.0,1,2841000.0
CL202300283,2023,La Plata,Tucumán,24/12/2019,62,Monotributo,594000.0,,283000.0,2,182000.0,1,540.0,0,270000.0,661000.0,3,4523000.0
CL202306355,2023,Palermo,Neuquén,14/05/2020,59,monotrib.,458000.0,,54000.0,5,32000.0,no,652.0,2,288000.0,621000.0,2,1855000.0
CL202301737,2023,Córdoba Shopping,Mendoza,2017-07-22,18,MT,515000.0,0.0,40000.0,3,146000.0,N,786.0,1,134000.0,526000.0,0,2456000.0
CL202306257,2023,Rosario Norte,Salta,11/09/2019,54,Relación de Dependencia,812000.0,16.8,110000.0,5,350000.0,no,717.0,0,241000.0,1390000.0,1,4737000.0
CL202300894,2023,Mendoza Sur,Tucumán,22/10/2018,55,monotrib.,1848000.0,13.9,435000.0,1,642000.0,no,814.0,2,1155000.0,2879000.0,1,9220000.0
CL202304019,2023,Mendoza Sur,Mendoza,10/07/2019,48,RD,1716000.0,11.8,277000.0,7,383000.0,1,700.0,0,1443000.0,1520000.0,1,7480000.0
CL202301222,2023,Mendoza Sur,Tucumán,2021-06-23,50,Rel. Dependencia,685000.0,10.8,80000.0,10,30000.0,Sí,701.0,3,400000.0,1086000.0,1,5351000.0
CL202302133,2023,La Plata,Córdoba,2018-10-15,60,MT,451000.0,11.4,146000.0,2,222000.0,No,688.0,0,535000.0,817000.0,2,3022000.0
CL202303706,2023,La Plata,Santa Fe,2016-07-11,39,monotributo,436000.0,,38000.0,3,250000.0,no,717.0,0,183000.0,706000.0,1,817000.0
CL202300678,2023,Palermo,Tucumán,17/03/2018,47,relacion de dependencia,1634000.0,9.3,364000.0,4,249000.0,0,847.0,1,954000.0,1479000.0,0,4753000.0
CL202302544,2023,Central,Neuquén,21/11/2019,45,Monotributo,,6.9,192000.0,3,205000.0,no,712.0,1,570000.0,1326000.0,0,1325000.0
CL202305454,2023,La Plata,Buenos Aires,16/08/2017,21,relacion de dependencia,775000.0,6.2,59000.0,3,111000.0,no,671.0,0,557000.0,1336000.0,0,1839000.0
CL202304662,2023,Canal Digital,CABA,09/28/2018,35,Monotributo,659000.0,,140000.0,2,241.0,no,720.0,2,268000.0,789000.0,1,5184000.0
CL202306061,2023,Microcentro,Salta,26/11/2021,32,relacion de dependencia,463000.0,,329000.0,6,177000.0,No,557.0,2,640000.0,975000.0,2,1329000.0
CL202304926,2023,Canal Digital,Neuquén,16/09/2017,18,relacion de dependencia,901000.0,3.9,151000.0,2,108.0,Sí,608.0,0,196000.0,1061000.0,0,3376000.0
CL202302148,2023,Microcentro,Neuquén,2021-08-08,32,Relación de Dependencia,822000.0,11.8,258000.0,4,346000.0,No,655.0,2,86000.0,1139000.0,0,5358000.0
CL202300368,2023,La Plata,CABA,26/02/2018,44,Rel. Dependencia,391000.0,13.5,78000.0,5,137000.0,N,620.0,1,370000.0,417000.0,1,1821000.0
CL202301475,2023,Central,Salta,14/04/2018,29,MT,375000.0,3.0,76000.0,2,92000.0,0,753.0,1,329000.0,641000.0,0,1775000.0
CL202303780,2023,Córdoba Shopping,Mendoza,18/06/2016,44,informal,419000.0,,84000.0,1,88000.0,no,776.0,2,211000.0,440000.0,0,882000.0
CL202300242,2023,Rosario Norte,Santa Fe,12/01/2016,58,Rel. Dependencia,349000.0,16.7,110000.0,5,153000.0,N,664.0,0,222000.0,430000.0,1,1406000.0
CL202305386,2023,Córdoba Shopping,Buenos Aires,17/05/2019,54,relacion de dependencia,1045000.0,13.3,42000.0,8,432000.0,1,655.0,0,1029000.0,904000.0,0,4911000.0
CL202300648,2023,Mendoza Sur,Mendoza,11/11/2021,63,Monotributo,,11.2,72000.0,3,211000.0,0,640.0,1,220000.0,865000.0,1,1932000.0
CL202304516,2023,Canal Digital,Buenos Aires,02/04/2020,33,monotrib.,542000.0,2.9,166000.0,3,134.0,No,617.0,1,286000.0,610000.0,0,2980000.0
CL202305451,2023,Palermo,Santa Fe,24/12/2021,33,s/d,239000.0,,88000.0,3,82000.0,1,602.0,0,85000.0,456000.0,0,824000.0
CL202303612,2023,Palermo,Santa Fe,2016-07-31,18,Relación de Dependencia,,10.3,130000.0,6,102000.0,si,655.0,1,389000.0,1323000.0,1,3441000.0
CL202303293,2023,Microcentro,Córdoba,08/08/2016,51,monotrib.,585000.0,11.0,82000.0,2,41000.0,N,727.0,0,253000.0,651000.0,1,3759000.0
CL202306689,2023,Mendoza Sur,Tucumán,23/12/2019,20,Informal,186000.0,1.1,36000.0,2,79000.0,0,696.0,1,118000.0,191000.0,1,1320000.0
CL202301725,2023,Canal Digital,Neuquén,2019-06-19,50,Rel. Dependencia,307000.0,19.8,151000.0,3,183.0,1,,2,316000.0,488000.0,0,2172000.0
CL202305374,2023,Rosario Norte,CABA,20/01/2021,51,relacion de dependencia,1045000.0,18.1,0.0,4,151000.0,Sí,679.0,0,330000.0,1313000.0,2,5865000.0
CL202303849,2023,Canal Digital,Santa Fe,02/05/2019,22,Rel. Dependencia,,4.9,371000.0,2,266.0,N,819.0,1,499000.0,2576000.0,0,9751000.0
CL202300867,2023,Microcentro,Salta,07/02/2017,33,RD,1550000.0,8.2,206000.0,5,378000.0,no,850.0,0,310000.0,1294000.0,1,12091000.0
CL202306318,2023,Microcentro,CABA,26/07/2017,35,monotributo,,,40000.0,2,116000.0,N,709.0,0,346000.0,854000.0,0,3582000.0
CL202304474,2023,La Plata,Salta,01/05/2020,46,s/d,233000.0,,144000.0,4,94000.0,si,615.0,3,158000.0,291000.0,1,1610000.0
CL202305500,2023,Central,Buenos Aires,03/05/2021,58,RD,1102000.0,13.1,143000.0,5,598000.0,N,,0,466000.0,1354000.0,0,3699000.0
CL202300581,2023,Central,Neuquén,06/02/2021,27,RD,,6.6,98000.0,2,111000.0,no,728.0,1,423000.0,543000.0,2,3158000.0
CL202300327,2023,Central,Tucumán,21/03/2018,26,relacion de dependencia,1661000.0,8.7,170000.0,3,476000.0,N,741.0,0,502000.0,3161000.0,0,6287000.0
CL202304122,2023,Canal Digital,CABA,09/18/2020,22,relacion de dependencia,449000.0,1.7,32000.0,3,207.0,No,,0,333000.0,429000.0,0,1058000.0
CL202302389,2023,Mendoza Sur,Santa Fe,01/03/2018,51,Monotributo,587000.0,,156000.0,2,226000.0,N,667.0,0,385000.0,1246000.0,2,1597000.0
CL202300643,2023,Rosario Norte,Mendoza,14/10/2020,46,RD,1345000.0,7.3,284000.0,2,547000.0,N,662.0,2,986000.0,1701000.0,2,7371000.0
CL202301676,2023,La Plata,Salta,2016-05-10,45,Relación de Dependencia,546000.0,18.3,55000.0,5,97000.0,No,694.0,1,488000.0,550000.0,1,1311000.0
CL202305127,2023,Central,Neuquén,09/05/2016,41,s/d,276000.0,,78000.0,2,9000.0,1,697.0,3,72000.0,409000.0,0,644000.0
CL202300946,2023,Microcentro,Tucumán,13/06/2019,38,RD,659000.0,13.4,20000.0,6,96000.0,N,670.0,1,384000.0,972000.0,0,2197000.0
CL202304684,2023,Rosario Norte,Tucumán,2020-02-01,18,Informal,157000.0,0.8,90000.0,2,24000.0,S,563.0,3,97000.0,214000.0,1,567000.0
CL202300695,2023,Rosario Norte,Neuquén,2017-10-05,18,Informal,348000.0,1.6,23000.0,5,160000.0,0,691.0,1,157000.0,347000.0,0,2681000.0
CL202306171,2023,La Plata,CABA,03/05/2020,63,monotrib.,210000.0,15.2,130000.0,3,111000.0,Sí,548.0,4,194000.0,342000.0,1,1555000.0
CL202306049,2023,Microcentro,Buenos Aires,11/27/2016,47,informal,,,50000.0,6,27000.0,Sí,603.0,2,38000.0,134000.0,2,259000.0
CL202300751,2023,Microcentro,Tucumán,21/01/2018,53,Informal,377000.0,9.6,113000.0,4,154000.0,no,,0,146000.0,539000.0,1,2118000.0
CL202306131,2023,Microcentro,Neuquén,20/12/2017,41,RD,719000.0,11.3,128000.0,4,280000.0,no,669.0,1,359000.0,689000.0,0,4130000.0
CL202305349,2023,La Plata,CABA,25/06/2021,30,Monotributo,414000.0,,228000.0,3,145000.0,1,624.0,3,11000.0,500000.0,2,2207000.0
CL202300024,2023,Córdoba Shopping,Buenos Aires,2016-10-12,39,MT,512000.0,,55000.0,1,161000.0,0,673.0,0,420000.0,650000.0,0,2497000.0
CL202302268,2023,Central,Buenos Aires,02/18/2019,37,s/d,130000.0,3.8,56000.0,3,37000.0,1,547.0,1,49000.0,192000.0,1,755000.0
CL202306636,2023,Palermo,Tucumán,17/10/2017,18,Rel. Dependencia,3235000.0,5.7,818000.0,3,1172000.0,N,805.0,0,2394000.0,4821000.0,0,24752000.0
CL202303450,2023,Canal Digital,Neuquén,15/11/2020,55,monotributo,531000.0,12.3,109000.0,3,190.0,No,736.0,2,460000.0,691000.0,1,3491000.0
CL202300737,2023,Rosario Norte,Neuquén,12/24/2016,26,relacion de dependencia,1151000.0,5.4,76000.0,5,364000.0,0,735.0,1,0.0,1625000.0,0,5985000.0
CL202305480,2023,La Plata,Santa Fe,21/11/2018,38,Rel. Dependencia,452000.0,10.2,156000.0,4,156000.0,no,585.0,0,277000.0,383000.0,3,2539000.0
CL202302235,2023,Mendoza Sur,Buenos Aires,11/25/2020,59,Informal,286000.0,12.3,66000.0,2,86000.0,no,,0,202000.0,541000.0,2,996000.0
CL202304654,2023,Canal Digital,Tucumán,2018-07-15,43,monotributo,405000.0,7.2,145000.0,3,172.0,Sí,611.0,1,190000.0,367000.0,1,2355000.0
CL202306051,2023,Mendoza Sur,Neuquén,2020-03-09,28,s/d,,,51000.0,4,55000.0,si,707.0,3,83000.0,163000.0,0,1068000.0
CL202303791,2023,Mendoza Sur,Salta,06/20/2018,43,relacion de dependencia,477000.0,,80000.0,6,202000.0,No,622.0,0,412000.0,939000.0,0,3417000.0
CL202301518,2023,Canal Digital,Salta,16/02/2019,37,Monotributo,,10.1,203000.0,3,168.0,no,646.0,2,412000.0,1032000.0,0,4657000.0
CL202306213,2023,Rosario Norte,Neuquén,22/09/2016,44,monotrib.,231000.0,11.3,94000.0,2,80000.0,N,637.0,1,97000.0,440000.0,0,640000.0
CL202301261,2023,Mendoza Sur,Neuquén,07/08/2020,50,relacion de dependencia,1579000.0,18.5,38000.0,2,629000.0,Sí,745.0,1,608000.0,2175000.0,0,10952000.0
CL202305569,2023,La Plata,Neuquén,04/07/2019,43,RD,362000.0,,83000.0,6,52000.0,N,624.0,0,228000.0,413000.0,0,801000.0
CL202300891,2023,Rosario Norte,Salta,2021-07-29,42,monotributo,507000.0,13.4,84000.0,2,164000.0,N,746.0,0,113000.0,430000.0,1,1772000.0
CL202300675,2023,Córdoba Shopping,Salta,21/07/2018,57,changas,155000.0,16.3,81000.0,2,48000.0,No,542.0,1,66000.0,203000.0,1,1125000.0
CL202305278,2023,Rosario Norte,Tucumán,01/03/2016,34,RD,,12.2,113000.0,3,272000.0,1,708.0,2,101000.0,1356000.0,0,3415000.0
CL202301130,2023,Mendoza Sur,Mendoza,28/08/2016,43,Rel. Dependencia,851000.0,11.1,425000.0,1,261000.0,S,607.0,1,318000.0,1408000.0,0,5208000.0
CL202303083,2023,La Plata,Mendoza,30/10/2021,26,informal,100000.0,11.8,60000.0,2,16000.0,0,597.0,2,113000.0,117000.0,2,223000.0
CL202306264,2023,Rosario Norte,Tucumán,2021-10-12,48,s/d,142000.0,8.8,31000.0,2,37000.0,no,662.0,1,88000.0,174000.0,1,1073000.0
CL202305634,2023,Canal Digital,Santa Fe,24/01/2019,35,RD,,8.5,172000.0,5,170.0,0,719.0,0,398000.0,901000.0,0,5984000.0
CL202302279,2023,Canal Digital,Buenos Aires,07/19/2018,61,s/d,382000.0,,115000.0,3,79.0,no,693.0,2,341000.0,687000.0,0,1737000.0
CL202300842,2023,Córdoba Shopping,Neuquén,05/09/2020,46,relacion de dependencia,655000.0,,199000.0,5,134000.0,0,686.0,0,673000.0,1391000.0,0,1471000.0
CL202302690,2023,Rosario Norte,Santa Fe,07/02/2019,62,monotributo,489000.0,17.9,184000.0,3,123000.0,si,636.0,1,109000.0,428000.0,0,3668000.0
CL202303318,2023,Central,CABA,05/14/2018,49,relacion de dependencia,801000.0,14.6,105000.0,2,246000.0,No,764.0,0,724000.0,1436000.0,0,3618000.0
CL202304432,2023,La Plata,Salta,20/02/2017,48,Relación de Dependencia,816000.0,14.0,157000.0,4,252000.0,no,709.0,2,78000.0,656000.0,0,2854000.0
CL202300954,2023,Microcentro,Salta,04/02/2016,31,RD,1399000.0,10.2,245000.0,4,428000.0,no,,0,380000.0,1922000.0,0,10103000.0
CL202302894,2023,Mendoza Sur,Buenos Aires,01/18/2021,35,s/d,315000.0,,90000.0,4,98000.0,si,644.0,0,109000.0,269000.0,0,694000.0
CL202306156,2023,Rosario Norte,Mendoza,31/01/2018,67,monotrib.,822000.0,,55000.0,2,182000.0,S,719.0,2,372000.0,1301000.0,0,3334000.0
CL202301581,2023,Canal Digital,Tucumán,12/26/2018,37,RD,564000.0,11.9,499000.0,2,156.0,1,431.0,5,249000.0,942000.0,0,4504000.0
CL202306070,2023,Palermo,Salta,02/12/2016,48,informal,345000.0,,86000.0,1,72000.0,no,572.0,0,225000.0,528000.0,1,1983000.0
CL202300889,2023,Microcentro,Neuquén,23/03/2020,55,monotributo,241000.0,13.5,80000.0,1,78000.0,no,656.0,1,128000.0,419000.0,0,1010000.0
CL202300174,2023,Canal Digital,Córdoba,07/02/2021,28,changas,190000.0,1.5,102000.0,3,31.0,1,546.0,2,155000.0,328000.0,3,396000.0
CL202300836,2023,Central,CABA,23/06/2020,28,RD,,4.3,395000.0,4,452000.0,0,659.0,0,775000.0,2673000.0,0,2496000.0
CL202304121,2023,Córdoba Shopping,Buenos Aires,06/03/2021,43,Monotributo,434000.0,,101000.0,1,238000.0,No,671.0,0,176000.0,683000.0,0,3054000.0
CL202302367,2023,Rosario Norte,Tucumán,11/23/2018,34,Relación de Dependencia,,3.6,286000.0,5,436000.0,0,,0,302000.0,1455000.0,0,3409000.0
CL202303301,2023,Córdoba Shopping,Mendoza,24/07/2021,30,changas,368000.0,,86000.0,3,128000.0,No,628.0,0,95000.0,609000.0,0,2751000.0
CL202302030,2023,Central,Salta,12/01/2017,30,RD,794000.0,4.0,137000.0,5,101000.0,0,695.0,0,755000.0,1405000.0,1,5257000.0
CL202304283,2023,Central,CABA,18/12/2016,59,Rel. Dependencia,1325000.0,14.2,164000.0,6,457000.0,N,695.0,0,496000.0,2267000.0,0,6752000.0
CL202301266,2023,Central,CABA,07/04/2020,29,Rel. Dependencia,,2.0,185000.0,7,208000.0,si,675.0,0,126000.0,387000.0,0,2186000.0
CL202304102,2023,Palermo,Buenos Aires,30/12/2019,26,s/d,296000.0,,158000.0,5,80000.0,Sí,605.0,2,248000.0,304000.0,3,630000.0
CL202306038,2023,Microcentro,Salta,2018-04-22,53,Relación de Dependencia,1320000.0,12.1,0.0,5,454000.0,1,,0,1161000.0,2376000.0,0,3011000.0
CL202305769,2023,Central,CABA,02/04/2020,43,relacion de dependencia,1175000.0,10.4,311000.0,3,483000.0,1,709.0,0,424000.0,1983000.0,0,4673000.0
CL202301662,2023,Córdoba Shopping,Buenos Aires,29/11/2018,24,Rel. Dependencia,812000.0,2.4,419000.0,3,383000.0,1,642.0,2,352000.0,872000.0,0,4850000.0
CL202306099 ,2023,Canal Digital,Santa Fe,12/16/2018,57,relacion de dependencia,1249000.0,16.4,239000.0,4,422.0,No,713.0,2,346000.0,2339000.0,1,6280000.0
CL202302811,2023,Microcentro,Mendoza,16/07/2020,31,relacion de dependencia,616000.0,13.5,99000.0,7,198000.0,N,718.0,0,216000.0,652000.0,0,1371000.0
CL202301393,2023,Palermo,Salta,12/10/2018,55,RD,510000.0,19.5,49000.0,2,138000.0,S,691.0,1,222000.0,933000.0,1,1474000.0
CL202303973,2023,La Plata,Córdoba,2020-11-06,44,monotrib.,1442000.0,,228000.0,1,472000.0,No,693.0,0,298000.0,1350000.0,1,2523000.0
CL202302428,2023,Palermo,Buenos Aires,2017-09-16,32,monotributo,202000.0,,48000.0,4,90000.0,N,695.0,1,190000.0,264000.0,0,398000.0
CL202305610,2023,La Plata,CABA,05/13/2021,36,Monotributo,321000.0,8.6,48000.0,3,100000.0,1,682.0,0,314000.0,603000.0,1,1102000.0
CL202301742,2023,Córdoba Shopping,Mendoza,14/09/2021,35,changas,380000.0,,115000.0,3,44000.0,si,684.0,2,165000.0,648000.0,0,1104000.0
CL202300430,2023,Córdoba Shopping,Salta,11/11/2019,38,MT,327000.0,4.1,37000.0,4,164000.0,0,,1,4000.0,651000.0,0,2560000.0
CL202303223,2023,Rosario Norte,Santa Fe,07/13/2018,42,Relación de Dependencia,1023000.0,15.0,192000.0,3,426000.0,no,703.0,0,764000.0,1438000.0,0,3328000.0
CL202304685,2023,Córdoba Shopping,Buenos Aires,2016-11-02,28,Rel. Dependencia,2171000.0,2.8,495000.0,6,768000.0,No,850.0,0,1066000.0,4270000.0,0,5049000.0
CL202306684,2023,Microcentro,Santa Fe,2019-06-18,55,RD,850000.0,16.3,187000.0,3,271000.0,0,743.0,3,249000.0,1319000.0,0,4939000.0
CL202304218,2023,Canal Digital,Buenos Aires,09/07/2020,37,MT,355000.0,,88000.0,3,37.0,No,,0,174000.0,304000.0,1,888000.0
CL202305609,2023,Córdoba Shopping,Tucumán,25/03/2020,34,Monotributo,371000.0,,120000.0,1,147000.0,No,637.0,1,317000.0,453000.0,1,2183000.0
CL202304384,2023,Microcentro,Salta,10/05/2018,37,Rel. Dependencia,971000.0,11.2,248000.0,3,281000.0,0,798.0,3,368000.0,1359000.0,0,4723000.0
CL202305255,2023,Palermo,Mendoza,2018-06-09,41,Rel. Dependencia,,11.3,237000.0,6,489000.0,si,689.0,0,1333000.0,1752000.0,0,11070000.0
CL202306750,2023,Córdoba Shopping,Salta,01/13/2020,49,Informal,175000.0,16.2,65000.0,3,40000.0,N,552.0,3,96000.0,270000.0,2,391000.0
CL202301441,2023,Microcentro,Neuquén,22/11/2016,50,changas,198000.0,9.0,85000.0,4,63000.0,1,650.0,3,53000.0,325000.0,0,1014000.0
CL202301460,2023,Microcentro,Salta,01/04/2017,54,RD,642000.0,12.2,266000.0,2,208000.0,Sí,568.0,2,182000.0,575000.0,0,2935000.0
cl202300239,2023,Palermo,Neuquén,17/01/2020,26,informal,381000.0,,16000.0,3,104000.0,N,734.0,0,175000.0,423000.0,0,652000.0
CL202302116,2023,Rosario Norte,Buenos Aires,06/01/2017,46,informal,223000.0,9.9,61000.0,2,59000.0,0,654.0,2,162000.0,464000.0,1,1484000.0
CL202304059,2023,Córdoba Shopping,Mendoza,07/12/2017,37,Rel. Dependencia,807000.0,10.4,326000.0,7,290000.0,si,655.0,2,492000.0,956000.0,0,4968000.0
CL202303687,2023,Rosario Norte,Neuquén,2019-09-01,59,changas,156000.0,,39000.0,4,75000.0,0,633.0,0,44000.0,141000.0,0,480000.0
CL202301211,2023,Mendoza Sur,CABA,30/04/2018,36,monotrib.,525000.0,,36000.0,4,170000.0,N,689.0,2,372000.0,697000.0,0,1616000.0
CL202302808,2023,Canal Digital,Buenos Aires,01/03/2017,43,Informal,,5.5,36000.0,3,73.0,0,719.0,0,65000.0,286000.0,0,970000.0
CL202303027,2023,La Plata,Santa Fe,14/08/2018,35,monotributo,606000.0,5.4,212000.0,1,134000.0,no,613.0,0,141000.0,861000.0,0,3662000.0
CL202303483,2023,Palermo,Córdoba,2016-03-01,78,monotrib.,223000.0,17.8,66000.0,1,51000.0,S,630.0,2,109000.0,233000.0,0,788000.0
CL202300065,2023,Mendoza Sur,CABA,2020-03-14,61,Informal,246000.0,,83000.0,8,54000.0,S,645.0,3,93000.0,239000.0,0,675000.0
CL202306331,2023,La Plata,Salta,2016-09-22,43,relacion de dependencia,,,98000.0,3,233000.0,1,724.0,0,560000.0,1281000.0,0,6285000.0
CL202300846,2023,Mendoza Sur,Salta,03/11/2019,59,MT,553000.0,13.1,80000.0,4,202000.0,No,721.0,0,391000.0,561000.0,1,2410000.0
CL202302286,2023,Córdoba Shopping,Santa Fe,07/09/2017,36,monotrib.,,2.0,223000.0,6,111000.0,1,466.0,5,255000.0,503000.0,2,1088000.0
CL202306235,2023,Córdoba Shopping,Santa Fe,10/20/2017,52,RD,,13.1,227000.0,2,559000.0,N,775.0,1,1658000.0,2848000.0,0,6718000.0
CL202305229,2023,Rosario Norte,Salta,18/11/2018,39,Relación de Dependencia,248000.0,8.9,201000.0,5,64000.0,S,509.0,5,197000.0,536000.0,3,590000.0
CL202305573,2023,Córdoba Shopping,CABA,12/11/2019,39,informal,192000.0,10.7,62000.0,3,51000.0,S,606.0,2,48000.0,157000.0,0,836000.0
CL202301297,2023,Córdoba Shopping,Mendoza,12/06/2017,41,Monotributo,472000.0,8.2,66000.0,2,132000.0,si,679.0,1,274000.0,961000.0,0,2202000.0
CL202305859,2023,Córdoba Shopping,Buenos Aires,20/02/2021,49,relacion de dependencia,603000.0,16.4,123000.0,3,56000.0,no,797.0,1,283000.0,604000.0,0,1101000.0
CL202304171,2023,Canal Digital,Buenos Aires,02/08/2018,18,monotributo,289000.0,,162000.0,3,87.0,S,537.0,4,149000.0,636000.0,2,2260000.0
CL202301972,2023,La Plata,CABA,29/08/2020,40,Relación de Dependencia,1158000.0,9.4,107000.0,9,406000.0,N,622.0,0,924000.0,2084000.0,0,5750000.0
CL202300974,2023,Córdoba Shopping,Buenos Aires,2019-01-28,60,s/d,149000.0,17.6,105000.0,2,24000.0,si,598.0,2,80000.0,124000.0,4,1037000.0
CL202301009,2023,Central,Mendoza,04/11/2019,42,relacion de dependencia,,10.6,157000.0,5,78000.0,0,712.0,1,166000.0,831000.0,1,1873000.0
CL202304632,2023,Central,Neuquén,2020-08-09,28,Rel. Dependencia,,9.4,206000.0,1,23000.0,no,751.0,1,934000.0,2431000.0,0,3385000.0
CL202305641,2023,Mendoza Sur,Tucumán,05/05/2019,29,changas,205000.0,,81000.0,4,43000.0,No,599.0,2,101000.0,301000.0,0,1628000.0
CL202301926,2023,Canal Digital,Buenos Aires,31/01/2016,50,relacion de dependencia,975000.0,15.6,250000.0,6,163.0,no,,1,116000.0,1767000.0,1,2941000.0
CL202300497,2023,Palermo,Neuquén,23/07/2021,29,RD,1049000.0,7.0,71000.0,3,450000.0,No,695.0,1,930000.0,1538000.0,1,6518000.0
CL202305703,2023,Mendoza Sur,Buenos Aires,22/03/2016,38,monotributo,592000.0,7.1,47000.0,3,134000.0,no,771.0,0,285000.0,483000.0,1,3113000.0
CL202300785,2023,Córdoba Shopping,Buenos Aires,05/14/2017,54,Rel. Dependencia,743000.0,14.4,235000.0,6,250000.0,S,,0,370000.0,970000.0,1,5546000.0
CL202301557,2023,Palermo,Neuquén,05/08/2016,18,RD,994000.0,1.2,122000.0,3,421000.0,si,,1,648000.0,893000.0,1,2428000.0
CL202303890,2023,Mendoza Sur,Neuquén,03/12/2021,39,relacion de dependencia,809000.0,5.6,294000.0,4,197000.0,Sí,645.0,1,519000.0,731000.0,1,6193000.0
CL202303139,2023,Mendoza Sur,Córdoba,21/01/2018,47,Rel. Dependencia,,10.0,387000.0,4,176000.0,N,625.0,1,539000.0,885000.0,0,4476000.0
CL202302852,2023,Canal Digital,Santa Fe,30/08/2018,48,RD,,13.4,152000.0,3,299.0,No,780.0,0,577000.0,1291000.0,0,7031000.0
CL202304710,2023,Canal Digital,Tucumán,17/04/2020,42,Informal,226000.0,6.0,43000.0,5,102.0,No,767.0,1,106000.0,485000.0,0,1326000.0
CL202304282,2023,Central,Neuquén,2017-08-05,48,Relación de Dependencia,,9.0,149000.0,1,234000.0,0,624.0,0,313000.0,998000.0,0,2882000.0
CL202302826,2023,Central,CABA,21/01/2017,62,Monotributo,500000.0,16.6,99000.0,2,174000.0,S,688.0,1,300000.0,421000.0,1,3245000.0
CL202305230,2023,La Plata,Tucumán,13/12/2016,37,relacion de dependencia,974000.0,12.2,82000.0,2,291000.0,N,850.0,1,600000.0,1928000.0,0,3190000.0
CL202305101,2023,Córdoba Shopping,Mendoza,11/01/2019,50,Relación de Dependencia,393000.0,18.3,60000.0,2,133000.0,Sí,685.0,0,210000.0,559000.0,0,954000.0
CL202300725,2023,Central,Santa Fe,05/08/2017,40,monotributo,489000.0,,51000.0,1,108000.0,No,723.0,0,514000.0,576000.0,0,2875000.0
CL202302135,2023,Canal Digital,Neuquén,24/04/2016,53,RD,760000.0,12.8,112000.0,4,330.0,no,732.0,2,701000.0,940000.0,0,5211000.0
CL202304044,2023,Canal Digital,CABA,10/30/2019,50,relacion de dependencia,1036000.0,17.9,16000.0,6,400.0,S,674.0,1,1303000.0,1202000.0,1,3152000.0
CL202301909,2023,La Plata,Salta,08/06/2021,41,monotrib.,,7.0,44000.0,1,91000.0,1,697.0,1,33000.0,273000.0,0,1191000.0
CL202302756,2023,Microcentro,Neuquén,2020-06-10,40,Monotributo,,9.4,178000.0,2,168000.0,Sí,671.0,1,290000.0,655000.0,0,3912000.0
CL202301906,2023,Córdoba Shopping,Neuquén,08/03/2021,31,monotributo,259000.0,5.9,78000.0,3,92000.0,0,697.0,1,69000.0,448000.0,0,1650000.0
CL202303452,2023,Palermo,Córdoba,2017-11-27,47,MT,467000.0,10.1,63000.0,5,41000.0,no,736.0,1,263000.0,505000.0,1,2491000.0
CL202303142,2023,Rosario Norte,Salta,2017-12-22,32,RD,620000.0,6.6,78000.0,8,249000.0,N,810.0,0,350000.0,845000.0,0,1616000.0
CL202306529,2023,Córdoba Shopping,CABA,07/08/2017,51,RD,,14.6,144000.0,5,101000.0,S,607.0,1,239000.0,818000.0,0,1760000.0
CL202304954,2023,Microcentro,Neuquén,05/02/2018,67,Relación de Dependencia,2013000.0,19.0,645000.0,3,659000.0,no,730.0,1,1709000.0,3471000.0,0,11189000.0
CL202301203,2023,Rosario Norte,Córdoba,16/09/2020,34,RD,727000.0,7.4,383000.0,5,355000.0,1,601.0,3,340000.0,1125000.0,1,2681000.0
CL202301643,2023,Palermo,Mendoza,13/07/2019,34,Relación de Dependencia,526000.0,9.3,97000.0,7,31000.0,No,656.0,1,449000.0,1042000.0,0,3893000.0
CL202302960,2023,Canal Digital,Salta,2018-04-02,23,MT,614000.0,2.7,90000.0,3,160.0,no,638.0,1,463000.0,562000.0,2,1792000.0
CL202305073,2023,Central,Mendoza,13/02/2018,24,monotributo,563000.0,0.0,145000.0,2,211000.0,Sí,618.0,1,266000.0,651000.0,1,1720000.0
CL202301282,2023,Córdoba Shopping,Mendoza,29/05/2016,39,monotributo,312000.0,,49000.0,3,96000.0,N,635.0,0,206000.0,674000.0,0,1304000.0
CL202304445,2023,Central,Neuquén,04/01/2017,44,s/d,206000.0,11.7,71000.0,3,73000.0,1,604.0,2,120000.0,222000.0,1,546000.0
CL202303873,2023,Canal Digital,Buenos Aires,07/03/2019,47,monotributo,416000.0,13.8,215000.0,3,214.0,No,567.0,2,428000.0,587000.0,1,1716000.0
CL202303091,2023,La Plata,Tucumán,01/04/2020,34,Relación de Dependencia,1474000.0,9.6,77000.0,3,435000.0,S,721.0,0,630000.0,2333000.0,0,5504000.0
CL202304929,2023,Microcentro,Santa Fe,2018-02-09,37,relacion de dependencia,432000.0,9.5,65000.0,2,65000.0,no,675.0,0,249000.0,735000.0,0,674000.0
CL202304832,2023,Canal Digital,Salta,2020-05-03,41,Relación de Dependencia,600000.0,10.9,109000.0,1,124.0,No,777.0,0,299000.0,838000.0,0,3754000.0
CL202303807,2023,Microcentro,Córdoba,2021-05-27,43,Rel. Dependencia,254000.0,,134000.0,4,16000.0,N,525.0,1,56000.0,392000.0,0,1673000.0
CL202306650,2023,Palermo,Buenos Aires,02/03/2019,67,monotributo,,17.9,42000.0,3,86000.0,No,695.0,1,132000.0,497000.0,0,847000.0
CL202304319,2023,Mendoza Sur,CABA,28/10/2018,29,RD,547000.0,2.4,80000.0,4,159000.0,0,596.0,0,0.0,712000.0,0,1946000.0
CL202304777,2023,Palermo,Buenos Aires,2020-04-10,48,changas,403000.0,12.5,81000.0,2,90000.0,no,673.0,0,69000.0,397000.0,0,778000.0
CL202300742,2023,Microcentro,Salta,26/02/2016,39,Relación de Dependencia,560000.0,7.1,231000.0,5,203000.0,1,591.0,1,353000.0,924000.0,0,3491000.0
CL202302058,2023,Central,Tucumán,2017-08-16,38,s/d,569000.0,9.0,81000.0,3,164000.0,0,675.0,1,178000.0,592000.0,0,3364000.0
CL202301225,2023,Canal Digital,Neuquén,26/06/2018,54,monotributo,276000.0,13.0,51000.0,2,77.0,1,694.0,2,130000.0,298000.0,1,735000.0
CL202304787,2023,Canal Digital,Buenos Aires,12/03/2016,44,monotributo,385000.0,,237000.0,3,82.0,1,536.0,3,311000.0,457000.0,0,2781000.0
CL202303234,2023,Rosario Norte,Buenos Aires,26/05/2017,44,s/d,365000.0,,83000.0,2,132000.0,N,661.0,0,61000.0,392000.0,1,2109000.0
CL202306403,2023,Canal Digital,Mendoza,2019-08-18,48,Informal,226000.0,,33000.0,3,65.0,No,689.0,2,124000.0,383000.0,0,931000.0
CL202304457,2023,Palermo,Santa Fe,01/08/2021,54,relacion de dependencia,,13.4,308000.0,2,376000.0,N,849.0,0,1002000.0,2680000.0,1,7613000.0
CL202302404,2023,Córdoba Shopping,CABA,2018-04-20,33,relacion de dependencia,669000.0,7.7,42000.0,4,184000.0,no,661.0,3,506000.0,1383000.0,0,3718000.0
CL202303482,2023,Palermo,Mendoza,02/04/2017,39,RD,590000.0,13.1,140000.0,8,253000.0,no,667.0,0,137000.0,1144000.0,0,2657000.0
CL202301257,2023,Palermo,Mendoza,12/11/2018,57,monotributo,760000.0,13.6,166000.0,2,393000.0,1,728.0,5,455000.0,711000.0,0,1313000.0
CL202302825,2023,Mendoza Sur,Salta,2018-01-26,25,Monotributo,970000.0,2.9,254000.0,1,364000.0,S,681.0,0,125000.0,1739000.0,0,3374000.0
CL202305262,2023,Rosario Norte,Buenos Aires,2021-05-25,57,relacion de dependencia,1503000.0,14.2,331000.0,6,485000.0,N,718.0,0,0.0,2246000.0,0,6788000.0
CL202301333,2023,Rosario Norte,Neuquén,16/05/2020,35,MT,287000.0,,41000.0,1,101000.0,Sí,739.0,0,97000.0,517000.0,0,2102000.0
CL202303684,2023,Canal Digital,Salta,03/30/2021,42,changas,257000.0,7.1,70000.0,4,100.0,N,,1,167000.0,275000.0,1,1520000.0
CL202304402,2023,Córdoba Shopping,Mendoza,07/02/2019,50,Relación de Dependencia,763000.0,16.0,172000.0,4,180000.0,No,745.0,0,718000.0,735000.0,0,4512000.0
CL202305709,2023,Microcentro,Tucumán,2021-10-29,35,Relación de Dependencia,981000.0,6.8,268000.0,6,319000.0,S,662.0,2,879000.0,1779000.0,0,3575000.0
CL202302320,2023,Canal Digital,Santa Fe,2016-07-30,38,s/d,,,22000.0,2,21.0,S,676.0,1,76000.0,133000.0,0,513000.0
CL202301128,2023,Mendoza Sur,Neuquén,20/05/2016,35,RD,,6.3,215000.0,4,624000.0,0,747.0,2,993000.0,1593000.0,0,9885000.0
CL202301884,2023,Córdoba Shopping,Tucumán,04/24/2017,46,Rel. Dependencia,984000.0,15.4,82000.0,6,390000.0,No,728.0,0,719000.0,2092000.0,2,7402000.0
CL202303752,2023,Córdoba Shopping,Neuquén,2017-04-15,53,Relación de Dependencia,,11.5,133000.0,2,135000.0,N,628.0,0,404000.0,1557000.0,1,1217000.0
CL202305183,2023,La Plata,Santa Fe,2020-12-08,37,Rel. Dependencia,968000.0,13.4,119000.0,2,463000.0,N,763.0,1,651000.0,1588000.0,0,7646000.0
CL202303699,2023,Canal Digital,Mendoza,2018-03-21,51,MT,,9.6,88000.0,2,153.0,no,715.0,1,418000.0,458000.0,2,1475000.0
CL202301508,2023,Córdoba Shopping,Salta,24/09/2019,37,Relación de Dependencia,916000.0,8.7,63000.0,7,263000.0,N,708.0,1,433000.0,1139000.0,0,4502000.0
CL202304229,2023,Microcentro,Salta,2018-03-07,27,Monotributo,490000.0,,139000.0,2,144000.0,N,631.0,0,299000.0,800000.0,1,2152000.0
CL202302790,2023,Central,Santa Fe,12/05/2017,32,Rel. Dependencia,468000.0,9.2,57000.0,5,148000.0,0,664.0,1,203000.0,639000.0,0,1022000.0
CL202303466,2023,Central,Salta,07/07/2021,33,monotributo,564000.0,1.2,119000.0,2,126000.0,no,637.0,1,336000.0,493000.0,0,1143000.0
CL202300611,2023,La Plata,Salta,2019-02-11,47,monotributo,632000.0,12.5,87000.0,1,109000.0,no,640.0,0,232000.0,1344000.0,0,3582000.0
CL202300691,2023,La Plata,Salta,21/10/2020,59,monotrib.,,10.4,173000.0,1,189000.0,si,575.0,0,12000.0,647000.0,1,1233000.0
CL202305883,2023,Palermo,Tucumán,24/05/2018,45,relacion de dependencia,569000.0,11.5,72000.0,4,134000.0,no,671.0,0,339000.0,1066000.0,0,3112000.0
CL202306296,2023,Córdoba Shopping,Tucumán,2020-12-23,30,monotributo,502000.0,4.1,101000.0,1,135000.0,0,676.0,0,332000.0,443000.0,0,1820000.0
CL202302765,2023,La Plata,Buenos Aires,01/07/2018,36,Rel. Dependencia,877000.0,11.0,253000.0,3,395000.0,No,636.0,1,552000.0,873000.0,0,3497000.0
CL202301087,2023,Mendoza Sur,Santa Fe,04/03/2018,48,relacion de dependencia,658000.0,9.6,184000.0,2,340000.0,no,621.0,0,531000.0,738000.0,0,3751000.0
CL202306642,2023,La Plata,Mendoza,03/31/2017,49,MT,848000.0,9.3,171000.0,2,327000.0,N,722.0,1,729000.0,1021000.0,0,3857000.0
CL202305228,2023,Canal Digital,Buenos Aires,12/23/2019,30,monotrib.,410000.0,9.8,94000.0,6,85.0,no,580.0,0,207000.0,795000.0,2,1933000.0
CL202301573,2023,Mendoza Sur,CABA,06/03/2016,59,monotributo,348000.0,16.4,43000.0,2,39000.0,no,773.0,1,369000.0,586000.0,0,1138000.0
CL202305867,2023,Palermo,Santa Fe,26/07/2016,47,Informal,404000.0,8.5,49000.0,1,169000.0,Sí,615.0,2,177000.0,868000.0,0,968000.0
CL202306615,2023,Mendoza Sur,Neuquén,24/07/2021,48,informal,363000.0,10.2,105000.0,1,105000.0,Sí,642.0,3,294000.0,403000.0,0,895000.0
CL202303649,2023,Córdoba Shopping,Tucumán,26/06/2016,34,Rel. Dependencia,,10.8,237000.0,8,175000.0,N,622.0,1,60000.0,653000.0,0,4510000.0
CL202303784,2023,La Plata,Salta,2018-01-25,31,monotrib.,901000.0,4.9,200000.0,4,286000.0,si,701.0,1,554000.0,1702000.0,0,3177000.0
CL202302711,2023,La Plata,Neuquén,08/02/2021,24,monotrib.,394000.0,3.1,181000.0,2,142000.0,Sí,,1,154000.0,863000.0,2,2083000.0
CL202301689,2023,Microcentro,Mendoza,18/04/2017,41,RD,610000.0,12.4,335000.0,4,117000.0,S,588.0,2,331000.0,662000.0,1,3040000.0
CL202300180,2023,Palermo,Buenos Aires,2020-09-25,46,s/d,,12.8,105000.0,9,30000.0,S,558.0,4,92000.0,363000.0,1,1090000.0
CL202301912,2023,Mendoza Sur,Salta,01/08/2016,56,changas,149000.0,10.7,148000.0,3,14000.0,si,517.0,9,29000.0,145000.0,6,1131000.0
CL202306612,2023,Microcentro,Mendoza,22/10/2017,46,s/d,172000.0,9.8,77000.0,1,76000.0,S,604.0,0,65000.0,352000.0,0,1225000.0
CL202304168,2023,Central,Santa Fe,07/06/2020,46,relacion de dependencia,917000.0,13.0,181000.0,4,136000.0,no,712.0,1,656000.0,1290000.0,1,7147000.0
CL202305974,2023,Mendoza Sur,Santa Fe,2017-12-21,38,Rel. Dependencia,632000.0,11.6,122000.0,4,40000.0,N,700.0,1,401000.0,842000.0,0,3537000.0
CL202302669,2023,Mendoza Sur,Salta,2019-08-03,31,Informal,131000.0,5.2,27000.0,1,28000.0,no,735.0,2,14000.0,287000.0,0,428000.0
CL202302640,2023,Central,Córdoba,19/03/2016,31,relacion de dependencia,973000.0,7.4,178000.0,6,613000.0,no,709.0,0,571000.0,1713000.0,0,4390000.0
CL202305144,2023,Córdoba Shopping,Mendoza,30/08/2020,52,MT,715000.0,8.8,159000.0,2,231000.0,N,696.0,1,278000.0,773000.0,1,4456000.0
CL202301249,2023,Córdoba Shopping,Salta,07/21/2017,35,Monotributo,675000.0,,238000.0,2,183000.0,No,577.0,4,398000.0,1402000.0,0,1461000.0
CL202301231,2023,Central,Mendoza,2020-04-19,43,Informal,184000.0,12.1,53000.0,2,25000.0,0,620.0,1,66000.0,289000.0,0,1115000.0
CL202303437,2023,La Plata,Salta,29/08/2020,63,RD,,13.8,319000.0,4,402000.0,No,803.0,1,1501000.0,4068000.0,0,4193000.0
CL202303492,2023,Mendoza Sur,Buenos Aires,23/04/2017,34,RD,504000.0,10.5,147000.0,6,56000.0,No,712.0,0,363000.0,485000.0,0,1705000.0
CL202304110,2023,Palermo,Córdoba,26/10/2018,43,MT,452000.0,,109000.0,3,214000.0,S,746.0,1,403000.0,735000.0,0,1207000.0
CL202305060,2023,Córdoba Shopping,Salta,21/08/2019,26,s/d,379000.0,1.6,42000.0,2,169000.0,Sí,693.0,0,166000.0,323000.0,0,3011000.0
CL202300932,2023,Palermo,Tucumán,20/02/2021,50,RD,907000.0,15.3,147000.0,6,219000.0,N,714.0,0,724000.0,767000.0,0,4325000.0
CL202300081,2023,Canal Digital,Mendoza,15/05/2020,24,informal,,5.1,119000.0,4,31.0,S,474.0,7,53000.0,305000.0,2,538000.0
CL202306359,2023,Rosario Norte,Buenos Aires,04/10/2019,42,monotrib.,327000.0,8.9,22000.0,4,94000.0,S,641.0,2,130000.0,330000.0,0,2574000.0
CL202301943,2023,Palermo,Santa Fe,07/01/2017,59,monotrib.,510000.0,15.2,50000.0,1,137000.0,No,712.0,1,246000.0,1090000.0,0,1653000.0
CL202303166,2023,Palermo,Salta,05/15/2018,45,relacion de dependencia,,14.7,104000.0,4,224000.0,no,720.0,0,891000.0,1240000.0,0,5857000.0
CL202303169,2023,Microcentro,CABA,17/07/2018,51,informal,260000.0,,46000.0,3,93000.0,0,605.0,0,135000.0,354000.0,0,1332000.0
CL202304924,2023,La Plata,Neuquén,20/03/2021,24,relacion de dependencia,709000.0,2.5,164000.0,2,288000.0,N,724.0,1,309000.0,976000.0,0,2424000.0
CL202300239,2023,Palermo,Neuquén,17/01/2020,26,informal,381000.0,,16000.0,3,104000.0,N,734.0,0,175000.0,423000.0,0,652000.0
CL202303383,2023,La Plata,Mendoza,30/07/2020,27,RD,989000.0,,183000.0,5,317000.0,no,706.0,2,751000.0,2153000.0,0,3673000.0
CL202302136,2023,Rosario Norte,Tucumán,27/03/2016,35,RD,1663000.0,,481000.0,3,401000.0,si,670.0,0,718000.0,2484000.0,1,11743000.0
CL202303424,2023,Canal Digital,Santa Fe,2019-12-03,21,MT,349000.0,0.0,139000.0,7,105.0,0,581.0,1,239000.0,492000.0,0,1028000.0
CL202304001,2023,Canal Digital,Buenos Aires,12/08/2019,50,relacion de dependencia,1770000.0,10.8,408000.0,5,365.0,N,813.0,0,1082000.0,1658000.0,0,9574000.0
CL202303420,2023,Canal Digital,Santa Fe,20/06/2021,42,RD,635000.0,11.4,124000.0,6,324.0,N,678.0,0,256000.0,1082000.0,0,4994000.0
CL202304288,2023,Microcentro,Mendoza,2018-03-25,41,RD,351000.0,9.3,43000.0,3,95000.0,No,617.0,0,298000.0,684000.0,1,2063000.0
CL202304765,2023,Palermo,Salta,06/02/2016,44,Rel. Dependencia,828000.0,13.9,562000.0,1,199000.0,1,,2,480000.0,1432000.0,0,3186000.0
CL202306344,2023,Palermo,CABA,09/12/2019,57,RD,1239000.0,17.7,179000.0,7,360000.0,no,717.0,0,621000.0,2195000.0,0,7991000.0
CL202302138,2023,Central,Tucumán,19/08/2016,38,Relación de Dependencia,941000.0,12.1,451000.0,5,348000.0,no,639.0,2,347000.0,1479000.0,0,5253000.0
CL202300952,2023,Córdoba Shopping,Tucumán,28/11/2018,19,informal,,,67000.0,4,36000.0,1,624.0,3,65000.0,217000.0,4,191000.0
CL202306484,2023,Canal Digital,Córdoba,16/07/2019,53,RD,,17.8,278000.0,5,297.0,Sí,672.0,0,494000.0,3972000.0,0,14644000.0
CL202302433,2023,Mendoza Sur,Salta,2019-06-29,34,Rel. Dependencia,,12.1,256000.0,2,237000.0,S,663.0,0,412000.0,1380000.0,0,6119000.0
CL202303644,2023,La Plata,Mendoza,2019-09-05,29,Informal,,,44000.0,2,82000.0,0,696.0,0,83000.0,526000.0,1,1259000.0
CL202303801,2023,Palermo,CABA,2021-06-20,38,s/d,213000.0,,37000.0,2,13000.0,no,705.0,0,27000.0,271000.0,0,1110000.0
CL202301223,2023,La Plata,Mendoza,02/10/2019,18,Relación de Dependencia,871000.0,2.9,136000.0,5,177000.0,no,717.0,0,472000.0,1038000.0,0,3680000.0
CL202301313,2023,Rosario Norte,Tucumán,16/04/2016,28,Relación de Dependencia,,4.5,67000.0,3,143000.0,S,658.0,1,315000.0,374000.0,1,2454000.0
CL202301526,2023,Canal Digital,Buenos Aires,17/08/2016,36,Relación de Dependencia,1049000.0,5.1,236000.0,6,310.0,Sí,675.0,0,789000.0,1382000.0,0,3611000.0
CL202301983,2023,Microcentro,Salta,03/15/2021,22,Rel. Dependencia,693000.0,4.2,115000.0,6,189000.0,N,617.0,2,301000.0,593000.0,0,2766000.0
CL202303946,2023,Mendoza Sur,Tucumán,01/11/2016,55,RD,453000.0,13.4,175000.0,3,187000.0,N,664.0,0,329000.0,654000.0,1,2315000.0
CL202304972,2023,La Plata,Neuquén,15/10/2016,42,s/d,171000.0,5.6,88000.0,2,70000.0,no,616.0,2,49000.0,263000.0,1,499000.0
CL202301461,2023,Canal Digital,Santa Fe,18/08/2020,41,relacion de dependencia,921000.0,,137000.0,5,302.0,0,719.0,0,560000.0,889000.0,0,2627000.0
CL202300300,2023,La Plata,Mendoza,2016-09-22,34,relacion de dependencia,1034000.0,11.0,331000.0,4,187000.0,S,564.0,5,183000.0,1887000.0,0,1864000.0
CL202303088,2023,Córdoba Shopping,CABA,2017-05-07,18,RD,1114000.0,6.4,258000.0,11,312000.0,no,733.0,1,632000.0,1673000.0,0,4846000.0
CL202300899,2023,Central,Santa Fe,19/10/2016,37,MT,501000.0,6.6,148000.0,1,165000.0,N,644.0,2,180000.0,909000.0,1,2492000.0
CL202300304,2023,Palermo,Córdoba,11/10/2021,44,Relación de Dependencia,,11.3,234000.0,3,174000.0,No,564.0,2,256000.0,825000.0,1,2892000.0
CL202300562,2023,Canal Digital,CABA,09/04/2017,52,Monotributo,361000.0,16.5,193000.0,4,150.0,no,554.0,2,214000.0,749000.0,1,1453000.0
CL202305649,2023,La Plata,Córdoba,2021-05-23,31,RD,1241000.0,10.2,269000.0,5,868000.0,0,636.0,0,916000.0,1466000.0,0,5922000.0
CL202302934,2023,La Plata,Mendoza,26/10/2018,49,MT,538000.0,10.6,124000.0,1,150000.0,no,648.0,0,383000.0,587000.0,0,3396000.0
CL202303062,2023,Canal Digital,Salta,16/03/2018,49,informal,216000.0,12.5,11000.0,4,56.0,si,661.0,3,85000.0,442000.0,1,807000.0
CL202303481,2023,Mendoza Sur,Buenos Aires,22/07/2017,30,relacion de dependencia,,6.2,236000.0,3,139000.0,1,652.0,2,121000.0,1101000.0,1,3192000.0
CL202301821,2023,Córdoba Shopping,Salta,09/03/2016,40,Relación de Dependencia,1044000.0,4.6,140000.0,5,251000.0,N,678.0,0,762000.0,1376000.0,0,6331000.0
CL202304123,2023,Microcentro,Neuquén,11/11/2016,43,Informal,330000.0,12.0,114000.0,2,93000.0,N,648.0,0,155000.0,444000.0,1,2227000.0
CL202300821,2023,Córdoba Shopping,CABA,03/06/2019,55,changas,,,54000.0,1,22000.0,si,,3,8000.0,104000.0,1,282000.0
CL202305958,2023,Canal Digital,CABA,12/06/2019,52,s/d,,7.2,21000.0,3,54.0,si,684.0,0,89000.0,218000.0,1,942000.0
CL202303932,2023,Canal Digital,Tucumán,12/02/2017,20,Informal,,,106000.0,5,36.0,si,544.0,0,54000.0,228000.0,3,1118000.0
CL202304665,2023,La Plata,Buenos Aires,2018-05-24,53,monotrib.,,,61000.0,3,79000.0,si,652.0,0,209000.0,186000.0,1,1390000.0
CL202306063,2023,Córdoba Shopping,Buenos Aires,17/04/2017,46,Relación de Dependencia,664000.0,10.2,272000.0,5,154000.0,S,636.0,2,317000.0,817000.0,1,1427000.0
CL202300850,2023,La Plata,Salta,14/12/2021,39,monotrib.,427000.0,4.8,100000.0,3,230000.0,no,709.0,0,211000.0,585000.0,0,1727000.0
CL202301019,2023,Microcentro,Córdoba,07/08/2020,40,monotributo,,,37000.0,2,59000.0,0,623.0,1,176000.0,234000.0,0,1405000.0
CL202302390,2023,Palermo,Salta,02/12/2020,22,MT,693000.0,4.7,118000.0,2,298000.0,0,797.0,1,585000.0,669000.0,0,3549000.0
CL202306087,2023,Palermo,Mendoza,2018-05-30,57,Relación de Dependencia,1354000.0,16.2,232000.0,4,555000.0,N,693.0,2,802000.0,2375000.0,1,10538000.0
CL202301377,2023,Palermo,Córdoba,27/05/2021,23,changas,,1.5,26000.0,1,79000.0,No,812.0,0,78000.0,530000.0,0,758000.0
CL202302635,2023,Microcentro,Tucumán,04/13/2017,55,informal,707000.0,15.1,152000.0,6,299000.0,No,763.0,2,694000.0,1048000.0,1,2033000.0
CL202302079,2023,Palermo,CABA,27/01/2019,55,s/d,336000.0,,15000.0,5,73000.0,no,722.0,0,305000.0,360000.0,0,698000.0
CL202301864,2023,Mendoza Sur,Salta,15/08/2017,42,RD,,12.7,271000.0,3,146000.0,si,607.0,5,209000.0,645000.0,1,1914000.0
CL202302037,2023,Córdoba Shopping,Buenos Aires,08/07/2018,19,Rel. Dependencia,,2.1,24000.0,2,54000.0,S,766.0,1,173000.0,326000.0,0,1876000.0
CL202306354,2023,Mendoza Sur,Córdoba,05/18/2016,47,Monotributo,160000.0,,88000.0,5,24000.0,Sí,533.0,4,19000.0,303000.0,0,518000.0
CL202302592,2023,La Plata,Tucumán,04/02/2019,62,Relación de Dependencia,904000.0,18.3,175000.0,5,395000.0,N,781.0,1,628000.0,1283000.0,0,1780000.0
CL202303763,2023,Córdoba Shopping,Santa Fe,27/03/2018,56,informal,190000.0,10.9,23000.0,4,32000.0,0,762.0,0,110000.0,364000.0,1,1154000.0
CL202302137,2023,Canal Digital,CABA,2016-06-09,44,relacion de dependencia,,16.4,21000.0,4,138.0,0,,0,465000.0,961000.0,0,1549000.0
CL202300811,2023,Rosario Norte,Córdoba,07/12/2019,49,Rel. Dependencia,,13.9,242000.0,3,351000.0,N,709.0,0,422000.0,2313000.0,0,4972000.0
CL202300116,2023,Córdoba Shopping,Neuquén,25/11/2016,40,Relación de Dependencia,695000.0,7.7,381000.0,3,225000.0,S,573.0,1,542000.0,1373000.0,2,1518000.0
CL202300432,2023,Central,Tucumán,2021-03-05,39,informal,285000.0,,65000.0,4,135000.0,No,618.0,0,106000.0,395000.0,0,1011000.0
CL202302481,2023,Central,Tucumán,05/07/2017,32,relacion de dependencia,526000.0,10.6,217000.0,1,246000.0,1,546.0,0,366000.0,436000.0,0,2664000.0
CL202302330,2023,Palermo,Salta,30/05/2019,31,RD,,7.4,90000.0,3,186000.0,No,646.0,3,324000.0,532000.0,1,2051000.0
CL202300317,2023,Central,Mendoza,01/03/2020,34,RD,,9.4,160000.0,3,322000.0,Sí,694.0,0,241000.0,911000.0,0,1595000.0
CL202301492,2023,Canal Digital,Mendoza,20/09/2017,53,Relación de Dependencia,305000.0,12.7,211000.0,1,98.0,0,670.0,2,93000.0,441000.0,1,710000.0
CL202301562,2023,Rosario Norte,Santa Fe,21/03/2021,43,Rel. Dependencia,589000.0,12.2,120000.0,2,179000.0,N,720.0,0,229000.0,787000.0,0,3544000.0
CL202304012,2023,Central,Buenos Aires,04/02/2021,62,Monotributo,,,169000.0,4,281000.0,N,777.0,0,178000.0,1047000.0,0,1215000.0
CL202302076,2023,Mendoza Sur,Buenos Aires,08/07/2019,46,RD,378000.0,12.0,118000.0,3,78000.0,N,605.0,0,109000.0,494000.0,1,837000.0
CL202300156,2023,Microcentro,Buenos Aires,10/11/2016,49,monotrib.,1239000.0,8.7,342000.0,2,431000.0,No,740.0,0,642000.0,1664000.0,0,8608000.0
CL202305147,2023,Córdoba Shopping,Santa Fe,10/04/2017,47,MT,452000.0,9.4,117000.0,2,182000.0,no,673.0,1,253000.0,512000.0,0,1534000.0
CL202306283,2023,Rosario Norte,CABA,2017-07-12,26,Monotributo,501000.0,,77000.0,4,163000.0,Sí,,0,72000.0,504000.0,0,3302000.0
CL202303043,2023,Mendoza Sur,Mendoza,02/09/2017,49,MT,389000.0,11.5,70000.0,3,135000.0,0,714.0,1,92000.0,506000.0,0,1764000.0
CL202302611,2023,Microcentro,CABA,11/08/2019,26,Relación de Dependencia,393000.0,7.4,268000.0,3,137000.0,Sí,610.0,3,229000.0,555000.0,2,2734000.0
CL202302916,2023,Central,CABA,15/02/2016,51,s/d,189000.0,9.0,22000.0,3,74000.0,No,693.0,0,124000.0,383000.0,1,419000.0
CL202301220,2023,Central,Tucumán,01/18/2021,18,Rel. Dependencia,927000.0,5.3,89000.0,5,304000.0,No,733.0,1,679000.0,1589000.0,1,3376000.0
CL202303211,2023,Córdoba Shopping,Córdoba,23/07/2021,32,monotrib.,,13.2,66000.0,5,77000.0,Sí,660.0,0,187000.0,449000.0,0,1609000.0
CL202306793,2023,Palermo,CABA,2018-09-01,37,Informal,161000.0,4.0,79000.0,6,67000.0,no,557.0,3,12000.0,147000.0,2,1276000.0
CL202305965,2023,Central,Neuquén,02/09/2018,31,relacion de dependencia,917000.0,6.3,153000.0,4,244000.0,0,813.0,0,536000.0,1323000.0,0,4852000.0
CL202300077,2023,Canal Digital,Tucumán,20/02/2020,64,monotributo,,14.7,154000.0,3,156.0,si,660.0,3,193000.0,361000.0,0,2136000.0
CL202303796,2023,Central,Santa Fe,2018-06-23,40,Monotributo,449000.0,6.1,104000.0,4,121000.0,0,609.0,1,279000.0,818000.0,0,1712000.0
CL202303712,2023,Rosario Norte,Tucumán,30/11/2020,41,Monotributo,896000.0,,163000.0,3,318000.0,0,735.0,1,863000.0,974000.0,0,6959000.0
CL202301868,2023,Mendoza Sur,Salta,2021-01-14,68,Relación de Dependencia,429000.0,19.9,95000.0,7,93000.0,no,690.0,1,291000.0,514000.0,0,926000.0
CL202302770,2023,Rosario Norte,Santa Fe,07/07/2019,53,s/d,150000.0,12.5,67000.0,4,15000.0,0,597.0,3,43000.0,316000.0,0,956000.0
CL202303761,2023,Central,CABA,28/11/2019,24,Rel. Dependencia,1179000.0,10.4,191000.0,3,450000.0,0,756.0,1,614000.0,2162000.0,0,5135000.0
CL202300577,2023,Mendoza Sur,Salta,08/07/2017,51,monotrib.,,14.6,119000.0,3,175000.0,N,659.0,0,158000.0,444000.0,1,2445000.0
CL202303226,2023,La Plata,CABA,2020-10-08,40,monotributo,469000.0,8.8,76000.0,4,94000.0,N,,0,145000.0,620000.0,1,1572000.0
CL202302806,2023,Mendoza Sur,CABA,18/02/2020,36,MT,,7.2,13000.0,4,148000.0,no,679.0,1,156000.0,695000.0,0,2364000.0
CL202304304,2023,Mendoza Sur,Neuquén,2021-06-10,18,Rel. Dependencia,,0.0,93000.0,2,96000.0,si,774.0,0,298000.0,386000.0,1,2071000.0
CL202306419,2023,Central,CABA,26/09/2020,18,monotributo,,0.0,102000.0,2,180000.0,0,740.0,0,686000.0,744000.0,1,5781000.0
CL202305143,2023,Palermo,Santa Fe,12/08/2019,18,monotributo,340000.0,,136000.0,3,114000.0,No,631.0,1,295000.0,495000.0,1,2348000.0
CL202304144,2023,Mendoza Sur,Córdoba,24/06/2019,36,Monotributo,,6.7,29000.0,1,91000.0,N,719.0,0,298000.0,622000.0,0,945000.0
CL202303607,2023,Córdoba Shopping,Salta,2021-07-12,44,Relación de Dependencia,919000.0,10.2,411000.0,3,473000.0,Sí,605.0,2,438000.0,1256000.0,0,5750000.0
CL202303504,2023,Rosario Norte,Santa Fe,2019-05-24,35,Rel. Dependencia,2416000.0,10.9,432000.0,10,698000.0,1,704.0,0,1776000.0,2878000.0,0,5508000.0
CL202303658,2023,Canal Digital,Buenos Aires,19/06/2021,24,monotributo,638000.0,2.5,99000.0,3,180.0,N,,2,454000.0,558000.0,0,2108000.0
CL202301731,2023,La Plata,Tucumán,06/24/2018,37,RD,1424000.0,9.2,100000.0,5,106000.0,no,798.0,0,330000.0,2234000.0,1,8340000.0
CL202305099,2023,La Plata,Salta,03/01/2019,41,Monotributo,333000.0,5.3,57000.0,4,121000.0,no,641.0,2,76000.0,286000.0,2,2179000.0
CL202300429,2023,Córdoba Shopping,Buenos Aires,06/05/2020,39,MT,419000.0,5.3,230000.0,1,32000.0,S,534.0,2,292000.0,853000.0,2,1314000.0
CL202301901,2023,La Plata,Buenos Aires,09/02/2021,22,monotributo,337000.0,2.9,27000.0,3,61000.0,No,703.0,1,164000.0,464000.0,1,978000.0
CL202302184,2023,La Plata,Mendoza,20/10/2016,48,Relación de Dependencia,959000.0,19.6,181000.0,3,141000.0,0,750.0,0,538000.0,1924000.0,1,6027000.0
CL202306258,2023,Mendoza Sur,Salta,2018-09-28,33,RD,1522000.0,7.9,418000.0,4,427000.0,Sí,667.0,0,497000.0,1848000.0,0,8011000.0
CL202305702,2023,Palermo,Salta,09/13/2021,18,MT,274000.0,0.0,85000.0,4,5000.0,0,624.0,3,75000.0,551000.0,2,718000.0
CL202302077,2023,Microcentro,CABA,19/10/2020,66,Relación de Dependencia,871000.0,19.4,268000.0,4,5000.0,1,565.0,1,251000.0,1313000.0,0,4518000.0
CL202300706,2023,Central,Córdoba,08/01/2020,41,Informal,359000.0,,120000.0,1,39000.0,S,589.0,0,306000.0,704000.0,1,1751000.0
CL202306114,2023,Canal Digital,Santa Fe,02/06/2021,46,Rel. Dependencia,403000.0,9.5,95000.0,4,149.0,0,661.0,3,239000.0,389000.0,0,1434000.0
CL202304636,2023,La Plata,Mendoza,01/05/2019,47,Relación de Dependencia,,12.4,124000.0,6,84000.0,no,628.0,1,521000.0,561000.0,1,1213000.0
CL202304163,2023,Córdoba Shopping,Buenos Aires,11/23/2019,20,relacion de dependencia,282000.0,4.2,193000.0,3,103000.0,S,486.0,2,64000.0,505000.0,1,1546000.0
CL202303953,2023,Palermo,Mendoza,2016-06-17,45,Relación de Dependencia,1667000.0,15.7,103000.0,4,504000.0,no,,0,0.0,2799000.0,0,8482000.0
CL202306467,2023,Rosario Norte,Neuquén,04/09/2016,18,relacion de dependencia,1147000.0,5.8,62000.0,8,295000.0,S,720.0,2,1017000.0,1898000.0,1,9126000.0
CL202305973,2023,Central,Buenos Aires,10/16/2020,39,Monotributo,374000.0,9.4,61000.0,4,164000.0,Sí,765.0,2,146000.0,820000.0,0,1499000.0
CL202300360,2023,Microcentro,Neuquén,2021-06-17,42,Informal,277000.0,,59000.0,5,116000.0,1,714.0,1,149000.0,233000.0,0,1583000.0
CL202300934,2023,La Plata,Salta,11/07/2018,24,Monotributo,,5.3,91000.0,1,145000.0,no,627.0,2,504000.0,708000.0,0,2169000.0
CL202300513,2023,Central,CABA,2016-07-25,44,informal,201000.0,8.9,54000.0,2,54000.0,1,699.0,2,167000.0,193000.0,0,783000.0
CL202303365,2023,Rosario Norte,Neuquén,19/01/2020,58,Relación de Dependencia,,18.5,308000.0,6,277000.0,1,610.0,1,386000.0,607000.0,1,1155000.0
CL202303472,2023,Palermo,Mendoza,2016-10-15,18,RD,,2.8,200000.0,6,286000.0,Sí,658.0,1,481000.0,1744000.0,0,2985000.0
CL202303451,2023,Central,Mendoza,10/09/2018,43,Relación de Dependencia,795000.0,17.3,132000.0,4,148000.0,si,718.0,0,646000.0,862000.0,1,3877000.0
CL202306381,2023,Central,CABA,2017-07-22,48,s/d,248000.0,,110000.0,4,65000.0,No,,1,202000.0,265000.0,0,869000.0
CL202305567,2023,Rosario Norte,CABA,14/10/2021,45,monotributo,279000.0,,17000.0,6,32000.0,S,731.0,0,196000.0,582000.0,0,2142000.0
CL202304355,2023,Córdoba Shopping,Córdoba,17/09/2020,18,Rel. Dependencia,667000.0,2.5,287000.0,3,237000.0,S,648.0,1,182000.0,1065000.0,1,4601000.0
CL202303012,2023,La Plata,Mendoza,16/12/2020,28,relacion de dependencia,718000.0,3.5,94000.0,6,62000.0,N,683.0,0,379000.0,1250000.0,0,3823000.0
CL202303333,2023,Canal Digital,Buenos Aires,08/17/2017,27,RD,,4.7,230000.0,5,187.0,Sí,593.0,0,308000.0,733000.0,0,3011000.0
CL202301327,2023,Córdoba Shopping,Buenos Aires,18/03/2017,59,Rel. Dependencia,443000.0,19.0,289000.0,4,40000.0,S,660.0,1,197000.0,602000.0,1,1960000.0
CL202302647,2023,Central,Salta,08/06/2019,53,s/d,252000.0,12.2,182000.0,5,129000.0,S,490.0,2,87000.0,418000.0,1,1647000.0
CL202302397,2023,Palermo,Córdoba,27/12/2017,22,relacion de dependencia,708000.0,6.5,79000.0,3,160000.0,N,767.0,2,322000.0,1539000.0,0,2508000.0
CL202304755,2023,Palermo,Tucumán,25/03/2019,56,monotrib.,287000.0,,65000.0,6,123000.0,0,662.0,1,230000.0,399000.0,0,1856000.0
CL202300035,2023,Mendoza Sur,Buenos Aires,07/06/2017,38,Rel. Dependencia,903000.0,14.1,204000.0,6,117000.0,N,767.0,2,689000.0,1903000.0,0,5524000.0
CL202305768,2023,La Plata,Neuquén,07/04/2017,59,s/d,,14.6,41000.0,1,95000.0,No,725.0,1,159000.0,310000.0,0,2169000.0
CL202305423,2023,Microcentro,Mendoza,09/03/2020,41,monotrib.,768000.0,6.1,101000.0,1,104000.0,0,,1,319000.0,1398000.0,0,5036000.0
CL202300829,2023,Microcentro,Tucumán,17/08/2019,36,Rel. Dependencia,377000.0,,113000.0,3,126000.0,Sí,665.0,1,122000.0,814000.0,0,2054000.0
CL202303181,2023,Rosario Norte,CABA,23/08/2021,43,s/d,,9.6,79000.0,1,36000.0,1,486.0,1,50000.0,209000.0,1,790000.0
CL202302913,2023,Rosario Norte,Neuquén,2018-04-08,63,RD,814000.0,19.4,153000.0,2,316000.0,S,632.0,0,383000.0,1257000.0,0,1544000.0
CL202306009,2023,Central,CABA,16/01/2016,34,relacion de dependencia,697000.0,11.6,267000.0,7,212000.0,no,625.0,2,314000.0,580000.0,1,3411000.0
CL202305121,2023,Central,Tucumán,06/10/2016,30,changas,155000.0,1.6,94000.0,2,61000.0,si,588.0,3,74000.0,301000.0,0,818000.0
CL202306688,2023,Canal Digital,Mendoza,17/01/2020,36,Monotributo,,,145000.0,6,101.0,N,729.0,2,703000.0,1040000.0,1,2436000.0
CL202306609,2023,Mendoza Sur,Buenos Aires,2020-10-27,40,RD,489000.0,12.3,187000.0,3,122000.0,Sí,621.0,0,196000.0,1076000.0,2,3442000.0
CL202300673,2023,Canal Digital,CABA,28/02/2016,44,relacion de dependencia,,7.1,363000.0,5,245.0,si,557.0,2,585000.0,1168000.0,0,3583000.0
CL202303238,2023,Microcentro,Buenos Aires,28/02/2017,45,RD,,15.7,292000.0,2,373000.0,No,691.0,1,660000.0,1431000.0,0,4073000.0
CL202305205,2023,Córdoba Shopping,Tucumán,2016-08-12,41,monotrib.,,10.7,107000.0,1,68000.0,S,622.0,1,147000.0,389000.0,1,741000.0
CL202300514,2023,La Plata,CABA,21/12/2018,58,MT,260000.0,14.4,100000.0,3,112000.0,S,660.0,5,136000.0,524000.0,0,1509000.0
CL202305673,2023,Mendoza Sur,Buenos Aires,2021-08-06,61,RD,663000.0,18.9,120000.0,6,25000.0,No,694.0,0,365000.0,742000.0,1,2656000.0
CL202300895,2023,Córdoba Shopping,Tucumán,23/05/2021,18,Monotributo,,1.8,44000.0,3,66000.0,0,669.0,1,136000.0,363000.0,0,1352000.0
CL202303713,2023,Microcentro,Neuquén,21/04/2017,29,RD,1170000.0,7.8,160000.0,7,146000.0,no,740.0,1,703000.0,1497000.0,1,6779000.0
CL202305744,2023,Rosario Norte,Buenos Aires,2020-03-19,44,monotributo,,7.5,158000.0,2,161000.0,0,666.0,1,224000.0,1021000.0,0,2597000.0
CL202301227,2023,Córdoba Shopping,Santa Fe,05/19/2021,65,Monotributo,615000.0,10.9,73000.0,3,317000.0,1,643.0,0,257000.0,635000.0,0,4488000.0
CL202302086,2023,Rosario Norte,Tucumán,11/03/2018,28,Rel. Dependencia,1353000.0,5.0,128000.0,3,555000.0,N,735.0,0,957000.0,1155000.0,0,6252000.0
CL202301570,2023,Microcentro,Córdoba,2016-08-16,46,RD,749000.0,10.8,50000.0,5,256000.0,No,792.0,0,596000.0,1093000.0,0,3050000.0
CL202302111,2023,Palermo,Salta,2017-03-06,43,Relación de Dependencia,877000.0,13.1,96000.0,4,435000.0,no,673.0,0,274000.0,1821000.0,0,1456000.0
CL202303250,2023,Palermo,Salta,28/10/2018,27,informal,272000.0,3.7,10000.0,3,76000.0,1,661.0,0,131000.0,236000.0,0,1953000.0
CL202300601,2023,Canal Digital,Buenos Aires,2018-10-27,48,Rel. Dependencia,,18.1,112000.0,5,187.0,0,709.0,2,390000.0,653000.0,0,4454000.0
CL202303121,2023,Mendoza Sur,Buenos Aires,18/05/2020,42,Relación de Dependencia,580000.0,11.4,49000.0,5,129000.0,0,685.0,1,0.0,1209000.0,0,2370000.0
CL202300117,2023,Mendoza Sur,Mendoza,19/09/2019,44,Monotributo,,8.0,53000.0,4,112000.0,No,619.0,0,340000.0,866000.0,0,2892000.0
CL202303979,2023,Microcentro,Tucumán,28/08/2019,52,Relación de Dependencia,1126000.0,15.1,145000.0,4,247000.0,N,610.0,0,928000.0,1241000.0,0,8323000.0
CL202306302,2023,La Plata,Mendoza,08/03/2017,41,monotrib.,,,67000.0,2,169000.0,1,700.0,1,208000.0,418000.0,0,3010000.0
CL202300694,2023,Central,Neuquén,27/09/2018,47,relacion de dependencia,,7.8,285000.0,3,1145000.0,no,655.0,0,1300000.0,3253000.0,0,5270000.0
CL202305290,2023,Central,Buenos Aires,29/09/2018,27,Rel. Dependencia,1190000.0,5.2,207000.0,4,504000.0,no,630.0,3,347000.0,1244000.0,1,7102000.0
CL202303150,2023,Córdoba Shopping,Mendoza,05/03/2017,51,RD,1524000.0,16.4,471000.0,3,499000.0,N,610.0,2,455000.0,1899000.0,1,6051000.0
CL202301669,2023,La Plata,Buenos Aires,03/09/2021,40,Monotributo,386000.0,4.2,198000.0,4,112000.0,Sí,583.0,2,351000.0,541000.0,2,1276000.0
CL202304422,2023,Rosario Norte,Santa Fe,16/05/2016,28,Rel. Dependencia,1418000.0,9.2,318000.0,2,343000.0,No,746.0,1,1401000.0,2642000.0,0,9786000.0
CL202301471,2023,Canal Digital,Córdoba,09/08/2020,49,Relación de Dependencia,648000.0,12.2,182000.0,2,202.0,0,658.0,1,374000.0,935000.0,0,4163000.0
CL202300012,2023,Microcentro,CABA,2018-12-11,34,informal,344000.0,5.6,152000.0,3,96000.0,S,631.0,0,188000.0,566000.0,0,1898000.0
CL202304246,2023,La Plata,Buenos Aires,25/01/2016,23,Relación de Dependencia,609000.0,6.5,183000.0,4,256000.0,Sí,705.0,3,399000.0,578000.0,1,1997000.0
CL202306577,2023,Rosario Norte,Córdoba,14/08/2017,43,Rel. Dependencia,686000.0,13.2,127000.0,4,153000.0,no,701.0,0,313000.0,553000.0,1,4111000.0
CL202301214,2023,Central,Córdoba,2018-07-05,32,Informal,93000.0,3.8,61000.0,5,30000.0,S,528.0,1,72000.0,141000.0,2,336000.0
CL202301772,2023,Córdoba Shopping,CABA,2016-04-27,29,MT,,,59000.0,3,101000.0,N,711.0,1,271000.0,558000.0,0,3150000.0
CL202300764,2023,Palermo,Santa Fe,08/20/2019,45,Rel. Dependencia,,16.6,243000.0,5,233000.0,0,643.0,2,399000.0,757000.0,2,1687000.0
CL202304113,2023,Rosario Norte,Santa Fe,18/08/2021,45,Relación de Dependencia,597000.0,12.9,117000.0,4,166000.0,si,,2,575000.0,734000.0,0,2400000.0
CL202301528,2023,Palermo,Buenos Aires,17/11/2018,38,relacion de dependencia,900000.0,6.3,56000.0,6,197000.0,0,783.0,0,414000.0,1902000.0,0,5711000.0
CL202303393,2023,La Plata,Neuquén,10/02/2016,29,relacion de dependencia,676000.0,7.9,276000.0,5,263000.0,1,654.0,0,455000.0,778000.0,0,1122000.0
CL202304066,2023,Canal Digital,Tucumán,26/07/2016,18,changas,,2.7,67000.0,2,28.0,si,539.0,2,37000.0,198000.0,1,604000.0
CL202301070,2023,Palermo,Neuquén,29/12/2016,49,MT,680000.0,6.8,144000.0,2,13000.0,N,782.0,2,287000.0,1110000.0,0,1178000.0
CL202303525,2023,Palermo,Mendoza,09/08/2018,33,relacion de dependencia,731000.0,5.8,133000.0,5,249000.0,N,674.0,1,476000.0,685000.0,0,1547000.0
CL202300258,2023,Rosario Norte,Buenos Aires,2017-08-13,18,relacion de dependencia,1007000.0,5.0,100000.0,5,404000.0,no,744.0,2,804000.0,1978000.0,1,7927000.0
CL202305697,2023,Canal Digital,Buenos Aires,30/05/2019,40,MT,326000.0,9.0,119000.0,3,77.0,Sí,657.0,1,81000.0,488000.0,0,535000.0
CL202302348,2023,Microcentro,Mendoza,02/04/2018,42,Rel. Dependencia,1253000.0,8.5,279000.0,3,657000.0,no,638.0,1,171000.0,2505000.0,1,3694000.0
CL202305845,2023,Microcentro,Buenos Aires,26/07/2019,54,Monotributo,473000.0,,62000.0,4,144000.0,N,712.0,0,129000.0,970000.0,0,2264000.0
CL202301764,2023,La Plata,Salta,12/04/2020,31,relacion de dependencia,874000.0,5.7,199000.0,5,374000.0,si,698.0,1,526000.0,1283000.0,1,1636000.0
CL202301620,2023,Palermo,Buenos Aires,07/04/2017,32,monotrib.,918000.0,,183000.0,2,280000.0,No,742.0,0,775000.0,1433000.0,1,4798000.0
CL202303556,2023,La Plata,Santa Fe,01/12/2016,35,Rel. Dependencia,1277000.0,7.4,258000.0,4,334000.0,No,671.0,0,880000.0,2354000.0,0,3566000.0
CL202303487,2023,Palermo,Tucumán,26/10/2017,44,RD,602000.0,9.1,115000.0,5,328000.0,0,721.0,0,241000.0,631000.0,0,3151000.0
CL202301706,2023,Córdoba Shopping,Mendoza,2016-10-05,32,Informal,816000.0,,245000.0,4,287000.0,S,680.0,1,956000.0,774000.0,0,2223000.0
CL202304221,2023,Córdoba Shopping,Mendoza,06/07/2019,28,informal,168000.0,0.0,47000.0,5,50000.0,N,655.0,2,65000.0,200000.0,0,1298000.0
CL202302276,2023,Rosario Norte,Córdoba,10/28/2016,34,Relación de Dependencia,850000.0,4.8,386000.0,2,326000.0,1,603.0,1,449000.0,1572000.0,1,6331000.0
CL202305042,2023,Córdoba Shopping,CABA,12/09/2019,31,Rel. Dependencia,,13.7,302000.0,7,440000.0,no,740.0,0,540000.0,2217000.0,0,8475000.0
CL202300917,2023,Canal Digital,Córdoba,12/01/2017,54,changas,217000.0,10.5,121000.0,1,17.0,si,612.0,2,217000.0,323000.0,0,738000.0
CL202306007,2023,Canal Digital,Salta,20/05/2020,35,relacion de dependencia,2078000.0,8.5,424000.0,3,285.0,0,784.0,0,1502000.0,1810000.0,0,12537000.0
CL202303879,2023,Microcentro,Mendoza,05/12/2016,40,Relación de Dependencia,,7.7,283000.0,3,286000.0,N,724.0,0,599000.0,650000.0,1,2626000.0
CL202303243,2023,Canal Digital,Neuquén,01/11/2021,55,RD,393000.0,22.8,66000.0,5,124.0,0,698.0,0,119000.0,428000.0,0,1287000.0
CL202304815,2023,Canal Digital,Santa Fe,03/10/2018,43,relacion de dependencia,260000.0,15.0,185000.0,3,102.0,Sí,577.0,1,104000.0,536000.0,0,1235000.0
CL202305868,2023,La Plata,Santa Fe,28/08/2020,54,Monotributo,313000.0,,86000.0,5,85000.0,no,646.0,2,37000.0,473000.0,1,898000.0
CL202303137,2023,Mendoza Sur,Neuquén,29/10/2021,49,monotrib.,537000.0,12.0,28000.0,4,74000.0,N,,1,288000.0,1050000.0,1,4264000.0
CL202302435,2023,Córdoba Shopping,Córdoba,16/11/2016,45,Relación de Dependencia,1074000.0,8.6,292000.0,6,504000.0,no,664.0,1,410000.0,1241000.0,1,3110000.0
CL202304830,2023,La Plata,Salta,14/10/2019,43,RD,,14.2,255000.0,4,213000.0,0,545.0,0,30000.0,459000.0,3,3253000.0
CL202304627,2023,La Plata,Córdoba,18/08/2018,43,s/d,179000.0,5.6,63000.0,4,28000.0,no,638.0,1,143000.0,220000.0,0,540000.0
CL202303646,2023,La Plata,Salta,2021-01-25,38,RD,859000.0,12.7,254000.0,10,209000.0,No,,2,652000.0,1610000.0,1,4244000.0
CL202301270,2023,Mendoza Sur,Córdoba,15/11/2021,55,Rel. Dependencia,775000.0,17.3,107000.0,5,255000.0,N,725.0,0,495000.0,1536000.0,2,4638000.0
CL202304490,2023,Microcentro,Córdoba,2021-02-23,27,MT,446000.0,4.6,152000.0,3,5000.0,No,631.0,1,376000.0,883000.0,0,872000.0
CL202304093,2023,Mendoza Sur,Salta,06/11/2019,78,Rel. Dependencia,937000.0,23.8,63000.0,4,213000.0,no,645.0,0,108000.0,1335000.0,0,2281000.0
CL202302270,2023,Central,Córdoba,2016-06-30,37,Informal,147000.0,9.6,41000.0,4,40000.0,1,612.0,0,52000.0,172000.0,3,912000.0
CL202300342,2023,Mendoza Sur,Mendoza,10/15/2020,32,monotrib.,532000.0,,115000.0,3,251000.0,no,710.0,0,367000.0,861000.0,0,3227000.0
CL202305086,2023,La Plata,Córdoba,2019-12-03,43,Relación de Dependencia,,14.9,173000.0,6,549000.0,N,808.0,0,646000.0,1978000.0,1,12749000.0
CL202303066,2023,Central,Santa Fe,04/16/2021,32,relacion de dependencia,2127000.0,,573000.0,4,611000.0,N,629.0,1,1064000.0,2173000.0,0,10591000.0
CL202303013,2023,Mendoza Sur,Tucumán,08/12/2017,20,Rel. Dependencia,543000.0,5.1,184000.0,2,203000.0,N,621.0,2,526000.0,840000.0,2,3693000.0
CL202305273,2023,Canal Digital,Córdoba,28/08/2019,57,Rel. Dependencia,435000.0,18.8,197000.0,1,164.0,Sí,620.0,0,271000.0,948000.0,1,1094000.0
CL202305053,2023,Córdoba Shopping,Salta,2018-10-27,18,RD,866000.0,4.2,185000.0,5,88000.0,No,694.0,0,145000.0,1805000.0,0,2855000.0
CL202300354,2023,Mendoza Sur,Santa Fe,10/17/2016,62,Monotributo,341000.0,14.5,39000.0,6,66000.0,0,689.0,0,281000.0,515000.0,1,1452000.0
CL202301235,2023,Rosario Norte,Santa Fe,10/09/2016,48,changas,233000.0,13.6,49000.0,5,63000.0,No,660.0,1,146000.0,476000.0,0,805000.0
CL202301292,2023,Mendoza Sur,Salta,03/24/2019,60,Rel. Dependencia,758000.0,22.7,201000.0,5,140000.0,Sí,597.0,3,437000.0,892000.0,0,1866000.0
CL202304270,2023,Mendoza Sur,Mendoza,05/05/2020,18,RD,496000.0,3.0,273000.0,4,189000.0,S,628.0,5,121000.0,979000.0,2,3856000.0
CL202304703,2023,Central,Mendoza,29/09/2019,71,Relación de Dependencia,576000.0,21.1,118000.0,1,120000.0,1,,0,314000.0,859000.0,0,1026000.0
CL202305594,2023,Microcentro,Buenos Aires,27/06/2017,59,relacion de dependencia,190000.0,18.6,23000.0,5,73000.0,No,699.0,1,114000.0,170000.0,1,850000.0
CL202301945,2023,Palermo,Buenos Aires,2017-01-17,47,RD,519000.0,14.2,49000.0,5,100000.0,N,632.0,0,345000.0,638000.0,0,1087000.0
CL202303510,2023,Córdoba Shopping,Neuquén,30/10/2021,58,RD,637000.0,15.4,295000.0,6,109000.0,si,574.0,2,135000.0,965000.0,1,2464000.0
CL202300417,2023,La Plata,Santa Fe,2017-05-21,42,Rel. Dependencia,485000.0,10.0,138000.0,3,71000.0,N,671.0,1,182000.0,529000.0,1,2914000.0
CL202300266,2023,Córdoba Shopping,Mendoza,2020-07-08,46,RD,632000.0,11.5,130000.0,6,261000.0,No,687.0,0,389000.0,1188000.0,0,4511000.0
CL202302452,2023,Palermo,Neuquén,09/11/2021,30,monotributo,546000.0,2.7,51000.0,5,113000.0,si,693.0,1,213000.0,722000.0,1,1121000.0
CL202304226,2023,Central,Tucumán,19/04/2019,38,Rel. Dependencia,,10.0,64000.0,3,103000.0,si,696.0,0,101000.0,288000.0,1,778000.0
CL202303779,2023,Rosario Norte,Tucumán,18/07/2021,47,MT,678000.0,11.9,103000.0,1,359000.0,no,775.0,0,364000.0,1050000.0,0,1728000.0
CL202301303,2023,Canal Digital,Tucumán,30/08/2017,24,s/d,194000.0,2.5,66000.0,4,66.0,si,602.0,2,62000.0,206000.0,0,1515000.0
CL202304506,2023,La Plata,CABA,06/03/2016,31,MT,647000.0,6.2,54000.0,3,118000.0,0,720.0,1,490000.0,886000.0,0,1160000.0
CL202304897,2023,Canal Digital,CABA,2016-10-20,49,monotributo,150000.0,,63000.0,1,38.0,No,635.0,2,111000.0,145000.0,0,544000.0
CL202302608,2023,Rosario Norte,Neuquén,02/01/2017,56,changas,175000.0,,15000.0,2,63000.0,no,695.0,1,123000.0,178000.0,0,440000.0
CL202302055,2023,Rosario Norte,Salta,19/10/2016,39,RD,397000.0,,181000.0,2,94000.0,no,553.0,1,261000.0,784000.0,0,1876000.0
CL202300486,2023,Central,Córdoba,11/20/2017,66,Rel. Dependencia,368000.0,20.5,245000.0,4,102000.0,1,522.0,5,145000.0,784000.0,3,878000.0
CL202305943,2023,Central,Neuquén,2020-09-06,31,MT,687000.0,0.5,153000.0,5,186000.0,No,725.0,1,188000.0,832000.0,1,3157000.0
CL202300582,2023,Rosario Norte,CABA,30/07/2017,18,monotributo,399000.0,4.4,70000.0,2,128000.0,No,592.0,0,376000.0,625000.0,0,1637000.0
CL202304976,2023,Palermo,Santa Fe,25/05/2016,33,monotributo,1246000.0,8.7,197000.0,3,595000.0,S,651.0,1,681000.0,1892000.0,0,7583000.0
CL202300193,2023,Mendoza Sur,Buenos Aires,12/12/2021,55,Relación de Dependencia,,10.9,172000.0,2,287000.0,N,777.0,3,415000.0,1648000.0,0,3622000.0
CL202302164,2023,Mendoza Sur,Santa Fe,06/07/2019,59,monotrib.,425000.0,16.3,240000.0,4,129000.0,1,578.0,4,334000.0,588000.0,0,1894000.0
CL202303781,2023,Microcentro,Santa Fe,04/07/2016,41,Monotributo,321000.0,8.2,71000.0,1,182000.0,N,672.0,0,139000.0,574000.0,0,2054000.0
CL202300641,2023,Rosario Norte,Córdoba,2020-12-31,41,Relación de Dependencia,755000.0,11.9,200000.0,2,279000.0,1,621.0,4,136000.0,770000.0,2,5391000.0
CL202305951,2023,Canal Digital,Córdoba,16/08/2019,43,Relación de Dependencia,9400000.0,12.2,128000.0,4,352.0,no,691.0,0,437000.0,2056000.0,0,4918000.0
CL202303182,2023,Central,Córdoba,02/03/2021,40,MT,,,266000.0,3,110000.0,N,628.0,1,218000.0,676000.0,3,894000.0
CL202304737,2023,La Plata,Tucumán,09/22/2018,38,monotrib.,609000.0,6.9,120000.0,2,189000.0,Sí,706.0,1,293000.0,1020000.0,0,4579000.0
CL202304073,2023,Palermo,Mendoza,03/04/2020,52,Rel. Dependencia,791000.0,14.0,75000.0,3,197000.0,N,707.0,0,614000.0,924000.0,0,1917000.0
CL202306143,2023,Córdoba Shopping,Santa Fe,05/01/2020,45,Monotributo,474000.0,9.9,82000.0,5,52000.0,no,696.0,1,207000.0,922000.0,0,999000.0
CL202302681,2023,Canal Digital,Córdoba,17/04/2021,77,MT,1031000.0,,361000.0,4,447.0,No,675.0,0,698000.0,916000.0,2,2533000.0
CL202305757,2023,Canal Digital,Neuquén,02/28/2019,36,s/d,,4.9,11000.0,3,30.0,N,696.0,0,70000.0,206000.0,1,1229000.0
CL202306759,2023,Mendoza Sur,Tucumán,10/02/2019,25,RD,1382000.0,7.3,261000.0,2,292000.0,N,793.0,0,1000000.0,2712000.0,0,5622000.0
CL202301487,2023,Córdoba Shopping,Neuquén,06/11/2016,61,Rel. Dependencia,487000.0,16.9,256000.0,3,53000.0,Sí,640.0,1,374000.0,525000.0,0,1937000.0
CL202300762,2023,Córdoba Shopping,CABA,06/06/2019,53,s/d,147000.0,11.2,74000.0,5,30000.0,no,559.0,1,166000.0,258000.0,2,889000.0
CL202301716,2023,Central,Santa Fe,2016-09-16,32,relacion de dependencia,,12.8,101000.0,2,242000.0,N,659.0,1,449000.0,1130000.0,1,5337000.0
CL202304895,2023,Córdoba Shopping,CABA,13/05/2018,63,MT,208000.0,,109000.0,4,83000.0,1,584.0,4,79000.0,218000.0,3,334000.0
CL202301756,2023,Central,Buenos Aires,18/05/2019,30,Relación de Dependencia,579000.0,3.0,123000.0,3,95000.0,N,701.0,0,253000.0,792000.0,0,4157000.0
CL202304936,2023,Rosario Norte,Tucumán,04/12/2018,44,Relación de Dependencia,16770000.0,14.1,112000.0,2,373000.0,N,744.0,0,1627000.0,2645000.0,1,8332000.0
CL202303610,2023,Córdoba Shopping,Santa Fe,05/06/2017,33,monotrib.,958000.0,6.4,153000.0,4,5000.0,si,727.0,1,504000.0,1974000.0,0,4289000.0
CL202300555,2023,Mendoza Sur,Salta,2016-09-24,40,changas,162000.0,8.8,50000.0,3,52000.0,1,659.0,0,119000.0,334000.0,0,1247000.0
CL202300401,2023,Microcentro,Neuquén,05/01/2021,58,monotributo,,15.2,239000.0,3,220000.0,S,704.0,0,276000.0,622000.0,0,2024000.0
CL202305957,2023,Córdoba Shopping,Santa Fe,04/14/2019,31,RD,,7.3,74000.0,5,189000.0,0,773.0,0,319000.0,960000.0,0,1602000.0
CL202302570,2023,Palermo,Mendoza,26/04/2020,55,RD,599000.0,21.4,265000.0,2,152000.0,si,571.0,0,156000.0,1230000.0,1,3231000.0
CL202301991,2023,Rosario Norte,Buenos Aires,09/10/2019,27,Rel. Dependencia,1023000.0,4.4,177000.0,7,329000.0,0,783.0,0,432000.0,1437000.0,0,2784000.0
CL202305108,2023,Microcentro,Buenos Aires,2019-04-04,49,RD,701000.0,12.8,23000.0,3,236000.0,No,729.0,2,282000.0,1002000.0,1,5136000.0
CL202305425,2023,Central,Neuquén,22/08/2017,36,RD,1213000.0,6.0,196000.0,1,436000.0,No,721.0,1,428000.0,2515000.0,0,4325000.0
CL202301628,2023,Canal Digital,Santa Fe,2019-11-04,25,Monotributo,382000.0,0.0,108000.0,3,106.0,No,716.0,1,287000.0,451000.0,0,1722000.0
CL202304247,2023,Mendoza Sur,CABA,19/11/2019,47,relacion de dependencia,2188000.0,16.4,250000.0,2,939000.0,no,794.0,0,1098000.0,4439000.0,1,10671000.0
CL202304860,2023,Córdoba Shopping,Neuquén,28/03/2020,60,monotributo,134000.0,,102000.0,1,63000.0,si,576.0,3,85000.0,201000.0,0,313000.0
CL202306522,2023,La Plata,Santa Fe,13/06/2017,57,Monotributo,,12.6,226000.0,6,201000.0,no,746.0,1,454000.0,1932000.0,0,4288000.0
CL202302069,2023,Mendoza Sur,Mendoza,07/04/2021,51,relacion de dependencia,1249000.0,13.2,283000.0,6,383000.0,0,655.0,1,595000.0,2133000.0,0,3899000.0
CL202302949,2023,Canal Digital,Buenos Aires,16/08/2019,26,RD,534000.0,7.5,0.0,4,219.0,no,657.0,1,64000.0,526000.0,0,1114000.0
CL202300697,2023,La Plata,Salta,30/08/2021,26,monotrib.,659000.0,6.6,102000.0,2,325000.0,N,774.0,1,343000.0,1311000.0,0,2423000.0
CL202301683,2023,Central,Neuquén,2021-06-22,48,MT,484000.0,,73000.0,2,126000.0,no,765.0,1,213000.0,1058000.0,2,1637000.0
CL202300023,2023,Mendoza Sur,Neuquén,2021-11-18,64,MT,,18.5,293000.0,2,222000.0,si,593.0,1,310000.0,1292000.0,1,2957000.0
CL202305941,2023,Córdoba Shopping,Córdoba,06/02/2017,42,Monotributo,,6.8,88000.0,2,70000.0,S,593.0,2,104000.0,454000.0,2,1351000.0
CL202305879,2023,Microcentro,Santa Fe,2016-09-16,43,RD,,11.7,219000.0,4,129000.0,1,710.0,0,771000.0,933000.0,0,5011000.0
CL202302081,2023,La Plata,Córdoba,20/10/2016,35,Informal,327000.0,1.5,153000.0,3,123000.0,no,637.0,1,220000.0,504000.0,1,1094000.0
CL202303205,2023,Microcentro,Salta,15/07/2021,32,RD,711000.0,8.8,106000.0,5,271000.0,no,721.0,1,80000.0,1411000.0,0,1392000.0
CL202305637,2023,La Plata,Neuquén,2019-01-28,39,Relación de Dependencia,1728000.0,11.8,203000.0,4,250000.0,N,823.0,0,1012000.0,3034000.0,0,13658000.0
CL202305811,2023,Palermo,Santa Fe,06/10/2020,42,s/d,172000.0,7.1,55000.0,1,39000.0,No,617.0,0,103000.0,143000.0,0,776000.0
CL202304488,2023,Córdoba Shopping,Santa Fe,2018-07-17,24,Rel. Dependencia,,4.2,183000.0,2,137000.0,N,700.0,0,663000.0,1626000.0,0,6125000.0
CL202305218,2023,Central,Mendoza,08/18/2021,58,relacion de dependencia,1242000.0,14.7,336000.0,8,310000.0,no,666.0,0,173000.0,2025000.0,0,1968000.0
CL202302400,2023,Canal Digital,Salta,30/04/2018,47,informal,413000.0,14.1,12000.0,3,142.0,No,640.0,0,247000.0,764000.0,0,2778000.0
CL202304086,2023,Palermo,Córdoba,16/12/2018,50,MT,339000.0,9.4,47000.0,5,57000.0,si,643.0,3,51000.0,741000.0,0,2468000.0
CL202303746,2023,Mendoza Sur,Buenos Aires,22/01/2019,54,Relación de Dependencia,1595000.0,12.3,312000.0,7,615000.0,No,724.0,2,1465000.0,3487000.0,0,5308000.0
CL202304535,2023,Canal Digital,Neuquén,24/11/2016,54,MT,425000.0,12.0,55000.0,3,84.0,no,713.0,0,144000.0,647000.0,0,1151000.0
CL202304392,2023,Palermo,Tucumán,23/11/2017,41,RD,,10.6,305000.0,4,473000.0,0,831.0,0,859000.0,1687000.0,0,13857000.0
CL202306390,2023,Palermo,Santa Fe,09/26/2016,64,monotributo,,19.1,193000.0,4,115000.0,Sí,610.0,4,485000.0,754000.0,0,1505000.0
CL202301443,2023,Córdoba Shopping,CABA,04/10/2020,40,relacion de dependencia,761000.0,7.5,134000.0,2,270000.0,0,660.0,0,192000.0,1463000.0,0,5337000.0
CL202305272,2023,Córdoba Shopping,Tucumán,26/12/2018,52,Relación de Dependencia,381000.0,13.6,41000.0,3,55000.0,N,694.0,0,210000.0,375000.0,0,1348000.0
CL202302688,2023,Central,Tucumán,01/05/2016,55,Rel. Dependencia,496000.0,14.3,147000.0,3,61000.0,no,689.0,1,0.0,1090000.0,0,2868000.0
CL202301131,2023,La Plata,Santa Fe,07/01/2021,41,Rel. Dependencia,1623000.0,12.8,271000.0,3,244000.0,no,765.0,0,1213000.0,3129000.0,0,11709000.0
CL202300454,2023,La Plata,Santa Fe,09/08/2019,33,MT,478000.0,,183000.0,2,136000.0,Sí,626.0,1,164000.0,519000.0,1,2254000.0
CL202300663,2023,Mendoza Sur,Buenos Aires,10/12/2019,38,monotrib.,452000.0,12.5,88000.0,4,152000.0,No,747.0,1,326000.0,798000.0,0,2221000.0
CL202305884,2023,Palermo,Buenos Aires,2019-12-03,50,Rel. Dependencia,611000.0,13.7,89000.0,8,209000.0,No,,0,377000.0,610000.0,0,2730000.0
CL202304461,2023,Palermo,Córdoba,24/12/2020,46,relacion de dependencia,642000.0,17.6,183000.0,4,275000.0,no,575.0,0,103000.0,1126000.0,0,1600000.0
CL202302977,2023,Córdoba Shopping,CABA,2019-03-13,57,monotrib.,399000.0,,62000.0,3,135000.0,Sí,738.0,0,72000.0,412000.0,1,1626000.0
CL202305291,2023,Central,Salta,2018-03-30,69,relacion de dependencia,1043000.0,20.5,225000.0,5,507000.0,S,,1,844000.0,1461000.0,0,2846000.0
CL202300597,2023,Central,Córdoba,07/03/2019,45,RD,,12.8,85000.0,5,248000.0,No,,0,382000.0,598000.0,0,2298000.0
CL202303463,2023,Microcentro,Mendoza,10/31/2020,44,Rel. Dependencia,340000.0,12.0,197000.0,4,94000.0,si,,5,215000.0,396000.0,4,2252000.0
CL202301656,2023,Mendoza Sur,Buenos Aires,24/07/2020,66,Rel. Dependencia,663000.0,20.8,160000.0,5,161000.0,No,726.0,1,196000.0,897000.0,1,5022000.0
CL202305792,2023,Palermo,Tucumán,16/09/2017,55,informal,201000.0,16.2,85000.0,3,94000.0,S,603.0,3,98000.0,289000.0,0,829000.0
CL202303332,2023,Mendoza Sur,Córdoba,02/04/2021,36,monotrib.,510000.0,,113000.0,1,96000.0,N,696.0,1,308000.0,479000.0,0,905000.0
CL202305960,2023,Canal Digital,Santa Fe,11/29/2020,31,Monotributo,,3.3,43000.0,4,53.0,No,659.0,2,81000.0,261000.0,0,668000.0
CL202306655,2023,Microcentro,Buenos Aires,10/10/2017,43,Rel. Dependencia,,13.4,160000.0,5,163000.0,no,708.0,0,432000.0,1621000.0,0,3315000.0
CL202302353,2023,La Plata,Salta,2018-09-06,34,Monotributo,312000.0,6.2,81000.0,3,106000.0,No,705.0,1,304000.0,331000.0,0,819000.0
CL202304697,2023,Córdoba Shopping,Tucumán,05/05/2020,56,RD,628000.0,18.5,139000.0,4,265000.0,N,796.0,1,444000.0,1016000.0,0,1478000.0
CL202304233,2023,La Plata,CABA,01/12/2020,43,Relación de Dependencia,,11.5,198000.0,5,127000.0,si,511.0,1,403000.0,876000.0,2,3264000.0
CL202301034,2023,Rosario Norte,Buenos Aires,18/03/2020,39,monotrib.,528000.0,,57000.0,2,90000.0,1,658.0,1,413000.0,705000.0,0,2906000.0
CL202300438,2023,Palermo,Salta,24/09/2021,33,Rel. Dependencia,372000.0,5.1,205000.0,6,187000.0,Sí,566.0,2,84000.0,671000.0,0,1010000.0
CL202304740,2023,Palermo,Tucumán,22/02/2021,53,monotrib.,347000.0,12.8,145000.0,2,47000.0,No,581.0,2,115000.0,359000.0,1,766000.0
CL202301353,2023,Microcentro,Neuquén,01/07/2021,43,MT,798000.0,10.8,197000.0,4,351000.0,No,662.0,3,229000.0,1032000.0,1,3457000.0
CL202301842,2023,Córdoba Shopping,Neuquén,11/13/2020,59,Monotributo,1017000.0,,185000.0,5,104000.0,N,,0,957000.0,1551000.0,0,2905000.0
CL202306670,2023,Palermo,Santa Fe,20/02/2020,29,informal,230000.0,3.5,22000.0,5,95000.0,N,747.0,1,126000.0,414000.0,0,1727000.0
CL202304403,2023,Córdoba Shopping,Tucumán,03/26/2019,41,monotributo,447000.0,7.2,131000.0,3,163000.0,no,637.0,1,349000.0,369000.0,0,1699000.0
CL202305510,2023,Mendoza Sur,Santa Fe,12/06/2018,40,Relación de Dependencia,1186000.0,12.2,147000.0,2,795000.0,0,717.0,1,745000.0,1637000.0,0,7565000.0
CL202301239,2023,Palermo,Neuquén,25/09/2019,40,RD,844000.0,12.2,229000.0,3,157000.0,Sí,595.0,1,204000.0,730000.0,1,6108000.0
CL202300000,2023,Canal Digital,Neuquén,01/02/2021,56,monotributo,,17.7,20000.0,1,89.0,no,691.0,0,259000.0,629000.0,0,623000.0
CL202304841,2023,Microcentro,Buenos Aires,2019-01-20,45,Relación de Dependencia,739000.0,19.3,120000.0,5,203000.0,N,,1,254000.0,601000.0,0,1142000.0
CL202304060,2023,Córdoba Shopping,Mendoza,2017-08-18,42,Informal,272000.0,11.5,89000.0,2,62000.0,si,603.0,2,198000.0,591000.0,4,745000.0
CL202302421,2023,Córdoba Shopping,Mendoza,09/22/2017,49,informal,270000.0,,119000.0,1,86000.0,N,613.0,1,70000.0,388000.0,1,1644000.0
CL202306450,2023,Palermo,Salta,12/07/2019,59,MT,,16.4,217000.0,2,37000.0,0,664.0,3,17000.0,645000.0,1,2977000.0
CL202302333,2023,Palermo,Santa Fe,2017-08-26,43,relacion de dependencia,409000.0,9.0,217000.0,3,155000.0,si,596.0,2,91000.0,816000.0,1,895000.0
CL202306164,2023,Canal Digital,Tucumán,30/05/2019,28,Monotributo,760000.0,2.9,206000.0,3,201.0,Sí,619.0,1,601000.0,1151000.0,1,5598000.0
CL202305799,2023,Córdoba Shopping,Neuquén,12/26/2017,51,Relación de Dependencia,840000.0,13.8,263000.0,7,275000.0,No,,1,362000.0,1520000.0,1,2821000.0
CL202306482,2023,Microcentro,Tucumán,2017-11-10,23,RD,,7.2,201000.0,5,480000.0,S,772.0,2,574000.0,910000.0,0,5320000.0
CL202301931,2023,Rosario Norte,Tucumán,04/01/2017,29,relacion de dependencia,621000.0,3.3,145000.0,4,211000.0,N,690.0,3,367000.0,1339000.0,0,2863000.0
CL202301139,2023,Canal Digital,Salta,05/04/2021,31,monotrib.,424000.0,,213000.0,2,139.0,S,604.0,0,185000.0,659000.0,0,1704000.0
CL202302152,2023,Córdoba Shopping,Buenos Aires,22/12/2021,34,monotrib.,375000.0,1.4,264000.0,2,102000.0,S,531.0,1,167000.0,717000.0,4,2532000.0
CL202300039,2023,Rosario Norte,Neuquén,10/09/2018,47,relacion de dependencia,224000.0,12.8,49000.0,6,31000.0,No,661.0,1,80000.0,278000.0,1,1433000.0
CL202301350,2023,Mendoza Sur,CABA,16/11/2020,67,monotrib.,476000.0,23.2,88000.0,2,60000.0,1,663.0,1,287000.0,781000.0,1,2466000.0
CL202300373,2023,Microcentro,Córdoba,07/07/2016,68,RD,666000.0,21.4,29000.0,3,191000.0,No,719.0,1,378000.0,700000.0,0,2714000.0
CL202300807,2023,Canal Digital,Córdoba,2019-07-22,37,s/d,238000.0,,49000.0,3,83.0,Sí,721.0,2,0.0,354000.0,0,489000.0
CL202300248,2023,Rosario Norte,Buenos Aires,05/07/2018,36,MT,573000.0,5.4,64000.0,3,246000.0,0,728.0,0,252000.0,1258000.0,1,1893000.0
CL202306747,2023,Canal Digital,Mendoza,07/07/2020,48,Relación de Dependencia,,17.6,158000.0,3,202.0,N,670.0,0,315000.0,1248000.0,0,3232000.0
CL202306650 ,2023,Palermo,Buenos Aires,02/03/2019,67,monotributo,,17.9,42000.0,3,86000.0,No,695.0,1,132000.0,497000.0,0,847000.0
CL202304889,2023,Microcentro,Tucumán,2020-05-14,36,MT,581000.0,,96000.0,3,288000.0,No,730.0,1,128000.0,1040000.0,0,2081000.0
CL202302816,2023,Mendoza Sur,CABA,25/04/2016,20,Informal,267000.0,0.0,118000.0,2,91000.0,1,565.0,0,151000.0,257000.0,1,729000.0
CL202305760,2023,Mendoza Sur,Córdoba,22/03/2020,28,monotrib.,797000.0,6.1,196000.0,3,282000.0,0,696.0,1,466000.0,1357000.0,0,6057000.0
CL202305012,2023,Microcentro,Salta,03/04/2019,30,Rel. Dependencia,1083000.0,,207000.0,7,278000.0,no,771.0,1,916000.0,884000.0,0,2555000.0
CL202302462,2023,Canal Digital,Santa Fe,22/11/2017,39,Relación de Dependencia,,9.2,271000.0,4,368.0,no,,1,734000.0,2170000.0,0,5256000.0
CL202306103,2023,Central,Neuquén,08/12/2016,22,Informal,136000.0,2.1,45000.0,5,48000.0,No,594.0,3,26000.0,145000.0,1,802000.0
CL202304503,2023,Canal Digital,Santa Fe,16/10/2018,37,changas,173000.0,6.8,24000.0,1,56.0,N,,0,32000.0,259000.0,1,601000.0
CL202304900,2023,Central,Tucumán,2017-12-29,29,Rel. Dependencia,836000.0,9.0,69000.0,3,276000.0,No,726.0,0,400000.0,864000.0,0,1990000.0
CL202302446,2023,Córdoba Shopping,CABA,2016-01-06,18,RD,911000.0,,160000.0,8,148000.0,No,629.0,1,776000.0,1766000.0,0,5156000.0
CL202300896,2023,Palermo,CABA,28/03/2020,62,Rel. Dependencia,1227000.0,19.8,298000.0,5,244000.0,N,705.0,2,0.0,2543000.0,0,8099000.0
CL202301458,2023,La Plata,Mendoza,03/07/2017,42,RD,,,109000.0,3,352000.0,1,657.0,1,362000.0,1665000.0,0,5217000.0
CL202304043,2023,Palermo,Santa Fe,07/09/2020,45,monotrib.,278000.0,,110000.0,1,81000.0,Sí,682.0,1,113000.0,341000.0,1,2146000.0
CL202306379,2023,Palermo,Mendoza,06/11/2016,72,relacion de dependencia,761000.0,23.8,127000.0,1,82000.0,0,726.0,0,424000.0,886000.0,1,2036000.0
CL202301801,2023,Mendoza Sur,Santa Fe,14/01/2018,33,relacion de dependencia,1928000.0,6.6,539000.0,5,783000.0,no,750.0,0,1574000.0,3194000.0,0,8375000.0
CL202302881,2023,Rosario Norte,Salta,03/23/2017,58,monotributo,,,115000.0,3,78000.0,0,597.0,3,129000.0,355000.0,2,1912000.0
CL202305947,2023,Central,Santa Fe,03/04/2019,30,monotrib.,277000.0,6.6,123000.0,6,111000.0,Sí,528.0,0,254000.0,248000.0,0,1589000.0
CL202304241,2023,La Plata,Tucumán,24/02/2017,28,monotrib.,285000.0,4.8,42000.0,2,122000.0,0,615.0,1,141000.0,396000.0,0,2131000.0
CL202303208,2023,Rosario Norte,Buenos Aires,19/03/2021,36,informal,146000.0,8.4,58000.0,3,35000.0,1,604.0,0,78000.0,307000.0,0,466000.0
CL202304047,2023,Canal Digital,Buenos Aires,03/08/2020,62,Monotributo,403000.0,19.9,48000.0,6,34.0,0,745.0,2,143000.0,699000.0,0,1440000.0
CL202306744,2023,Palermo,Córdoba,10/09/2021,60,RD,902000.0,19.5,180000.0,5,303000.0,N,672.0,2,816000.0,1041000.0,0,4170000.0
CL202306045,2023,Central,Córdoba,28/11/2019,21,informal,113000.0,3.1,77000.0,6,29000.0,1,533.0,3,78000.0,181000.0,2,840000.0
CL202306657,2023,Canal Digital,Salta,2020-11-10,21,changas,227000.0,,160000.0,3,53.0,No,482.0,4,0.0,183000.0,3,1196000.0
CL202300981,2023,Mendoza Sur,Tucumán,01/04/2020,50,monotributo,,,189000.0,3,187000.0,1,702.0,0,375000.0,1016000.0,0,3718000.0
CL202300519,2023,Palermo,Córdoba,25/08/2016,25,Rel. Dependencia,549000.0,1.6,146000.0,5,140000.0,no,700.0,0,542000.0,1034000.0,0,3903000.0
CL202304391,2023,Córdoba Shopping,Neuquén,19/01/2016,21,Monotributo,326000.0,1.9,186000.0,4,92000.0,Sí,509.0,1,50000.0,424000.0,0,1563000.0
CL202304692,2023,La Plata,Buenos Aires,20/04/2020,44,changas,120000.0,,19000.0,4,42000.0,No,786.0,1,62000.0,247000.0,0,434000.0
CL202304633,2023,Córdoba Shopping,Córdoba,05/07/2019,24,Relación de Dependencia,1343000.0,3.9,378000.0,2,439000.0,no,735.0,0,920000.0,2889000.0,1,3662000.0
CL202302986,2023,Rosario Norte,Neuquén,16/05/2021,34,monotributo,1229000.0,7.2,415000.0,3,122000.0,0,689.0,1,1003000.0,1798000.0,0,9506000.0
CL202303389,2023,Córdoba Shopping,Neuquén,2016-01-31,29,RD,905000.0,3.1,358000.0,3,264000.0,No,599.0,0,683000.0,1881000.0,2,4190000.0
CL202306543,2023,Central,CABA,08/03/2020,66,MT,715000.0,18.7,138000.0,3,86000.0,no,680.0,2,552000.0,1509000.0,3,1992000.0
CL202301916,2023,Palermo,Santa Fe,2021-04-12,65,monotributo,142000.0,16.2,29000.0,4,40000.0,No,720.0,1,64000.0,158000.0,0,479000.0
CL202306017,2023,La Plata,Buenos Aires,03/09/2020,44,changas,417000.0,,81000.0,3,109000.0,no,679.0,0,15000.0,760000.0,0,2140000.0
CL202301932,2023,Córdoba Shopping,Salta,2021-07-09,33,Rel. Dependencia,952000.0,7.0,8000.0,4,408000.0,no,,0,185000.0,768000.0,0,3183000.0
CL202302442,2023,Canal Digital,CABA,02/16/2021,54,Relación de Dependencia,748000.0,19.3,21000.0,4,242.0,no,665.0,2,426000.0,1201000.0,0,1779000.0
CL202302100,2023,Mendoza Sur,Santa Fe,20/12/2017,24,Rel. Dependencia,569000.0,5.4,223000.0,5,181000.0,N,581.0,1,334000.0,1122000.0,1,880000.0
CL202304222,2023,Canal Digital,Buenos Aires,26/12/2019,26,changas,241000.0,2.6,62000.0,3,40.0,S,578.0,0,75000.0,267000.0,0,1001000.0
CL202301865,2023,Palermo,Santa Fe,22/09/2016,55,Rel. Dependencia,,16.2,232000.0,3,559000.0,0,,0,710000.0,2821000.0,1,3163000.0
CL202301143,2023,Canal Digital,CABA,25/03/2017,50,MT,317000.0,9.9,84000.0,4,86.0,0,618.0,1,130000.0,475000.0,0,1001000.0
CL202305633,2023,Mendoza Sur,Buenos Aires,06/09/2020,38,Monotributo,352000.0,,39000.0,4,81000.0,No,721.0,2,232000.0,483000.0,1,2467000.0
CL202303547,2023,Mendoza Sur,Mendoza,2017-01-19,57,Relación de Dependencia,387000.0,20.4,59000.0,6,27000.0,1,669.0,1,399000.0,535000.0,0,1777000.0
CL202305741,2023,Central,Mendoza,12/05/2020,51,MT,428000.0,13.6,53000.0,4,180000.0,Sí,691.0,1,273000.0,627000.0,0,1813000.0
CL202306560,2023,Palermo,CABA,19/05/2021,58,RD,,,237000.0,5,184000.0,1,606.0,1,226000.0,680000.0,2,4065000.0
CL202301940,2023,Mendoza Sur,Tucumán,10/26/2021,29,s/d,,6.5,134000.0,4,43000.0,Sí,489.0,6,58000.0,252000.0,3,1014000.0
CL202301872,2023,Central,Mendoza,03/08/2020,78,Relación de Dependencia,489000.0,,147000.0,4,198000.0,Sí,582.0,2,183000.0,515000.0,0,3004000.0
CL202302501,2023,Canal Digital,Santa Fe,27/07/2021,22,changas,1210000.0,8.7,46000.0,3,11.0,0,620.0,1,0.0,213000.0,1,920000.0
CL202301507,2023,Microcentro,Buenos Aires,22/06/2016,40,RD,697000.0,11.6,121000.0,3,179000.0,no,654.0,0,389000.0,1503000.0,0,4765000.0
CL202301840,2023,La Plata,Neuquén,2021-10-10,46,Relación de Dependencia,629000.0,12.8,91000.0,3,310000.0,N,747.0,0,137000.0,645000.0,0,2171000.0
CL202303109,2023,Canal Digital,Córdoba,07/02/2020,48,RD,,15.0,37000.0,3,203.0,N,679.0,1,488000.0,1251000.0,0,1549000.0
CL202302252,2023,Palermo,Tucumán,30/10/2017,49,RD,354000.0,16.6,149000.0,4,172000.0,Sí,540.0,0,291000.0,456000.0,0,1099000.0
CL202305874,2023,Canal Digital,Mendoza,16/01/2018,63,monotrib.,505000.0,16.1,35000.0,4,161.0,No,781.0,0,198000.0,819000.0,1,1782000.0
CL202304601,2023,Palermo,Buenos Aires,09/12/2018,44,informal,332000.0,12.2,128000.0,4,100000.0,N,657.0,0,282000.0,361000.0,0,1112000.0
CL202304462,2023,La Plata,Córdoba,26/09/2017,34,MT,,,52000.0,5,112000.0,N,681.0,2,175000.0,329000.0,0,1693000.0
CL202302140,2023,Palermo,CABA,16/10/2018,43,s/d,156000.0,11.1,50000.0,2,40000.0,0,,1,109000.0,185000.0,0,517000.0
CL202303342,2023,Córdoba Shopping,CABA,2019-06-02,43,monotributo,685000.0,9.2,302000.0,1,175000.0,S,,2,500000.0,1124000.0,2,2805000.0
CL202303992,2023,Microcentro,Córdoba,2021-12-11,44,relacion de dependencia,817000.0,15.6,230000.0,3,213000.0,S,618.0,1,0.0,1012000.0,1,1802000.0
CL202304196,2023,Central,Santa Fe,2017-07-23,42,monotributo,580000.0,7.5,105000.0,6,177000.0,no,,4,349000.0,473000.0,0,1942000.0
CL202300623,2023,Canal Digital,Tucumán,04/02/2019,54,monotributo,,12.7,81000.0,1,229.0,no,745.0,0,274000.0,1323000.0,0,3048000.0
CL202305148,2023,Palermo,Salta,09/24/2020,51,RD,1020000.0,,190000.0,3,264000.0,0,749.0,0,849000.0,2066000.0,3,5007000.0
CL202301960,2023,Microcentro,Buenos Aires,15/07/2016,42,monotrib.,310000.0,6.6,133000.0,4,101000.0,S,688.0,0,174000.0,261000.0,0,1734000.0
CL202301602,2023,Palermo,Salta,09/05/2017,32,Monotributo,785000.0,7.8,196000.0,2,277000.0,Sí,653.0,2,4000.0,1195000.0,0,3041000.0
CL202305680,2023,Rosario Norte,Córdoba,2018-05-25,60,monotrib.,349000.0,,113000.0,3,59000.0,si,666.0,0,0.0,609000.0,1,2308000.0
CL202305213,2023,Córdoba Shopping,Salta,27/12/2018,55,Relación de Dependencia,1382000.0,14.2,487000.0,8,171000.0,N,642.0,1,961000.0,1355000.0,2,5780000.0
CL202302369,2023,Microcentro,CABA,23/08/2021,35,MT,984000.0,6.0,265000.0,4,212000.0,S,638.0,0,322000.0,948000.0,0,1630000.0
CL202300657,2023,Córdoba Shopping,Neuquén,22/09/2021,30,relacion de dependencia,,2.4,51000.0,4,131000.0,No,829.0,2,785000.0,2909000.0,1,2746000.0
CL202300980,2023,La Plata,Tucumán,2016-12-25,52,RD,1045000.0,10.6,155000.0,3,256000.0,0,682.0,0,566000.0,1112000.0,0,5692000.0
CL202303457,2023,Canal Digital,Neuquén,24/06/2016,32,Relación de Dependencia,,4.0,93000.0,5,91.0,No,710.0,2,162000.0,763000.0,1,3393000.0
CL202304921,2023,Microcentro,Mendoza,03/03/2021,30,relacion de dependencia,781000.0,9.0,214000.0,4,221000.0,No,755.0,0,701000.0,1473000.0,1,3627000.0
CL202306550,2023,Rosario Norte,Salta,2021-03-14,43,relacion de dependencia,1451000.0,,198000.0,4,360000.0,N,729.0,0,1196000.0,2644000.0,1,6170000.0
CL202306126,2023,Central,Neuquén,11/12/2018,52,Monotributo,234000.0,,29000.0,3,108000.0,N,643.0,1,148000.0,207000.0,0,723000.0
CL202303237,2023,Palermo,Mendoza,2020-05-25,59,RD,732000.0,,41000.0,3,217000.0,0,711.0,0,455000.0,608000.0,0,2822000.0
CL202301275,2023,Córdoba Shopping,Tucumán,02/05/2021,25,monotrib.,316000.0,4.2,137000.0,3,33000.0,no,634.0,2,192000.0,573000.0,0,1110000.0
CL202306466,2023,Canal Digital,Mendoza,02/20/2018,40,Informal,95000.0,2.9,49000.0,3,45.0,1,589.0,2,46000.0,77000.0,1,720000.0
CL202301977,2023,Rosario Norte,Salta,2018-06-07,27,Relación de Dependencia,710000.0,2.6,239000.0,3,149000.0,0,628.0,1,440000.0,746000.0,1,1766000.0
CL202300493,2023,Microcentro,CABA,27/06/2020,55,monotrib.,407000.0,9.8,80000.0,1,84000.0,No,666.0,2,269000.0,374000.0,0,1898000.0
CL202304442,2023,Microcentro,Mendoza,11/29/2017,42,Rel. Dependencia,,11.7,133000.0,3,402000.0,si,606.0,2,590000.0,1723000.0,0,3649000.0
CL202301545,2023,Rosario Norte,Salta,2020-09-09,29,monotrib.,671000.0,,143000.0,5,348000.0,no,637.0,2,172000.0,626000.0,0,1058000.0
CL202303630,2023,La Plata,Salta,11/12/2020,36,RD,1312000.0,9.6,293000.0,3,384000.0,no,665.0,1,961000.0,1701000.0,0,8439000.0
CL202302707,2023,La Plata,CABA,10/06/2021,35,Rel. Dependencia,784000.0,11.0,138000.0,6,211000.0,no,692.0,0,589000.0,1410000.0,0,6143000.0
CL202301474,2023,Microcentro,Salta,31/10/2018,58,monotributo,174000.0,10.0,133000.0,4,34000.0,si,538.0,4,108000.0,194000.0,2,855000.0
CL202306188,2023,Palermo,Tucumán,20/05/2017,44,relacion de dependencia,976000.0,11.3,78000.0,6,271000.0,si,,0,719000.0,1292000.0,1,4019000.0
CL202305265,2023,La Plata,Buenos Aires,27/12/2016,51,RD,,17.4,169000.0,2,533000.0,0,645.0,1,1203000.0,1699000.0,1,7252000.0
CL202305562,2023,Canal Digital,Neuquén,10/18/2017,43,changas,149000.0,4.0,106000.0,5,89.0,si,,3,77000.0,265000.0,1,231000.0
CL202300522,2023,Central,Neuquén,14/12/2019,26,relacion de dependencia,1449000.0,5.3,304000.0,3,445000.0,No,627.0,1,719000.0,3053000.0,1,6429000.0
CL202305384,2023,La Plata,Santa Fe,29/05/2021,45,monotributo,334000.0,10.1,40000.0,2,113000.0,Sí,749.0,1,271000.0,633000.0,0,549000.0
CL202303155,2023,Central,Tucumán,2016-10-18,43,Rel. Dependencia,726000.0,12.9,112000.0,3,208000.0,0,695.0,3,307000.0,1502000.0,0,1189000.0
CL202303935,2023,Canal Digital,CABA,16/11/2016,18,RD,1013000.0,3.2,78000.0,3,427.0,1,736.0,1,458000.0,902000.0,0,6704000.0
CL202303443,2023,La Plata,Neuquén,07/09/2017,41,Relación de Dependencia,803000.0,6.5,171000.0,4,94000.0,1,,0,827000.0,964000.0,0,3160000.0
CL202300529,2023,La Plata,Neuquén,20/11/2016,42,monotributo,,10.8,157000.0,2,113000.0,no,573.0,2,232000.0,661000.0,0,640000.0
CL202301547,2023,Central,Santa Fe,04/08/2021,24,Informal,203000.0,2.6,1000.0,2,31000.0,0,784.0,2,154000.0,354000.0,0,859000.0
CL202300405,2023,Mendoza Sur,CABA,05/09/2019,44,Informal,404000.0,12.2,117000.0,2,82000.0,Sí,641.0,2,275000.0,424000.0,0,734000.0
CL202302554,2023,Mendoza Sur,CABA,03/07/2020,44,Monotributo,,12.6,147000.0,2,268000.0,N,770.0,0,490000.0,819000.0,0,6744000.0
CL202303426,2023,Palermo,Buenos Aires,07/28/2016,18,Relación de Dependencia,357000.0,,142000.0,5,62000.0,No,594.0,3,81000.0,488000.0,2,1569000.0
CL202300309,2023,Canal Digital,Santa Fe,15/04/2021,35,RD,932000.0,7.8,178000.0,4,250.0,0,741.0,0,743000.0,1829000.0,0,5876000.0
CL202304450,2023,Mendoza Sur,Tucumán,23/05/2020,50,RD,697000.0,16.6,192000.0,4,141000.0,No,,0,565000.0,866000.0,0,2705000.0
CL202306445,2023,Microcentro,Salta,12/04/2016,18,Rel. Dependencia,935000.0,4.6,116000.0,3,299000.0,no,779.0,0,482000.0,1131000.0,1,4806000.0
CL202306517,2023,Canal Digital,Tucumán,14/05/2019,62,RD,1259000.0,20.2,78000.0,3,419.0,No,751.0,1,1103000.0,1452000.0,0,4789000.0
CL202306526,2023,Palermo,Neuquén,2020-05-19,54,Monotributo,,10.0,77000.0,2,85000.0,Sí,667.0,0,225000.0,238000.0,0,1091000.0
CL202300528,2023,Palermo,Neuquén,10/18/2016,57,relacion de dependencia,349000.0,17.7,61000.0,8,57000.0,1,601.0,2,67000.0,558000.0,0,1000000.0
CL202305140,2023,Microcentro,Tucumán,04/06/2021,58,monotrib.,,13.5,32000.0,2,56000.0,1,686.0,1,180000.0,324000.0,0,2191000.0
CL202306155,2023,Canal Digital,CABA,2019-02-24,36,RD,,8.9,134000.0,6,306.0,N,589.0,2,313000.0,871000.0,0,4549000.0
CL202306528,2023,Microcentro,Salta,2021-01-18,24,Relación de Dependencia,552000.0,3.7,145000.0,4,77000.0,No,662.0,0,394000.0,678000.0,2,3133000.0
CL202302218,2023,Microcentro,Neuquén,03/02/2017,28,changas,,3.2,124000.0,2,62000.0,1,533.0,1,30000.0,271000.0,0,924000.0
CL202301967,2023,Mendoza Sur,Mendoza,16/01/2017,40,RD,519000.0,11.4,79000.0,4,89000.0,No,720.0,1,227000.0,787000.0,1,3756000.0
CL202300379,2023,Palermo,Santa Fe,2017-01-28,35,relacion de dependencia,697000.0,13.6,231000.0,4,305000.0,N,574.0,0,220000.0,1413000.0,0,1948000.0
CL202306334,2023,Rosario Norte,CABA,27/04/2018,65,Informal,391000.0,17.9,126000.0,3,130000.0,Sí,709.0,3,211000.0,319000.0,1,1517000.0
CL202306768,2023,Mendoza Sur,Córdoba,2018-09-03,18,Rel. Dependencia,428000.0,1.4,109000.0,2,70000.0,N,742.0,0,156000.0,589000.0,2,1185000.0
CL202304752,2023,Canal Digital,Santa Fe,11/09/2018,19,monotrib.,,3.4,113000.0,2,143.0,0,,3,83000.0,842000.0,0,1890000.0
CL202304069,2023,Rosario Norte,Santa Fe,19/07/2019,47,RD,603000.0,14.2,133000.0,3,181000.0,N,618.0,2,557000.0,549000.0,1,2915000.0
CL202306658,2023,Palermo,CABA,2018-12-05,42,informal,,5.3,52000.0,2,81000.0,0,637.0,1,96000.0,271000.0,0,1265000.0
CL202304459,2023,Central,Tucumán,28/08/2018,35,relacion de dependencia,431000.0,9.7,140000.0,7,220000.0,N,681.0,1,276000.0,856000.0,2,2499000.0
CL202300546,2023,Microcentro,Neuquén,07/07/2021,31,s/d,141000.0,4.9,82000.0,3,32000.0,Sí,550.0,2,31000.0,152000.0,2,298000.0
CL202304273,2023,Microcentro,Neuquén,2019-11-23,36,Rel. Dependencia,920000.0,6.7,239000.0,3,196000.0,Sí,628.0,4,480000.0,943000.0,1,6381000.0
CL202302383,2023,Córdoba Shopping,Buenos Aires,2019-06-19,20,Relación de Dependencia,,5.3,177000.0,5,224000.0,No,687.0,0,451000.0,1370000.0,0,5200000.0
CL202306033,2023,La Plata,Santa Fe,06/27/2016,18,changas,251000.0,0.0,59000.0,1,25000.0,No,,2,163000.0,499000.0,0,898000.0
CL202301370,2023,Córdoba Shopping,Santa Fe,11/29/2020,36,Rel. Dependencia,1134000.0,9.6,143000.0,6,324000.0,no,704.0,1,0.0,1034000.0,0,3412000.0
CL202305559,2023,Palermo,Córdoba,13/04/2018,44,informal,197000.0,9.3,84000.0,4,79000.0,si,579.0,1,125000.0,208000.0,0,1475000.0
CL202303974,2023,Microcentro,Salta,29/01/2019,45,Informal,377000.0,9.5,143000.0,4,23000.0,Sí,570.0,3,130000.0,313000.0,0,598000.0
CL202304030,2023,Rosario Norte,Córdoba,29/01/2021,49,relacion de dependencia,,20.0,317000.0,2,358000.0,No,651.0,2,516000.0,1717000.0,0,5964000.0
CL202300186,2023,Central,Santa Fe,08/07/2016,37,Relación de Dependencia,744000.0,11.8,109000.0,4,148000.0,no,,1,354000.0,1510000.0,0,5853000.0
CL202303818,2023,Mendoza Sur,Mendoza,20/05/2018,18,MT,,0.5,279000.0,5,155000.0,si,572.0,1,531000.0,608000.0,0,4294000.0
CL202303050,2023,Microcentro,CABA,12/09/2020,28,monotrib.,144000.0,,40000.0,2,66000.0,no,635.0,1,83000.0,176000.0,1,832000.0
CL202302763,2023,Mendoza Sur,Mendoza,01/09/2018,32,relacion de dependencia,730000.0,7.2,266000.0,3,257000.0,No,660.0,0,97000.0,919000.0,1,3068000.0
CL202301462,2023,Rosario Norte,Buenos Aires,10/01/2017,45,relacion de dependencia,372000.0,9.3,135000.0,4,125000.0,Sí,674.0,0,242000.0,628000.0,1,2493000.0
CL202304651,2023,Mendoza Sur,Salta,05/22/2017,35,Rel. Dependencia,,8.0,72000.0,5,110000.0,No,672.0,1,325000.0,858000.0,0,2515000.0
CL202306176,2023,Mendoza Sur,CABA,30/10/2019,36,changas,,3.0,98000.0,2,134000.0,No,731.0,2,138000.0,329000.0,0,1235000.0
CL202304905,2023,Canal Digital,Córdoba,2021-08-30,36,relacion de dependencia,977000.0,6.3,336000.0,2,234.0,S,674.0,1,367000.0,1695000.0,0,6221000.0
CL202300790,2023,Mendoza Sur,Tucumán,2016-03-24,45,monotrib.,237000.0,,141000.0,2,82000.0,si,532.0,2,208000.0,419000.0,1,1410000.0
CL202302835,2023,Palermo,Santa Fe,04/09/2020,36,relacion de dependencia,,7.7,183000.0,4,127000.0,1,,0,330000.0,654000.0,0,1659000.0
CL202302322,2023,La Plata,Neuquén,10/02/2017,53,RD,550000.0,13.4,108000.0,4,242000.0,0,673.0,0,126000.0,1033000.0,1,3510000.0
CL202303449,2023,Rosario Norte,Tucumán,16/01/2016,50,Informal,247000.0,,48000.0,2,86000.0,0,730.0,1,142000.0,410000.0,0,558000.0
CL202306599,2023,Rosario Norte,CABA,2016-04-27,37,relacion de dependencia,1387000.0,11.0,199000.0,4,513000.0,No,,0,243000.0,2726000.0,0,2341000.0
CL202302651,2023,Microcentro,Salta,13/10/2016,31,Rel. Dependencia,1106000.0,7.1,132000.0,6,633000.0,si,663.0,0,783000.0,1298000.0,0,1988000.0
CL202306000,2023,Mendoza Sur,Buenos Aires,01/07/2016,32,Monotributo,634000.0,5.5,92000.0,3,278000.0,N,642.0,0,472000.0,655000.0,3,2534000.0
CL202305544,2023,Canal Digital,Mendoza,2017-05-19,25,relacion de dependencia,1220000.0,8.8,188000.0,3,183.0,No,705.0,0,652000.0,1995000.0,1,3879000.0
CL202300852,2023,Córdoba Shopping,Neuquén,08/31/2018,55,Relación de Dependencia,997000.0,14.4,129000.0,4,335000.0,Sí,657.0,2,696000.0,1935000.0,1,2141000.0
CL202304299,2023,Microcentro,Neuquén,2020-08-28,42,monotributo,402000.0,14.1,168000.0,4,119000.0,1,589.0,0,77000.0,750000.0,0,658000.0
CL202302021,2023,Microcentro,CABA,13/05/2018,32,monotrib.,764000.0,4.8,169000.0,3,179000.0,0,,0,456000.0,1179000.0,0,3352000.0
CL202302809,2023,Canal Digital,Buenos Aires,2019-06-19,73,Rel. Dependencia,,20.4,362000.0,5,348.0,Sí,602.0,4,412000.0,1062000.0,1,4708000.0
CL202306004,2023,Rosario Norte,Tucumán,14/12/2019,47,changas,102000.0,5.0,65000.0,2,44000.0,Sí,525.0,3,24000.0,87000.0,1,293000.0
CL202301843,2023,Microcentro,Salta,2019-01-11,18,RD,1204000.0,,109000.0,4,464000.0,Sí,713.0,1,1077000.0,1963000.0,1,4742000.0
CL202305813,2023,La Plata,Córdoba,18/05/2019,59,RD,,18.4,70000.0,3,53000.0,N,693.0,1,207000.0,1384000.0,0,3502000.0
CL202304178,2023,Microcentro,CABA,18/04/2018,25,MT,285000.0,,82000.0,7,66000.0,1,673.0,2,210000.0,555000.0,1,458000.0
CL202304807,2023,Palermo,Tucumán,09/11/2021,50,changas,221000.0,14.4,77000.0,2,33000.0,N,691.0,2,171000.0,424000.0,1,1210000.0
CL202301217,2023,Córdoba Shopping,Neuquén,2017-01-14,43,Rel. Dependencia,,7.7,296000.0,5,256000.0,N,602.0,0,156000.0,907000.0,1,1703000.0
CL202304293,2023,Central,Neuquén,27/05/2018,33,Rel. Dependencia,1156000.0,10.6,318000.0,1,370000.0,0,722.0,0,384000.0,2182000.0,0,8987000.0
CL202300597 ,2023,Central,Córdoba,07/03/2019,45,RD,,12.8,85000.0,5,248000.0,No,,0,382000.0,598000.0,0,2298000.0
CL202302978,2023,Palermo,Salta,28/03/2019,50,monotrib.,909000.0,,163000.0,4,219000.0,0,833.0,2,908000.0,889000.0,0,5434000.0
CL202303519,2023,Córdoba Shopping,Santa Fe,2018-03-27,49,MT,558000.0,,251000.0,4,148000.0,1,672.0,2,500000.0,1066000.0,1,2769000.0
CL202301331,2023,Microcentro,Neuquén,06/19/2019,63,s/d,210000.0,,98000.0,4,62000.0,S,567.0,2,7000.0,236000.0,1,1179000.0
CL202305763,2023,Rosario Norte,CABA,27/01/2019,44,Rel. Dependencia,848000.0,7.9,250000.0,6,341000.0,N,684.0,2,506000.0,1711000.0,0,5141000.0
CL202302134,2023,Microcentro,Salta,30/12/2018,40,Relación de Dependencia,1395000.0,5.0,282000.0,4,353000.0,No,802.0,0,718000.0,2186000.0,1,5266000.0
CL202303653,2023,Canal Digital,Córdoba,01/01/2020,30,Relación de Dependencia,1041000.0,6.3,246000.0,7,448.0,no,670.0,0,434000.0,1659000.0,0,5461000.0
CL202303530,2023,Central,CABA,26/10/2016,47,relacion de dependencia,673000.0,11.7,314000.0,5,118000.0,0,582.0,3,245000.0,1298000.0,2,2734000.0
CL202304036,2023,Rosario Norte,Mendoza,06/10/2019,56,relacion de dependencia,,13.1,172000.0,2,248000.0,No,735.0,0,621000.0,709000.0,0,2295000.0
CL202301614,2023,Canal Digital,Mendoza,17/09/2018,32,Relación de Dependencia,,6.1,250000.0,6,101.0,si,630.0,1,444000.0,1049000.0,0,7796000.0
CL202302735,2023,Córdoba Shopping,Tucumán,10/14/2018,46,Informal,589000.0,12.0,56000.0,4,194000.0,No,796.0,0,255000.0,709000.0,0,961000.0
CL202302486,2023,La Plata,Mendoza,2017-01-29,36,Informal,,4.6,42000.0,2,65000.0,N,619.0,1,169000.0,479000.0,1,1461000.0
CL202303366,2023,Central,CABA,30/10/2018,27,Informal,237000.0,3.9,109000.0,2,98000.0,N,625.0,0,158000.0,223000.0,0,720000.0
CL202301863,2023,Central,CABA,13/11/2017,39,MT,595000.0,7.1,110000.0,4,242000.0,N,645.0,0,300000.0,1305000.0,0,1182000.0
CL202304681,2023,La Plata,Salta,15/01/2019,44,Informal,273000.0,4.8,95000.0,4,59000.0,si,607.0,0,0.0,454000.0,1,1177000.0
CL202300149,2023,Mendoza Sur,Neuquén,18/02/2021,26,Relación de Dependencia,781000.0,7.3,136000.0,8,256000.0,1,,1,417000.0,784000.0,0,2025000.0
CL202304248,2023,Palermo,Salta,03/02/2020,18,monotributo,745000.0,2.4,58000.0,2,171000.0,no,662.0,2,274000.0,1342000.0,2,4789000.0
CL202303276,2023,Microcentro,Tucumán,04/05/2016,35,Relación de Dependencia,,8.0,421000.0,5,350000.0,Sí,597.0,0,317000.0,2065000.0,1,1550000.0
CL202305159,2023,Mendoza Sur,Mendoza,2017-07-20,28,RD,,2.4,815000.0,5,545000.0,no,627.0,0,1136000.0,4058000.0,0,11329000.0
CL202303674,2023,Central,Mendoza,15/09/2016,55,Rel. Dependencia,710000.0,16.3,128000.0,4,166000.0,N,850.0,0,113000.0,1339000.0,0,3532000.0
CL202301852,2023,Palermo,Buenos Aires,25/07/2018,41,monotrib.,,8.0,223000.0,6,108000.0,S,607.0,3,77000.0,721000.0,1,3888000.0
CL202301911,2023,Microcentro,Tucumán,10/07/2017,33,MT,134000.0,2.7,79000.0,4,38000.0,Sí,505.0,2,59000.0,195000.0,1,598000.0
CL202303254,2023,Palermo,Buenos Aires,07/04/2018,27,Monotributo,393000.0,,135000.0,3,167000.0,si,612.0,2,277000.0,611000.0,0,2335000.0
CL202306664,2023,Palermo,Santa Fe,12/11/2019,62,Relación de Dependencia,833000.0,18.2,130000.0,2,262000.0,0,679.0,0,758000.0,1134000.0,0,2004000.0
CL202304557,2023,Rosario Norte,Santa Fe,28/07/2018,52,Relación de Dependencia,1090000.0,15.9,174000.0,5,118000.0,0,782.0,1,913000.0,947000.0,1,4120000.0
CL202305767,2023,Mendoza Sur,Mendoza,08/09/2020,35,s/d,434000.0,,75000.0,1,42000.0,S,695.0,0,277000.0,750000.0,0,1083000.0
CL202305798,2023,Rosario Norte,Neuquén,08/09/2016,56,s/d,177000.0,12.8,85000.0,4,23000.0,N,644.0,1,116000.0,223000.0,0,553000.0
CL202301037,2023,Córdoba Shopping,Neuquén,13/03/2016,50,changas,182000.0,,83000.0,6,38000.0,S,549.0,2,63000.0,372000.0,0,1151000.0
CL202305543,2023,Mendoza Sur,Salta,12/11/2019,33,RD,1052000.0,4.4,142000.0,2,231000.0,no,713.0,0,614000.0,1200000.0,0,8261000.0
CL202301446,2023,Rosario Norte,Buenos Aires,2016-04-05,29,monotributo,628000.0,8.2,90000.0,2,225000.0,No,672.0,0,549000.0,790000.0,0,3948000.0
CL202305946,2023,La Plata,CABA,29/01/2018,42,Monotributo,526000.0,,194000.0,3,219000.0,no,615.0,0,1000.0,1101000.0,0,3872000.0
CL202305953,2023,Palermo,Buenos Aires,08/10/2017,40,MT,235000.0,4.0,50000.0,3,55000.0,No,691.0,2,219000.0,495000.0,0,820000.0
CL202303916,2023,Microcentro,Neuquén,22/08/2021,57,Rel. Dependencia,651000.0,18.0,150000.0,4,148000.0,No,688.0,0,442000.0,1105000.0,0,4354000.0
CL202304573,2023,Canal Digital,Neuquén,06/07/2018,42,MT,441000.0,,62000.0,1,73.0,0,691.0,0,320000.0,411000.0,0,3143000.0
CL202305873,2023,Canal Digital,Mendoza,2019-09-03,25,relacion de dependencia,,3.9,146000.0,7,99.0,si,652.0,0,427000.0,1104000.0,1,4300000.0
CL202305315,2023,Mendoza Sur,Córdoba,07/04/2016,40,Monotributo,,6.7,35000.0,3,5000.0,S,642.0,1,181000.0,315000.0,0,1775000.0
CL202303197,2023,Mendoza Sur,Tucumán,2019-05-26,63,Relación de Dependencia,785000.0,17.4,70000.0,4,180000.0,N,651.0,0,26000.0,1143000.0,1,4170000.0
CL202303619,2023,La Plata,Buenos Aires,17/09/2020,37,RD,700000.0,9.8,74000.0,5,234000.0,No,763.0,0,486000.0,794000.0,1,5581000.0
CL202306767,2023,Palermo,CABA,18/01/2017,35,Relación de Dependencia,635000.0,8.3,125000.0,4,180000.0,N,686.0,3,608000.0,1359000.0,1,2394000.0
CL202301722,2023,La Plata,Santa Fe,2020-08-26,42,MT,487000.0,7.9,87000.0,3,140000.0,si,739.0,0,481000.0,678000.0,0,945000.0
CL202303876,2023,Mendoza Sur,CABA,27/04/2018,60,Relación de Dependencia,,19.1,29000.0,3,374000.0,1,693.0,1,507000.0,1628000.0,2,8438000.0
CL202306743,2023,Córdoba Shopping,Tucumán,02/11/2021,37,monotributo,,,141000.0,3,164000.0,Sí,595.0,3,315000.0,712000.0,1,2809000.0
CL202301631,2023,Córdoba Shopping,Córdoba,15/12/2021,42,Monotributo,,6.7,134000.0,3,74000.0,No,624.0,0,178000.0,664000.0,1,1004000.0
CL202301862,2023,Microcentro,Córdoba,18/11/2021,64,Informal,,15.2,21000.0,1,90000.0,1,694.0,0,168000.0,636000.0,0,945000.0
CL202304903,2023,Mendoza Sur,Mendoza,24/08/2017,43,monotrib.,526000.0,9.5,66000.0,5,192000.0,N,624.0,0,301000.0,544000.0,0,2609000.0
CL202305550,2023,Rosario Norte,Salta,19/09/2017,32,changas,144000.0,1.2,41000.0,5,66000.0,1,652.0,1,100000.0,181000.0,1,421000.0
CL202300994,2023,Mendoza Sur,Mendoza,09/01/2016,46,Relación de Dependencia,1531000.0,15.9,250000.0,6,433000.0,No,798.0,1,897000.0,1264000.0,0,10180000.0
CL202300016,2023,Microcentro,CABA,2016-09-25,18,Relación de Dependencia,737000.0,4.4,175000.0,2,194000.0,No,664.0,0,579000.0,1022000.0,0,5294000.0
CL202300924,2023,Córdoba Shopping,Mendoza,21/03/2018,43,Relación de Dependencia,576000.0,9.1,218000.0,1,195000.0,Sí,571.0,1,387000.0,1140000.0,0,4170000.0
CL202304149,2023,Microcentro,Santa Fe,11/07/2018,51,MT,935000.0,11.7,224000.0,5,104000.0,no,761.0,0,378000.0,805000.0,0,3029000.0
CL202306345,2023,La Plata,Buenos Aires,09/10/2017,53,MT,561000.0,,161000.0,2,167000.0,N,614.0,3,187000.0,866000.0,0,3115000.0
CL202302028,2023,Córdoba Shopping,Tucumán,13/11/2020,29,informal,182000.0,,41000.0,2,13000.0,no,631.0,0,133000.0,400000.0,0,487000.0
CL202305313,2023,Microcentro,Santa Fe,2018-05-11,38,monotributo,428000.0,11.4,260000.0,2,83000.0,Sí,530.0,3,464000.0,358000.0,0,938000.0
CL202305337,2023,Rosario Norte,Tucumán,12/06/2018,49,relacion de dependencia,,20.9,36000.0,2,283000.0,0,678.0,0,615000.0,1464000.0,0,5342000.0
CL202301451,2023,Canal Digital,Santa Fe,28/11/2020,36,s/d,115000.0,6.1,87000.0,1,33.0,1,441.0,6,40000.0,157000.0,2,364000.0
CL202304321,2023,Mendoza Sur,Salta,07/09/2020,44,Informal,168000.0,9.3,42000.0,3,5000.0,0,736.0,1,117000.0,236000.0,0,1049000.0
CL202303529,2023,Palermo,Mendoza,10/11/2021,44,RD,655000.0,11.1,110000.0,6,171000.0,0,627.0,2,523000.0,896000.0,0,3014000.0
CL202302113,2023,Microcentro,Salta,04/10/2020,29,Rel. Dependencia,361000.0,7.6,137000.0,5,79000.0,1,637.0,1,258000.0,565000.0,1,1854000.0
CL202306266,2023,Palermo,Neuquén,01/08/2021,32,Rel. Dependencia,837000.0,11.1,309000.0,2,281000.0,No,645.0,0,648000.0,857000.0,0,2128000.0
CL202304276,2023,Canal Digital,Salta,10/03/2020,28,Rel. Dependencia,,3.8,178000.0,3,740.0,0,788.0,0,802000.0,2493000.0,0,8085000.0
CL202305428,2023,Mendoza Sur,Córdoba,09/01/2016,42,Rel. Dependencia,723000.0,,290000.0,8,311000.0,no,622.0,5,309000.0,1144000.0,1,3525000.0
CL202303783,2023,Mendoza Sur,Salta,2017-12-14,31,relacion de dependencia,675000.0,5.4,152000.0,5,210000.0,no,669.0,0,198000.0,1302000.0,0,1659000.0
CL202303359,2023,Mendoza Sur,Salta,21/05/2020,41,changas,231000.0,11.8,84000.0,2,69000.0,si,610.0,2,153000.0,415000.0,1,1477000.0
CL202303496,2023,Mendoza Sur,Córdoba,15/01/2020,35,MT,369000.0,6.5,226000.0,5,111000.0,Sí,,2,96000.0,423000.0,1,1676000.0
CL202305647,2023,Microcentro,Tucumán,06/15/2021,61,relacion de dependencia,723000.0,15.0,232000.0,3,124000.0,S,581.0,1,539000.0,792000.0,0,1981000.0
CL202301655,2023,Microcentro,Tucumán,28/09/2019,21,monotributo,330000.0,0.0,95000.0,1,51000.0,N,702.0,0,298000.0,425000.0,0,1420000.0
CL202301253,2023,Córdoba Shopping,CABA,05/03/2016,18,informal,427000.0,3.5,30000.0,4,80000.0,N,701.0,0,457000.0,550000.0,1,2881000.0
CL202302691,2023,La Plata,Neuquén,04/25/2021,27,MT,406000.0,2.5,205000.0,2,106000.0,no,680.0,2,257000.0,365000.0,2,2329000.0
CL202306309,2023,La Plata,Tucumán,2017-10-03,45,monotributo,783000.0,,124000.0,2,275000.0,No,803.0,0,523000.0,628000.0,1,1620000.0
CL202303856,2023,Rosario Norte,Tucumán,2020-09-11,65,RD,1185000.0,19.0,314000.0,4,336000.0,No,758.0,0,595000.0,2124000.0,0,3325000.0
CL202306421,2023,Microcentro,Buenos Aires,2016-02-13,78,Relación de Dependencia,997000.0,23.9,224000.0,4,111000.0,1,633.0,3,432000.0,1143000.0,0,4478000.0
CL202304548,2023,Córdoba Shopping,Mendoza,14/03/2018,23,monotrib.,258000.0,,44000.0,3,50000.0,no,654.0,2,78000.0,354000.0,0,424000.0
CL202300101,2023,Central,Mendoza,2021-03-20,36,monotributo,548000.0,,66000.0,2,136000.0,No,727.0,0,85000.0,953000.0,0,936000.0
CL202304640,2023,Rosario Norte,Santa Fe,2021-07-25,22,monotrib.,1099000.0,0.2,282000.0,2,497000.0,0,797.0,1,331000.0,1449000.0,1,3454000.0
CL202301112,2023,Central,Neuquén,09/07/2019,44,MT,848000.0,,179000.0,1,190000.0,si,654.0,0,795000.0,1450000.0,0,4959000.0
CL202306356,2023,La Plata,Mendoza,16/06/2017,34,monotributo,251000.0,,64000.0,5,79000.0,0,618.0,1,165000.0,363000.0,1,950000.0
CL202304593,2023,Central,Tucumán,03/08/2020,19,relacion de dependencia,1015000.0,8.0,155000.0,2,78000.0,S,701.0,1,661000.0,1767000.0,0,7643000.0
CL202304063,2023,La Plata,Buenos Aires,08/05/2017,69,Monotributo,179000.0,,29000.0,5,64000.0,0,641.0,1,133000.0,390000.0,1,917000.0
CL202300160,2023,La Plata,Córdoba,17/06/2021,18,relacion de dependencia,966000.0,0.0,255000.0,2,130000.0,No,683.0,1,468000.0,1183000.0,0,2459000.0
CL202305320,2023,Córdoba Shopping,Neuquén,06/02/2016,68,monotrib.,353000.0,20.0,172000.0,6,83000.0,1,569.0,0,112000.0,616000.0,0,2290000.0
CL202301345,2023,Rosario Norte,Buenos Aires,09/17/2018,47,monotrib.,,9.6,136000.0,3,246000.0,0,683.0,2,298000.0,752000.0,0,4735000.0
CL202302502,2023,La Plata,Córdoba,21/12/2021,18,relacion de dependencia,,6.2,281000.0,4,364000.0,si,706.0,3,832000.0,2255000.0,0,4367000.0
CL202303994,2023,Canal Digital,Salta,2020-04-25,56,RD,502000.0,17.2,178000.0,6,140.0,Sí,,1,266000.0,626000.0,2,3830000.0
CL202306168,2023,Canal Digital,Mendoza,06/02/2017,63,RD,1638000.0,22.7,408000.0,6,293.0,N,812.0,0,755000.0,1476000.0,0,8580000.0
CL202304581,2023,Palermo,Buenos Aires,21/05/2016,24,Rel. Dependencia,656000.0,0.1,93000.0,9,274000.0,0,706.0,1,516000.0,1097000.0,0,1001000.0
CL202305181,2023,Palermo,Córdoba,28/01/2017,46,MT,791000.0,7.0,371000.0,2,111000.0,1,563.0,7,664000.0,849000.0,2,3807000.0
CL202302700,2023,Mendoza Sur,Neuquén,26/11/2018,49,Rel. Dependencia,718000.0,13.9,105000.0,3,97000.0,0,699.0,0,542000.0,1200000.0,0,2418000.0
CL202305075,2023,Canal Digital,Neuquén,31/08/2017,48,s/d,,11.2,73000.0,1,87.0,No,674.0,1,324000.0,587000.0,0,810000.0
CL202302527,2023,Mendoza Sur,Córdoba,30/01/2016,53,relacion de dependencia,1148000.0,21.2,123000.0,2,250000.0,no,695.0,3,392000.0,2252000.0,0,2448000.0
CL202302409,2023,Central,Mendoza,22/01/2018,42,Monotributo,,,83000.0,3,218000.0,No,709.0,0,0.0,979000.0,0,1333000.0
CL202304278,2023,Canal Digital,Neuquén,09/08/2021,52,RD,485000.0,15.8,109000.0,6,102.0,Sí,679.0,1,400000.0,839000.0,0,888000.0
CL202303719,2023,Microcentro,Mendoza,06/18/2017,61,s/d,314000.0,14.2,78000.0,2,79000.0,1,629.0,0,261000.0,408000.0,0,2109000.0
CL202303111,2023,Palermo,Tucumán,18/08/2019,32,MT,475000.0,2.6,135000.0,3,165000.0,Sí,643.0,3,331000.0,765000.0,0,1551000.0
CL202304594,2023,Microcentro,Salta,12/21/2021,43,relacion de dependencia,1448000.0,9.1,191000.0,5,435000.0,No,723.0,0,753000.0,2381000.0,1,2233000.0
CL202302230,2023,Palermo,Neuquén,20/10/2017,53,monotrib.,,12.2,92000.0,2,64000.0,No,679.0,1,154000.0,477000.0,0,963000.0
CL202302935,2023,Córdoba Shopping,Tucumán,2018-11-20,38,monotrib.,629000.0,7.4,216000.0,5,135000.0,No,620.0,0,268000.0,668000.0,0,4120000.0
CL202304756,2023,Palermo,Neuquén,2019-10-28,36,Relación de Dependencia,593000.0,5.7,171000.0,3,27000.0,1,662.0,1,561000.0,714000.0,1,2945000.0
CL202300056,2023,Mendoza Sur,Santa Fe,21/09/2016,45,monotributo,528000.0,9.3,80000.0,3,244000.0,no,767.0,2,384000.0,814000.0,0,3811000.0
CL202300046,2023,Rosario Norte,Tucumán,10/02/2019,29,informal,99000.0,2.6,45000.0,3,31000.0,No,571.0,3,92000.0,103000.0,1,759000.0
CL202300393,2023,Córdoba Shopping,Córdoba,2017-05-25,36,relacion de dependencia,401000.0,10.7,112000.0,3,105000.0,no,652.0,0,305000.0,358000.0,0,2737000.0
CL202300971,2023,Mendoza Sur,Tucumán,13/12/2020,37,monotributo,,1.9,130000.0,7,194000.0,no,694.0,0,316000.0,771000.0,0,1984000.0
CL202301352,2023,Canal Digital,Tucumán,12/08/2018,70,relacion de dependencia,1500000.0,18.3,360000.0,3,703.0,0,652.0,1,795000.0,2338000.0,0,6951000.0
CL202306339,2023,La Plata,Buenos Aires,2017-09-23,30,relacion de dependencia,1075000.0,6.4,167000.0,1,461000.0,N,772.0,1,874000.0,1745000.0,0,4604000.0
CL202304928,2023,La Plata,Salta,23/03/2020,66,Relación de Dependencia,898000.0,22.7,249000.0,7,383000.0,No,597.0,1,656000.0,862000.0,2,3515000.0
CL202301452,2023,Córdoba Shopping,Buenos Aires,29/03/2020,18,Informal,463000.0,0.3,147000.0,1,192000.0,No,830.0,1,484000.0,942000.0,0,2474000.0
CL202302340,2023,Microcentro,Santa Fe,12/16/2021,39,MT,757000.0,,110000.0,1,211000.0,si,691.0,1,206000.0,1553000.0,1,2190000.0
CL202304173,2023,Microcentro,Mendoza,06/01/2019,49,Informal,317000.0,6.4,42000.0,3,124000.0,no,711.0,0,70000.0,523000.0,1,1843000.0
CL202306780,2023,Mendoza Sur,Buenos Aires,02/07/2017,34,monotributo,,,57000.0,2,74000.0,N,,3,163000.0,720000.0,0,2445000.0
CL202304872,2023,Mendoza Sur,Salta,04/03/2021,22,changas,193000.0,3.6,80000.0,3,32000.0,0,645.0,1,87000.0,170000.0,0,413000.0
CL202301083,2023,Central,Salta,06/06/2021,36,Relación de Dependencia,,9.6,337000.0,5,263000.0,N,,1,985000.0,1292000.0,0,5555000.0
CL202302386,2023,Mendoza Sur,Córdoba,25/02/2019,34,Rel. Dependencia,459000.0,10.1,61000.0,3,107000.0,0,750.0,0,292000.0,445000.0,0,2293000.0
CL202304419,2023,Central,Buenos Aires,2021-03-31,56,Rel. Dependencia,1978000.0,17.4,126000.0,7,783000.0,no,761.0,1,1583000.0,4124000.0,0,5753000.0
CL202306036,2023,Mendoza Sur,Tucumán,27/01/2018,50,Informal,,12.1,119000.0,2,74000.0,1,580.0,3,37000.0,323000.0,1,1336000.0
CL202304760,2023,Mendoza Sur,Neuquén,2019-05-02,48,monotributo,439000.0,,10000.0,4,128000.0,0,677.0,0,232000.0,379000.0,0,1657000.0
CL202300838,2023,Canal Digital,CABA,04/12/2017,34,Relación de Dependencia,947000.0,9.1,105000.0,5,456.0,N,644.0,1,273000.0,761000.0,0,6209000.0
CL202303207,2023,Canal Digital,Córdoba,2019-11-23,32,Rel. Dependencia,730000.0,7.5,291000.0,5,264.0,N,627.0,0,614000.0,1187000.0,0,4275000.0
CL202302125,2023,Canal Digital,Tucumán,12/06/2018,43,changas,301000.0,8.0,62000.0,1,46.0,0,730.0,1,230000.0,556000.0,0,2022000.0
CL202301767,2023,Córdoba Shopping,Buenos Aires,15/03/2019,40,Monotributo,828000.0,9.0,133000.0,6,285000.0,No,651.0,1,600000.0,1574000.0,0,5223000.0
CL202304932,2023,Rosario Norte,Santa Fe,12/10/2021,42,monotrib.,,7.2,134000.0,3,404000.0,1,686.0,1,313000.0,1529000.0,0,2192000.0
CL202300834,2023,Canal Digital,Neuquén,16/03/2016,47,relacion de dependencia,1794000.0,13.7,339000.0,4,530.0,N,703.0,0,1257000.0,1721000.0,0,3088000.0
CL202305023,2023,Central,Mendoza,25/04/2020,25,RD,1141000.0,5.4,259000.0,3,602000.0,no,720.0,0,693000.0,2104000.0,0,2040000.0
CL202304389,2023,Córdoba Shopping,Buenos Aires,30/12/2018,49,informal,,14.2,68000.0,3,41000.0,si,555.0,3,55000.0,197000.0,2,871000.0
CL202305216,2023,La Plata,Salta,17/12/2019,53,Informal,114000.0,19.9,85000.0,2,23000.0,si,,1,33000.0,236000.0,6,602000.0
CL202306654,2023,Microcentro,Córdoba,2018-10-06,54,relacion de dependencia,,14.2,251000.0,6,286000.0,0,609.0,0,362000.0,1469000.0,1,1198000.0
CL202304568,2023,Rosario Norte,Tucumán,2021-09-28,26,MT,194000.0,,25000.0,2,21000.0,No,794.0,0,127000.0,197000.0,0,873000.0
CL202301317,2023,Rosario Norte,Buenos Aires,31/08/2018,49,informal,285000.0,,62000.0,2,145000.0,N,,0,90000.0,284000.0,1,1452000.0
CL202301158,2023,Palermo,CABA,06/06/2017,42,relacion de dependencia,371000.0,10.8,142000.0,6,76000.0,S,590.0,1,198000.0,463000.0,0,2173000.0
CL202306429,2023,Central,Santa Fe,04/05/2021,41,RD,566000.0,16.5,230000.0,5,167000.0,No,625.0,0,521000.0,726000.0,0,4124000.0
CL202303564,2023,Central,CABA,29/11/2020,33,Monotributo,537000.0,,70000.0,1,117000.0,0,685.0,0,410000.0,1169000.0,1,2845000.0
CL202300452,2023,Palermo,Salta,2021-11-19,62,relacion de dependencia,884000.0,19.3,223000.0,7,5000.0,si,,1,544000.0,1824000.0,1,1657000.0
CL202303161,2023,La Plata,Mendoza,2018-01-04,44,relacion de dependencia,934000.0,11.8,192000.0,2,129000.0,0,710.0,0,500000.0,1521000.0,0,3737000.0
CL202306043,2023,Rosario Norte,Buenos Aires,22/05/2020,52,monotributo,295000.0,15.0,95000.0,3,95000.0,S,604.0,1,217000.0,551000.0,1,455000.0
CL202303297,2023,Canal Digital,Tucumán,10/08/2021,35,RD,,11.7,272000.0,6,183.0,no,692.0,0,943000.0,1567000.0,0,2573000.0
CL202305912,2023,Palermo,Neuquén,2021-10-14,46,relacion de dependencia,574000.0,12.7,177000.0,8,210000.0,Sí,604.0,2,183000.0,1137000.0,0,1142000.0
CL202300624,2023,Canal Digital,Buenos Aires,04/07/2021,42,RD,675000.0,13.3,165000.0,3,166.0,No,765.0,1,126000.0,545000.0,1,3878000.0
CL202303227,2023,La Plata,Buenos Aires,06/14/2020,45,RD,,17.8,189000.0,7,387000.0,0,739.0,1,592000.0,1990000.0,0,9613000.0
CL202302703,2023,Canal Digital,CABA,11/11/2021,56,Monotributo,536000.0,,94000.0,3,129.0,0,799.0,2,59000.0,546000.0,0,4188000.0
CL202306648,2023,Córdoba Shopping,Neuquén,12/21/2016,40,s/d,332000.0,4.7,135000.0,1,114000.0,si,596.0,3,169000.0,685000.0,0,979000.0
CL202301590,2023,Rosario Norte,CABA,2017-07-19,52,Rel. Dependencia,,12.4,80000.0,8,321000.0,S,658.0,1,323000.0,640000.0,0,1647000.0
CL202305708,2023,Córdoba Shopping,Salta,18/01/2021,40,relacion de dependencia,310000.0,7.6,152000.0,3,95000.0,Sí,608.0,3,319000.0,626000.0,1,1469000.0
CL202303415,2023,Palermo,CABA,2017-01-23,48,monotrib.,351000.0,8.7,238000.0,4,72000.0,Sí,584.0,2,201000.0,615000.0,1,2462000.0
CL202300997,2023,Microcentro,Córdoba,03/03/2020,47,changas,372000.0,,142000.0,3,136000.0,S,620.0,1,163000.0,553000.0,1,1429000.0
CL202306056,2023,Palermo,Santa Fe,28/02/2020,43,s/d,243000.0,,92000.0,2,82000.0,No,672.0,0,190000.0,416000.0,2,867000.0
CL202302657,2023,Canal Digital,Córdoba,28/04/2018,28,MT,5920000.0,,77000.0,2,159.0,No,747.0,1,94000.0,1173000.0,0,2359000.0
CL202302534,2023,Mendoza Sur,Santa Fe,23/09/2018,24,Rel. Dependencia,1152000.0,5.8,234000.0,4,362000.0,Sí,718.0,1,829000.0,1534000.0,0,8096000.0
CL202302671,2023,Microcentro,Córdoba,14/06/2016,43,MT,369000.0,5.0,133000.0,2,138000.0,1,573.0,2,157000.0,458000.0,0,1679000.0
CL202304824,2023,La Plata,Santa Fe,2021-08-16,41,RD,862000.0,9.9,131000.0,2,175000.0,N,695.0,1,666000.0,1015000.0,0,1409000.0
CL202300344,2023,Canal Digital,Córdoba,26/02/2020,50,s/d,448000.0,12.8,206000.0,3,171.0,No,609.0,2,354000.0,475000.0,1,3285000.0
CL202301147,2023,Mendoza Sur,Tucumán,11/03/2020,36,Rel. Dependencia,1023000.0,12.8,228000.0,2,438000.0,No,645.0,1,676000.0,1139000.0,2,1995000.0
CL202303984,2023,Palermo,Córdoba,2019-04-03,44,monotributo,383000.0,12.0,174000.0,1,94000.0,Sí,596.0,3,119000.0,433000.0,3,1064000.0
CL202305078,2023,Rosario Norte,Buenos Aires,05/07/2017,42,monotrib.,654000.0,10.3,110000.0,2,243000.0,Sí,,1,100000.0,1338000.0,1,1414000.0
CL202300096,2023,Palermo,Buenos Aires,11/05/2018,54,monotributo,813000.0,14.0,175000.0,2,318000.0,no,607.0,0,152000.0,1693000.0,2,4168000.0
CL202300649,2023,Rosario Norte,Salta,31/08/2021,18,Relación de Dependencia,1091000.0,0.6,143000.0,2,289000.0,N,685.0,0,196000.0,2130000.0,0,4332000.0
CL202300965,2023,Palermo,Tucumán,05/04/2020,26,Monotributo,386000.0,3.7,75000.0,3,193000.0,1,615.0,2,151000.0,670000.0,0,1557000.0
CL202304415,2023,Rosario Norte,Mendoza,28/11/2017,54,RD,567000.0,17.6,117000.0,3,246000.0,no,692.0,1,314000.0,565000.0,0,4510000.0
CL202303514,2023,Palermo,Santa Fe,2021-07-25,29,monotributo,551000.0,,105000.0,4,88000.0,0,644.0,0,178000.0,1093000.0,0,3175000.0
CL202306593,2023,La Plata,Buenos Aires,09/01/2019,39,Informal,291000.0,,46000.0,1,119000.0,no,635.0,1,98000.0,623000.0,1,695000.0
CL202301927,2023,Mendoza Sur,Córdoba,29/02/2016,29,relacion de dependencia,,8.8,359000.0,4,777000.0,0,674.0,0,529000.0,3142000.0,0,7026000.0
CL202306564,2023,Palermo,CABA,02/04/2021,39,informal,138000.0,,35000.0,2,24000.0,No,693.0,2,103000.0,184000.0,0,548000.0
CL202304160,2023,Canal Digital,Tucumán,2016-08-04,36,Rel. Dependencia,1161000.0,6.4,212000.0,2,268.0,0,744.0,1,679000.0,2114000.0,1,8829000.0
CL202305449,2023,Central,Santa Fe,07/03/2016,71,MT,261000.0,20.9,22000.0,4,84000.0,No,835.0,0,229000.0,220000.0,0,1186000.0
CL202305465,2023,Palermo,Mendoza,06/08/2018,26,Informal,,,56000.0,6,80000.0,si,,0,95000.0,209000.0,0,423000.0
CL202301812,2023,Córdoba Shopping,CABA,28/10/2019,42,s/d,227000.0,,23000.0,3,27000.0,0,643.0,1,92000.0,231000.0,1,1473000.0
CL202304813,2023,Microcentro,CABA,26/12/2020,20,s/d,,4.8,99000.0,3,125000.0,S,616.0,3,225000.0,451000.0,1,981000.0
CL202302170,2023,Mendoza Sur,Buenos Aires,2016-11-15,31,Informal,,,91000.0,4,52000.0,No,692.0,3,279000.0,513000.0,3,1028000.0
CL202306142,2023,Mendoza Sur,Córdoba,11/06/2017,43,Monotributo,492000.0,12.0,206000.0,3,177000.0,no,606.0,1,186000.0,627000.0,0,1840000.0
CL202303116,2023,Córdoba Shopping,CABA,14/11/2017,48,relacion de dependencia,2427000.0,11.0,642000.0,2,625000.0,N,850.0,0,2006000.0,4690000.0,0,10226000.0
CL202302704,2023,Central,Santa Fe,17/01/2021,18,Informal,361000.0,1.8,63000.0,5,110000.0,S,741.0,0,132000.0,682000.0,2,2312000.0
CL202306580,2023,Mendoza Sur,Santa Fe,06/21/2018,47,RD,825000.0,15.9,263000.0,5,200000.0,0,637.0,2,405000.0,1179000.0,0,1393000.0
CL202302505,2023,Canal Digital,Buenos Aires,04/05/2020,18,Rel. Dependencia,358000.0,9.5,82000.0,6,128.0,1,622.0,0,339000.0,431000.0,0,1705000.0
CL202305854,2023,La Plata,Mendoza,2019-12-22,42,relacion de dependencia,1500000.0,8.6,265000.0,6,372000.0,0,710.0,1,1051000.0,3134000.0,0,9647000.0
CL202303505,2023,La Plata,Salta,21/07/2016,33,Informal,,9.6,16000.0,2,84000.0,Sí,682.0,0,67000.0,174000.0,0,835000.0
CL202303411,2023,Córdoba Shopping,Salta,2018-07-30,40,RD,11680000.0,9.8,159000.0,3,355000.0,N,715.0,0,734000.0,1922000.0,0,5792000.0
CL202300571,2023,Microcentro,Salta,2020-08-19,28,Rel. Dependencia,546000.0,5.9,249000.0,11,231000.0,Sí,646.0,3,417000.0,1023000.0,0,1932000.0
CL202303021,2023,La Plata,CABA,2018-06-11,45,RD,498000.0,14.0,204000.0,7,183000.0,si,598.0,2,450000.0,1012000.0,3,2221000.0
CL202304975,2023,Central,Buenos Aires,2017-02-21,48,Relación de Dependencia,284000.0,13.7,134000.0,3,65000.0,1,557.0,1,122000.0,318000.0,0,1242000.0
CL202302994,2023,Córdoba Shopping,Neuquén,05/28/2019,43,s/d,242000.0,8.6,97000.0,2,110000.0,S,584.0,1,156000.0,388000.0,0,1189000.0
CL202302856,2023,Canal Digital,Córdoba,12/12/2021,32,Rel. Dependencia,1009000.0,7.5,160000.0,2,385.0,0,729.0,2,647000.0,2062000.0,1,1903000.0
CL202305034,2023,Rosario Norte,Santa Fe,2019-03-07,72,Relación de Dependencia,977000.0,18.1,310000.0,5,189000.0,si,605.0,2,471000.0,1772000.0,0,2124000.0
CL202303822,2023,Palermo,Buenos Aires,2021-03-07,41,Relación de Dependencia,852000.0,12.1,159000.0,5,288000.0,No,674.0,0,433000.0,911000.0,2,3564000.0
CL202301281,2023,Canal Digital,Salta,11/03/2018,43,RD,326000.0,13.5,136000.0,5,100.0,si,606.0,2,154000.0,265000.0,1,2076000.0
CL202304589,2023,Palermo,Buenos Aires,01/06/2021,48,s/d,277000.0,14.9,82000.0,3,77000.0,Sí,656.0,1,147000.0,357000.0,1,821000.0
CL202301899,2023,La Plata,Mendoza,27/09/2020,32,RD,541000.0,3.7,132000.0,5,182000.0,N,642.0,3,400000.0,462000.0,0,1084000.0
CL202304579,2023,Mendoza Sur,Salta,2018-09-09,34,informal,251000.0,,46000.0,6,126000.0,1,,1,234000.0,430000.0,0,1570000.0
CL202300018,2023,Palermo,CABA,30/09/2018,46,relacion de dependencia,,16.1,103000.0,4,56000.0,N,668.0,0,482000.0,782000.0,1,2904000.0
CL202302645,2023,Central,CABA,18/04/2020,50,RD,,12.8,144000.0,3,224000.0,0,660.0,1,533000.0,1236000.0,0,3860000.0
CL202300752,2023,Microcentro,Mendoza,10/10/2018,53,RD,762000.0,15.7,140000.0,5,207000.0,No,796.0,0,326000.0,1272000.0,1,3345000.0
CL202303551,2023,Rosario Norte,Buenos Aires,2020-10-07,18,Relación de Dependencia,,2.2,170000.0,9,249000.0,N,641.0,0,344000.0,899000.0,0,1588000.0
CL202305994,2023,Canal Digital,Córdoba,03/04/2018,54,s/d,302000.0,9.3,26000.0,3,52.0,0,723.0,0,94000.0,406000.0,0,922000.0
CL202306347,2023,La Plata,Santa Fe,2017-03-07,32,MT,249000.0,9.2,112000.0,2,92000.0,1,622.0,2,206000.0,255000.0,0,726000.0
CL202302381,2023,Mendoza Sur,Córdoba,06/07/2021,33,changas,242000.0,5.8,50000.0,1,103000.0,1,630.0,0,163000.0,302000.0,0,709000.0
CL202302564,2023,Rosario Norte,CABA,17/09/2016,38,Monotributo,551000.0,,156000.0,3,325000.0,N,624.0,0,219000.0,775000.0,0,1393000.0
CL202300297,2023,Central,CABA,2019-12-22,31,monotrib.,231000.0,,145000.0,5,89000.0,Sí,591.0,2,53000.0,444000.0,1,923000.0
CL202306411,2023,Rosario Norte,CABA,24/04/2017,25,informal,253000.0,,42000.0,5,62000.0,no,618.0,1,180000.0,387000.0,0,557000.0
CL202301724,2023,Palermo,Mendoza,23/05/2021,52,RD,,14.7,88000.0,3,222000.0,S,664.0,1,420000.0,1480000.0,0,2212000.0
CL202300220,2023,Canal Digital,Neuquén,20/01/2018,34,Relación de Dependencia,1235000.0,6.9,222000.0,5,405.0,no,702.0,0,848000.0,1340000.0,1,6494000.0
CL202304486,2023,Córdoba Shopping,Buenos Aires,09/07/2020,54,informal,,9.6,72000.0,5,24000.0,1,599.0,3,39000.0,203000.0,2,700000.0
CL202301982,2023,Palermo,Salta,03/03/2018,36,Rel. Dependencia,622000.0,6.8,67000.0,5,182000.0,0,697.0,0,215000.0,690000.0,0,2572000.0
CL202301435,2023,Mendoza Sur,Santa Fe,03/10/2021,40,Relación de Dependencia,1170000.0,7.0,163000.0,5,409000.0,0,644.0,0,766000.0,2508000.0,0,2255000.0
CL202301076,2023,Palermo,Córdoba,23/04/2018,25,RD,990000.0,4.2,194000.0,7,367000.0,0,691.0,4,548000.0,802000.0,0,2223000.0
CL202302405,2023,Canal Digital,Buenos Aires,2019-04-30,39,Rel. Dependencia,840000.0,10.5,145000.0,5,332.0,no,714.0,0,633000.0,1530000.0,2,4486000.0
CL202300443,2023,Microcentro,Santa Fe,08/12/2017,36,Relación de Dependencia,897000.0,9.2,52000.0,3,299000.0,N,850.0,1,703000.0,786000.0,1,6702000.0
CL202302290,2023,Mendoza Sur,Neuquén,01/08/2019,41,Relación de Dependencia,636000.0,7.6,388000.0,5,168000.0,Sí,597.0,3,316000.0,539000.0,0,4737000.0
cl202301468,2023,Rosario Norte,Salta,2021-01-18,40,relacion de dependencia,1116000.0,6.9,233000.0,3,360000.0,no,752.0,1,416000.0,1519000.0,0,6928000.0
CL202302872,2023,La Plata,Neuquén,05/10/2019,49,Relación de Dependencia,406000.0,15.7,142000.0,4,70000.0,0,,4,201000.0,499000.0,2,1870000.0
CL202303341,2023,Mendoza Sur,Buenos Aires,2021-04-17,53,changas,201000.0,15.4,6000.0,2,19000.0,N,666.0,1,84000.0,352000.0,0,1225000.0
CL202302162,2023,La Plata,CABA,21/04/2016,32,MT,581000.0,8.0,87000.0,2,49000.0,S,686.0,0,372000.0,737000.0,0,3967000.0
CL202301414,2023,Palermo,Córdoba,29/02/2020,43,monotributo,273000.0,9.6,195000.0,2,48000.0,si,499.0,1,193000.0,413000.0,0,1190000.0
CL202301937,2023,Mendoza Sur,CABA,08/25/2016,39,monotrib.,,3.9,66000.0,3,45000.0,si,612.0,1,79000.0,255000.0,0,317000.0
CL202300020,2023,Mendoza Sur,Córdoba,27/06/2020,27,relacion de dependencia,609000.0,6.8,170000.0,3,235000.0,N,621.0,1,290000.0,1228000.0,2,3268000.0
CL202306709,2023,Canal Digital,Neuquén,08/28/2016,23,MT,667000.0,4.8,142000.0,1,251.0,no,699.0,1,483000.0,1148000.0,0,1888000.0
CL202300612,2023,Mendoza Sur,CABA,17/02/2017,44,RD,550000.0,8.8,311000.0,9,5000.0,No,591.0,4,483000.0,1062000.0,2,3274000.0
CL202304363,2023,Palermo,CABA,02/20/2016,55,Relación de Dependencia,2106000.0,18.7,532000.0,5,332000.0,N,747.0,0,1435000.0,4442000.0,0,7443000.0
CL202305523,2023,Canal Digital,Neuquén,20/06/2021,34,RD,,5.1,119000.0,5,198.0,0,780.0,0,929000.0,1517000.0,0,10755000.0
CL202303179,2023,Microcentro,Salta,19/01/2021,42,s/d,173000.0,6.1,112000.0,3,46000.0,Sí,502.0,4,158000.0,359000.0,1,447000.0
CL202303511,2023,Rosario Norte,Mendoza,2021-08-20,37,informal,163000.0,6.2,33000.0,1,46000.0,si,659.0,0,115000.0,309000.0,0,837000.0
CL202300679,2023,Rosario Norte,Mendoza,22/05/2019,24,monotributo,581000.0,,233000.0,1,273000.0,si,549.0,0,471000.0,1258000.0,0,1868000.0
CL202304812,2023,La Plata,Mendoza,2018-03-30,44,Relación de Dependencia,671000.0,13.9,171000.0,5,240000.0,no,673.0,1,397000.0,1336000.0,1,3440000.0
CL202302393,2023,Rosario Norte,Salta,08/02/2020,58,MT,691000.0,,22000.0,2,172000.0,0,681.0,0,498000.0,1172000.0,0,3587000.0
CL202302743,2023,Central,CABA,2017-01-26,33,MT,392000.0,6.6,60000.0,2,77000.0,N,699.0,0,389000.0,472000.0,1,1328000.0
CL202304911,2023,Rosario Norte,Córdoba,2017-11-18,44,monotributo,379000.0,9.4,77000.0,6,158000.0,no,746.0,0,292000.0,609000.0,0,2979000.0
CL202303081,2023,Córdoba Shopping,Mendoza,01/04/2018,55,Rel. Dependencia,388000.0,13.8,141000.0,6,85000.0,no,611.0,2,259000.0,457000.0,0,1854000.0
CL202302475,2023,Central,Tucumán,19/02/2019,47,RD,1820000.0,18.3,103000.0,5,621000.0,si,782.0,1,999000.0,3622000.0,0,11658000.0
CL202303500,2023,Canal Digital,Neuquén,19/12/2016,54,Relación de Dependencia,611000.0,12.1,149000.0,5,224.0,Sí,657.0,0,401000.0,989000.0,1,4376000.0
CL202301813,2023,Central,Tucumán,10/01/2021,25,monotributo,260000.0,,150000.0,2,125000.0,si,568.0,1,200000.0,413000.0,2,1159000.0
CL202303904,2023,Microcentro,Buenos Aires,03/06/2018,47,Relación de Dependencia,687000.0,11.8,276000.0,5,258000.0,No,,1,592000.0,1348000.0,2,2259000.0
CL202301632,2023,Canal Digital,Santa Fe,24/09/2018,31,monotributo,486000.0,5.9,78000.0,2,191.0,Sí,724.0,2,415000.0,942000.0,0,3750000.0
CL202305553,2023,Rosario Norte,Neuquén,2016-02-14,45,s/d,284000.0,,61000.0,3,115000.0,Sí,638.0,1,204000.0,514000.0,0,1946000.0
CL202304514,2023,Córdoba Shopping,Mendoza,03/03/2018,45,monotributo,,10.7,247000.0,5,161000.0,S,572.0,1,309000.0,760000.0,2,2682000.0
CL202301788,2023,Palermo,Córdoba,22/06/2016,30,monotrib.,306000.0,5.8,109000.0,1,120000.0,No,610.0,2,212000.0,491000.0,0,1116000.0
CL202303108,2023,Córdoba Shopping,Neuquén,07/02/2016,18,Relación de Dependencia,761000.0,1.3,132000.0,5,309000.0,N,692.0,0,595000.0,633000.0,0,1402000.0
CL202301561,2023,Palermo,Buenos Aires,20/10/2018,52,changas,233000.0,,23000.0,3,104000.0,1,711.0,1,98000.0,467000.0,0,624000.0
CL202303823,2023,Rosario Norte,CABA,12/09/2016,33,Informal,,3.7,102000.0,3,47000.0,si,530.0,3,92000.0,265000.0,2,650000.0
CL202306587,2023,Palermo,Mendoza,2020-03-21,51,informal,156000.0,12.6,82000.0,1,45000.0,Sí,609.0,2,90000.0,132000.0,0,1244000.0
CL202301804,2023,La Plata,Buenos Aires,01/09/2017,40,monotributo,479000.0,,93000.0,3,158000.0,N,683.0,1,375000.0,779000.0,1,3364000.0
CL202304289,2023,Microcentro,CABA,2021-01-01,53,Rel. Dependencia,,12.0,106000.0,3,183000.0,no,629.0,1,261000.0,1346000.0,0,2719000.0
CL202300285,2023,Palermo,Neuquén,2018-09-15,36,relacion de dependencia,,7.4,117000.0,1,195000.0,0,711.0,2,317000.0,1360000.0,0,3733000.0
CL202304182,2023,La Plata,Tucumán,08/07/2019,33,Relación de Dependencia,,4.4,67000.0,5,276000.0,S,,2,462000.0,660000.0,0,3346000.0
CL202302225,2023,Rosario Norte,Mendoza,25/11/2020,37,Rel. Dependencia,1388000.0,6.6,182000.0,8,568000.0,0,674.0,1,1285000.0,2105000.0,0,7250000.0
CL202304910,2023,Microcentro,Santa Fe,14/05/2016,56,changas,476000.0,12.0,151000.0,3,80000.0,N,650.0,1,0.0,421000.0,1,3717000.0
CL202301718,2023,Rosario Norte,Tucumán,06/09/2019,43,Relación de Dependencia,1164000.0,,120000.0,4,171000.0,si,708.0,0,535000.0,1085000.0,0,3409000.0
CL202304793,2023,Central,Mendoza,06/29/2018,59,monotributo,,14.5,25000.0,2,68000.0,no,787.0,1,169000.0,572000.0,0,2229000.0
CL202300069,2023,La Plata,Córdoba,05/07/2018,44,Rel. Dependencia,436000.0,13.6,73000.0,6,77000.0,0,769.0,2,445000.0,574000.0,2,1706000.0
CL202304672,2023,Córdoba Shopping,Buenos Aires,01/12/2017,51,informal,227000.0,12.2,40000.0,4,67000.0,no,683.0,0,94000.0,197000.0,0,1716000.0
CL202302560,2023,Canal Digital,Santa Fe,04/04/2016,45,MT,257000.0,,179000.0,2,62.0,S,517.0,2,40000.0,418000.0,1,1297000.0
CL202304974,2023,Palermo,Neuquén,27/08/2019,36,changas,275000.0,,105000.0,4,58000.0,No,603.0,1,165000.0,574000.0,2,1726000.0
CL202301409,2023,Canal Digital,Salta,31/03/2018,44,Informal,,10.7,45000.0,7,58.0,0,700.0,1,0.0,261000.0,0,525000.0
CL202303340,2023,Rosario Norte,Santa Fe,16/02/2020,31,relacion de dependencia,858000.0,5.6,173000.0,5,413000.0,0,790.0,1,355000.0,872000.0,0,5114000.0
CL202301280,2023,Palermo,Mendoza,02/03/2020,51,Rel. Dependencia,243000.0,19.2,48000.0,5,68000.0,0,616.0,0,236000.0,507000.0,2,468000.0
CL202302396,2023,Palermo,Salta,30/04/2020,52,monotrib.,583000.0,14.1,140000.0,6,200000.0,0,676.0,4,548000.0,732000.0,0,3622000.0
CL202304628,2023,Rosario Norte,Tucumán,10/14/2018,44,Rel. Dependencia,584000.0,11.9,191000.0,6,131000.0,S,540.0,2,281000.0,525000.0,1,3215000.0
CL202302406,2023,Córdoba Shopping,Tucumán,2016-08-03,48,Relación de Dependencia,492000.0,16.8,158000.0,4,157000.0,no,557.0,1,101000.0,1041000.0,0,2887000.0
CL202304982,2023,Central,Salta,2021-11-07,40,monotrib.,601000.0,6.1,76000.0,3,109000.0,No,,2,92000.0,980000.0,1,2562000.0
CL202304963,2023,Mendoza Sur,Córdoba,12/06/2016,41,relacion de dependencia,1339000.0,9.0,208000.0,8,513000.0,0,732.0,2,1012000.0,2686000.0,0,6565000.0
CL202301419,2023,Central,Mendoza,09/06/2019,63,informal,161000.0,18.6,66000.0,3,39000.0,No,587.0,6,61000.0,287000.0,1,867000.0
CL202305527,2023,Microcentro,Buenos Aires,29/07/2017,18,Monotributo,241000.0,0.0,81000.0,4,91000.0,si,676.0,1,84000.0,251000.0,1,1003000.0
CL202306414,2023,Microcentro,Santa Fe,12/10/2018,27,Relación de Dependencia,1296000.0,6.5,343000.0,4,434000.0,1,752.0,0,372000.0,2274000.0,0,3698000.0
CL202303159,2023,Central,Santa Fe,06/07/2017,53,monotrib.,565000.0,12.3,64000.0,3,297000.0,0,735.0,0,306000.0,771000.0,0,1809000.0
CL202303574,2023,La Plata,Tucumán,07/07/2019,25,informal,,5.8,181000.0,4,62000.0,S,453.0,3,87000.0,231000.0,4,879000.0
CL202303158,2023,Canal Digital,Tucumán,2018-06-16,18,relacion de dependencia,692000.0,7.3,140000.0,5,220.0,0,691.0,0,373000.0,1476000.0,0,4542000.0
CL202306739,2023,La Plata,CABA,14/09/2016,54,monotributo,640000.0,11.4,268000.0,7,278000.0,No,592.0,1,254000.0,1186000.0,0,4799000.0
CL202302379,2023,Central,Salta,05/01/2021,42,MT,638000.0,9.8,86000.0,3,198000.0,no,,1,552000.0,1037000.0,0,3463000.0
CL202301081,2023,Córdoba Shopping,Buenos Aires,23/05/2018,63,relacion de dependencia,791000.0,22.7,100000.0,2,125000.0,N,756.0,0,108000.0,914000.0,1,1753000.0
CL202300735,2023,Central,Salta,06/08/2016,24,relacion de dependencia,1907000.0,7.5,309000.0,5,77000.0,No,804.0,0,1785000.0,1908000.0,0,7661000.0
CL202303429,2023,Córdoba Shopping,Buenos Aires,01/10/2020,49,MT,298000.0,12.8,56000.0,3,135000.0,0,725.0,0,45000.0,587000.0,0,690000.0
CL202304604,2023,Central,Buenos Aires,02/11/2019,45,MT,452000.0,11.3,19000.0,2,70000.0,0,,0,244000.0,546000.0,1,3260000.0
CL202304880,2023,Palermo,Córdoba,2021-08-20,30,MT,780000.0,3.2,204000.0,4,148000.0,No,629.0,1,562000.0,1204000.0,0,1438000.0
CL202303901,2023,Central,Neuquén,06/11/2020,40,monotributo,295000.0,,67000.0,3,102000.0,si,612.0,1,145000.0,312000.0,0,1318000.0
CL202303748,2023,Córdoba Shopping,Neuquén,16/03/2018,58,monotrib.,881000.0,14.0,173000.0,3,438000.0,N,779.0,1,339000.0,1414000.0,0,3650000.0
CL202305030,2023,Canal Digital,Buenos Aires,03/06/2018,37,Rel. Dependencia,317000.0,8.3,84000.0,2,105.0,N,614.0,1,38000.0,510000.0,1,1996000.0
CL202300958,2023,Rosario Norte,Santa Fe,2020-03-11,23,s/d,386000.0,,72000.0,4,87000.0,No,636.0,1,187000.0,521000.0,0,658000.0
CL202306797,2023,Palermo,Tucumán,2016-09-29,43,Monotributo,996000.0,9.4,223000.0,3,184000.0,Sí,644.0,1,489000.0,1266000.0,0,1783000.0
CL202300199,2023,Córdoba Shopping,Neuquén,05/30/2017,51,Rel. Dependencia,394000.0,18.4,51000.0,4,137000.0,0,743.0,1,154000.0,526000.0,0,1650000.0
CL202306084,2023,Microcentro,Buenos Aires,28/06/2020,30,Relación de Dependencia,603000.0,7.5,466000.0,5,284000.0,si,550.0,8,607000.0,1190000.0,2,4082000.0
CL202302317,2023,Central,Córdoba,04/04/2020,35,Rel. Dependencia,216000.0,,91000.0,5,69000.0,N,562.0,2,209000.0,175000.0,0,1577000.0
CL202300778,2023,Córdoba Shopping,CABA,06/10/2021,36,informal,308000.0,9.6,171000.0,5,26000.0,1,508.0,2,237000.0,499000.0,1,781000.0
CL202306705,2023,Palermo,Santa Fe,05/11/2016,27,monotributo,354000.0,0.0,63000.0,2,186000.0,No,,1,209000.0,529000.0,1,618000.0
CL202301941,2023,Mendoza Sur,Santa Fe,03/07/2017,36,relacion de dependencia,1203000.0,11.9,165000.0,4,5000.0,no,679.0,0,112000.0,2234000.0,0,5386000.0
CL202304649,2023,Rosario Norte,Buenos Aires,15/11/2019,27,Relación de Dependencia,560000.0,8.9,229000.0,3,40000.0,S,567.0,2,423000.0,1037000.0,2,1165000.0
CL202303136,2023,Central,Santa Fe,21/11/2021,56,Relación de Dependencia,1960000.0,19.5,219000.0,4,352000.0,N,,1,1001000.0,2222000.0,0,10729000.0
CL202305114,2023,Rosario Norte,CABA,24/04/2016,52,monotributo,,,42000.0,2,78000.0,no,689.0,0,143000.0,305000.0,0,1394000.0
CL202305748,2023,Palermo,Santa Fe,02/20/2017,19,changas,,1.1,49000.0,2,37000.0,No,689.0,0,82000.0,257000.0,1,1299000.0
CL202304562,2023,Microcentro,Salta,07/02/2019,41,relacion de dependencia,1837000.0,12.1,244000.0,5,1047000.0,No,707.0,0,1665000.0,1572000.0,0,3452000.0
CL202306327,2023,Palermo,Mendoza,2016-12-02,31,Relación de Dependencia,,9.4,166000.0,5,100000.0,Sí,596.0,1,375000.0,549000.0,0,2423000.0
CL202300746,2023,Canal Digital,CABA,25/06/2020,29,monotrib.,241000.0,,68000.0,7,128.0,Sí,677.0,1,90000.0,392000.0,0,954000.0
CL202304661,2023,Rosario Norte,Mendoza,2021-08-24,41,changas,133000.0,6.7,57000.0,4,36000.0,si,598.0,2,18000.0,210000.0,0,920000.0
CL202301827,2023,La Plata,Buenos Aires,2018-04-13,34,monotrib.,294000.0,8.2,231000.0,4,120000.0,N,456.0,3,183000.0,638000.0,3,1038000.0
CL202300022,2023,Microcentro,Salta,25/01/2020,29,RD,1140000.0,6.5,150000.0,4,339000.0,si,635.0,0,405000.0,1165000.0,0,3869000.0
CL202304476,2023,Córdoba Shopping,Buenos Aires,03/11/2018,37,monotributo,950000.0,,275000.0,1,300000.0,S,645.0,0,824000.0,1931000.0,1,7278000.0
CL202306513,2023,Palermo,Mendoza,19/01/2016,36,RD,894000.0,7.6,152000.0,9,199000.0,0,746.0,2,480000.0,1699000.0,0,5347000.0
CL202305243,2023,Rosario Norte,Tucumán,08/08/2018,31,Rel. Dependencia,379000.0,7.0,207000.0,4,80000.0,S,584.0,2,386000.0,742000.0,2,2861000.0
CL202301679,2023,La Plata,Córdoba,21/10/2021,70,Rel. Dependencia,,19.4,137000.0,10,186000.0,N,850.0,0,384000.0,1258000.0,0,3600000.0
CL202300221,2023,Canal Digital,Buenos Aires,18/06/2020,47,RD,,14.7,96000.0,2,116.0,1,644.0,2,227000.0,913000.0,0,1298000.0
CL202306775,2023,Córdoba Shopping,Buenos Aires,2017-11-12,58,relacion de dependencia,,15.2,57000.0,4,155000.0,no,731.0,0,354000.0,1181000.0,1,3490000.0
CL202301479,2023,Microcentro,Salta,06/18/2021,30,monotributo,435000.0,,76000.0,5,125000.0,N,689.0,0,321000.0,406000.0,1,2177000.0
CL202304183,2023,Central,Tucumán,21/06/2020,36,monotrib.,217000.0,7.4,169000.0,2,123000.0,1,529.0,2,160000.0,459000.0,3,379000.0
CL202304352,2023,Palermo,CABA,2021-09-07,45,RD,1800000.0,11.8,321000.0,9,255000.0,No,710.0,0,679000.0,1673000.0,0,13466000.0
CL202305803 ,2023,Mendoza Sur,Salta,11/06/2017,52,relacion de dependencia,645000.0,15.2,247000.0,4,190000.0,No,629.0,2,345000.0,1024000.0,0,1413000.0
CL202304115,2023,Central,Salta,2020-03-06,30,Monotributo,1208000.0,2.7,247000.0,4,308000.0,N,661.0,2,947000.0,2408000.0,0,5946000.0
CL202306205,2023,Canal Digital,Neuquén,28/05/2020,38,Informal,,5.9,55000.0,3,110.0,No,695.0,0,167000.0,762000.0,0,2004000.0
CL202306023,2023,Rosario Norte,Buenos Aires,04/04/2018,38,Relación de Dependencia,680000.0,9.0,99000.0,7,214000.0,0,750.0,0,492000.0,825000.0,0,5079000.0
CL202304020,2023,Córdoba Shopping,Neuquén,02/11/2016,60,Rel. Dependencia,1424000.0,16.5,242000.0,5,374000.0,0,706.0,0,493000.0,2709000.0,1,8675000.0
CL202305626,2023,Microcentro,Córdoba,02/05/2017,23,s/d,290000.0,0.0,81000.0,4,128000.0,no,634.0,0,212000.0,399000.0,1,1498000.0
CL202300418,2023,Rosario Norte,Salta,29/01/2020,50,MT,348000.0,9.9,51000.0,2,51000.0,N,688.0,0,156000.0,285000.0,0,1015000.0
CL202300028,2023,Rosario Norte,Buenos Aires,2016-11-10,24,MT,579000.0,2.9,174000.0,2,148000.0,S,606.0,1,445000.0,487000.0,0,1104000.0
CL202301457,2023,Central,Tucumán,15/12/2018,49,RD,1038000.0,16.8,144000.0,5,475000.0,No,739.0,1,5000.0,1822000.0,0,4356000.0
CL202306746,2023,Córdoba Shopping,Córdoba,09/20/2018,45,MT,1285000.0,9.8,190000.0,2,288000.0,no,744.0,0,657000.0,2515000.0,0,5326000.0
CL202303485,2023,Canal Digital,Córdoba,2020-12-16,51,monotrib.,403000.0,14.0,59000.0,2,127.0,si,677.0,1,321000.0,722000.0,0,2436000.0
CL202303999,2023,Mendoza Sur,Neuquén,2016-04-10,27,changas,205000.0,,70000.0,2,58000.0,0,715.0,0,46000.0,445000.0,0,1249000.0
CL202302371,2023,Microcentro,Santa Fe,2017-10-15,38,informal,213000.0,10.5,87000.0,1,86000.0,1,,3,55000.0,342000.0,3,971000.0
CL202305300,2023,Central,Buenos Aires,05/03/2019,34,relacion de dependencia,764000.0,13.6,57000.0,4,445000.0,no,756.0,3,225000.0,1657000.0,1,5706000.0
CL202302269,2023,Central,Tucumán,22/09/2020,44,RD,,7.6,157000.0,4,174000.0,Sí,576.0,1,83000.0,446000.0,2,944000.0
CL202303339,2023,Córdoba Shopping,Salta,11/24/2016,38,informal,666000.0,6.4,126000.0,3,169000.0,0,685.0,1,525000.0,971000.0,0,3033000.0
CL202306013,2023,Central,Córdoba,2019-10-07,34,Monotributo,298000.0,6.1,58000.0,4,174000.0,Sí,683.0,3,177000.0,284000.0,0,1883000.0
CL202305105,2023,Palermo,Tucumán,06/13/2017,37,MT,,7.0,114000.0,3,108000.0,No,626.0,0,123000.0,606000.0,0,1499000.0
CL202301395,2023,Central,Santa Fe,22/05/2020,63,relacion de dependencia,922000.0,19.5,268000.0,1,220000.0,si,684.0,3,666000.0,1794000.0,0,5662000.0
CL202301745,2023,Central,Santa Fe,2017-10-14,58,RD,,,196000.0,2,375000.0,No,825.0,2,520000.0,1731000.0,0,7331000.0
CL202304623,2023,Rosario Norte,Córdoba,14/10/2020,32,Rel. Dependencia,,10.1,142000.0,7,252000.0,N,734.0,0,361000.0,1667000.0,0,6217000.0
CL202306282,2023,Mendoza Sur,Córdoba,08/06/2021,59,Relación de Dependencia,595000.0,22.0,76000.0,4,240000.0,N,680.0,0,415000.0,757000.0,0,2129000.0
CL202300323,2023,Rosario Norte,Córdoba,21/12/2020,50,Monotributo,421000.0,15.9,25000.0,2,88000.0,no,654.0,4,400000.0,657000.0,1,2950000.0
CL202301513,2023,Central,Buenos Aires,2021-02-01,34,Relación de Dependencia,1371000.0,7.5,312000.0,4,547000.0,0,665.0,0,996000.0,1274000.0,0,5710000.0
CL202303372,2023,Microcentro,Santa Fe,18/02/2020,26,informal,333000.0,2.0,61000.0,2,59000.0,no,656.0,0,203000.0,373000.0,1,1152000.0
CL202306536,2023,Microcentro,Buenos Aires,12/18/2016,43,s/d,124000.0,12.0,35000.0,5,22000.0,no,630.0,0,82000.0,211000.0,1,619000.0
CL202304849,2023,Central,Salta,2018-06-18,30,Relación de Dependencia,542000.0,5.6,233000.0,2,193000.0,No,634.0,0,477000.0,590000.0,1,3428000.0
CL202300885,2023,La Plata,Salta,07/17/2021,18,RD,,0.0,271000.0,3,70000.0,no,700.0,0,0.0,750000.0,1,5558000.0
CL202306637,2023,Mendoza Sur,Tucumán,29/02/2016,37,Relación de Dependencia,926000.0,7.1,181000.0,7,176000.0,0,773.0,2,376000.0,2035000.0,0,5791000.0
CL202304129,2023,Central,Córdoba,09/11/2019,24,Rel. Dependencia,1791000.0,6.0,285000.0,5,341000.0,No,823.0,0,383000.0,2868000.0,1,5329000.0
CL202304437,2023,Córdoba Shopping,Neuquén,06/30/2017,22,relacion de dependencia,519000.0,3.7,193000.0,9,167000.0,Sí,599.0,1,177000.0,955000.0,0,2943000.0
CL202304124,2023,La Plata,Salta,21/11/2019,23,RD,1270000.0,2.5,144000.0,2,384000.0,N,720.0,1,368000.0,1464000.0,0,4388000.0
CL202304764,2023,Mendoza Sur,CABA,07/12/2019,23,RD,1692000.0,8.2,135000.0,5,689000.0,N,708.0,1,1002000.0,1778000.0,0,4162000.0
CL202303710,2023,Microcentro,Neuquén,01/12/2018,36,Monotributo,441000.0,7.4,183000.0,2,153000.0,Sí,585.0,1,127000.0,528000.0,0,1724000.0
CL202304674,2023,La Plata,Santa Fe,10/26/2019,42,Monotributo,352000.0,,70000.0,3,92000.0,1,616.0,1,205000.0,420000.0,1,574000.0
CL202306782,2023,Microcentro,Buenos Aires,2020-06-15,58,monotributo,203000.0,10.5,45000.0,1,78000.0,Sí,654.0,1,127000.0,443000.0,0,491000.0
CL202302266,2023,Córdoba Shopping,Tucumán,07/02/2018,45,Relación de Dependencia,2164000.0,7.9,316000.0,4,320000.0,0,742.0,1,1800000.0,3236000.0,0,8647000.0
CL202305805,2023,Córdoba Shopping,Santa Fe,12/11/2021,38,monotributo,537000.0,,71000.0,2,206000.0,no,758.0,1,285000.0,1017000.0,0,2553000.0
CL202306476,2023,Central,Córdoba,06/04/2016,25,relacion de dependencia,,8.0,161000.0,4,157000.0,si,668.0,0,404000.0,1621000.0,2,3663000.0
CL202303586,2023,La Plata,Salta,2016-06-21,42,relacion de dependencia,1036000.0,15.0,253000.0,5,429000.0,N,675.0,1,521000.0,1661000.0,0,5681000.0
CL202300461,2023,Rosario Norte,Buenos Aires,2016-02-28,28,Rel. Dependencia,1253000.0,5.1,244000.0,2,239000.0,Sí,,1,1191000.0,2034000.0,0,7759000.0
CL202303054,2023,Córdoba Shopping,Neuquén,12/27/2019,60,monotrib.,546000.0,14.0,262000.0,5,147000.0,si,543.0,1,229000.0,760000.0,0,3487000.0
CL202304302,2023,Central,Salta,09/05/2021,64,Rel. Dependencia,2156000.0,16.6,246000.0,3,540000.0,0,751.0,0,1248000.0,2910000.0,0,10263000.0
CL202305368,2023,Mendoza Sur,Buenos Aires,24/10/2019,39,Informal,202000.0,9.1,105000.0,4,97000.0,si,597.0,0,59000.0,408000.0,2,918000.0
CL202301566,2023,La Plata,CABA,2018-04-29,21,Relación de Dependencia,764000.0,1.5,126000.0,10,160000.0,1,636.0,1,318000.0,1583000.0,0,3052000.0
CL202303543,2023,Córdoba Shopping,Buenos Aires,25/03/2018,38,Rel. Dependencia,950000.0,8.3,225000.0,5,370000.0,0,835.0,0,279000.0,1798000.0,1,6355000.0
CL202305096,2023,Microcentro,Buenos Aires,23/04/2019,48,Rel. Dependencia,855000.0,14.5,161000.0,1,268000.0,no,792.0,0,393000.0,1313000.0,0,2335000.0
CL202301944,2023,Córdoba Shopping,Buenos Aires,18/08/2020,27,Relación de Dependencia,1049000.0,6.9,138000.0,1,503000.0,N,645.0,1,377000.0,1306000.0,0,4872000.0
CL202300840,2023,Rosario Norte,Córdoba,26/04/2020,58,Rel. Dependencia,1462000.0,,268000.0,5,673000.0,No,728.0,1,1244000.0,1474000.0,2,4977000.0
CL202300456,2023,Córdoba Shopping,Salta,2018-09-17,37,informal,90000.0,9.7,92000.0,6,22000.0,si,495.0,7,38000.0,130000.0,10,320000.0
CL202300259,2023,Central,Tucumán,2016-03-05,40,RD,756000.0,8.2,103000.0,5,241000.0,Sí,681.0,1,662000.0,1586000.0,0,5365000.0
CL202300343,2023,Central,Córdoba,20/07/2018,45,Informal,,8.5,37000.0,2,26000.0,Sí,734.0,1,55000.0,181000.0,1,946000.0
CL202303104,2023,Microcentro,Mendoza,13/03/2021,18,Relación de Dependencia,406000.0,5.5,173000.0,3,43000.0,0,580.0,3,164000.0,326000.0,0,2039000.0
CL202300471,2023,Rosario Norte,CABA,13/11/2019,21,relacion de dependencia,1259000.0,5.3,133000.0,1,390000.0,no,764.0,0,992000.0,1558000.0,0,5646000.0
CL202303023,2023,Canal Digital,Buenos Aires,2017-05-25,60,relacion de dependencia,1273000.0,17.5,174000.0,6,124.0,No,814.0,2,705000.0,1879000.0,0,6625000.0
CL202301476,2023,Córdoba Shopping,Córdoba,28/11/2017,69,relacion de dependencia,821000.0,18.5,158000.0,4,474000.0,No,661.0,1,68000.0,697000.0,0,4609000.0
CL202300206,2023,Canal Digital,Salta,27/09/2018,48,Informal,408000.0,,56000.0,4,174.0,no,722.0,2,256000.0,784000.0,1,3095000.0
CL202305942,2023,Mendoza Sur,Córdoba,10/10/2019,30,s/d,90000.0,,47000.0,2,46000.0,0,603.0,1,33000.0,149000.0,1,601000.0
CL202303652,2023,La Plata,Mendoza,20/05/2017,53,monotributo,316000.0,12.0,92000.0,3,43000.0,0,679.0,2,208000.0,491000.0,1,989000.0
CL202303343,2023,Canal Digital,Neuquén,23/06/2019,53,Monotributo,426000.0,,85000.0,2,213.0,No,700.0,1,306000.0,402000.0,0,1113000.0
CL202300384,2023,Córdoba Shopping,Santa Fe,26/01/2018,38,relacion de dependencia,618000.0,,174000.0,6,74000.0,N,,1,362000.0,1167000.0,1,3852000.0
CL202306041,2023,Palermo,Buenos Aires,18/07/2018,36,Rel. Dependencia,396000.0,11.6,108000.0,1,45000.0,No,688.0,2,189000.0,469000.0,0,2381000.0
CL202303263,2023,Central,Salta,2020-08-05,56,s/d,229000.0,14.3,82000.0,3,32000.0,N,676.0,1,132000.0,303000.0,0,583000.0
CL202302041,2023,La Plata,Santa Fe,12/01/2020,54,changas,,,108000.0,2,106000.0,N,629.0,0,25000.0,301000.0,3,690000.0
CL202303599,2023,Microcentro,Tucumán,2021-11-04,50,Relación de Dependencia,889000.0,13.7,80000.0,3,205000.0,1,,0,432000.0,1216000.0,0,3099000.0
CL202300768,2023,Canal Digital,Córdoba,22/06/2018,23,relacion de dependencia,1550000.0,4.8,292000.0,3,746.0,0,739.0,1,548000.0,2988000.0,0,8797000.0
CL202303388,2023,Rosario Norte,Buenos Aires,2020-12-07,52,s/d,224000.0,14.6,46000.0,3,81000.0,No,791.0,3,77000.0,387000.0,1,1344000.0
CL202301870,2023,La Plata,Mendoza,22/02/2017,61,Rel. Dependencia,,14.3,73000.0,2,118000.0,No,655.0,0,292000.0,419000.0,0,1799000.0
CL202304275,2023,Palermo,Mendoza,12/06/2016,39,relacion de dependencia,1197000.0,13.4,281000.0,2,144000.0,No,649.0,1,846000.0,1581000.0,2,7221000.0
CL202306030,2023,Central,Mendoza,17/05/2017,18,Rel. Dependencia,744000.0,5.7,300000.0,3,292000.0,0,637.0,2,297000.0,741000.0,3,4438000.0
CL202303210,2023,Palermo,Santa Fe,06/12/2019,44,Rel. Dependencia,1229000.0,,203000.0,4,331000.0,0,736.0,0,1019000.0,2550000.0,0,5918000.0
CL202304778,2023,Córdoba Shopping,Neuquén,18/03/2021,43,RD,1473000.0,6.2,249000.0,7,770000.0,No,761.0,0,782000.0,1911000.0,2,5266000.0
CL202302293,2023,Central,Salta,2020-04-14,26,Relación de Dependencia,504000.0,8.8,89000.0,2,176000.0,si,718.0,0,177000.0,479000.0,0,3114000.0
CL202300075,2023,Mendoza Sur,Mendoza,26/09/2020,38,MT,602000.0,4.9,163000.0,2,261000.0,Sí,618.0,1,45000.0,1059000.0,0,2028000.0
CL202301449,2023,Microcentro,Salta,10/01/2017,38,informal,225000.0,,46000.0,3,74000.0,0,,2,118000.0,353000.0,0,1220000.0
CL202302633,2023,Palermo,Córdoba,29/06/2021,58,monotributo,781000.0,14.6,106000.0,2,117000.0,0,635.0,1,273000.0,1665000.0,1,4031000.0
CL202304481,2023,Canal Digital,Neuquén,22/10/2019,25,Monotributo,497000.0,0.0,178000.0,4,234.0,N,648.0,2,182000.0,595000.0,1,2116000.0
CL202305307,2023,Canal Digital,Salta,2020-03-17,18,monotrib.,,2.7,199000.0,3,301.0,si,699.0,0,707000.0,2115000.0,0,6291000.0
CL202306091,2023,Mendoza Sur,Buenos Aires,21/03/2018,21,relacion de dependencia,755000.0,0.9,122000.0,4,254000.0,N,748.0,1,371000.0,973000.0,1,5278000.0
CL202302868,2023,Canal Digital,CABA,03/09/2019,32,monotributo,233000.0,5.0,116000.0,4,103.0,S,607.0,1,96000.0,287000.0,1,988000.0
CL202304738,2023,Central,Tucumán,20/05/2017,46,relacion de dependencia,,13.6,245000.0,5,223000.0,Sí,581.0,0,514000.0,622000.0,1,3491000.0
CL202304758,2023,La Plata,Salta,2016-11-14,51,Rel. Dependencia,848000.0,11.5,237000.0,2,214000.0,Sí,607.0,4,327000.0,1708000.0,1,3976000.0
CL202303336,2023,Canal Digital,Tucumán,2019-08-29,18,relacion de dependencia,925000.0,,178000.0,3,286.0,0,822.0,0,146000.0,1565000.0,0,1970000.0
CL202306538,2023,Córdoba Shopping,Neuquén,02/05/2017,54,Informal,,12.5,87000.0,4,69000.0,si,643.0,1,95000.0,381000.0,0,934000.0
CL202306553,2023,Córdoba Shopping,Mendoza,01/09/2017,41,Monotributo,351000.0,,116000.0,3,96000.0,No,644.0,0,63000.0,615000.0,1,1222000.0
CL202301515,2023,Mendoza Sur,Buenos Aires,16/08/2018,57,relacion de dependencia,626000.0,15.1,0.0,2,238000.0,No,,2,274000.0,681000.0,0,2967000.0
CL202306011,2023,Rosario Norte,Mendoza,2019-11-16,53,monotrib.,,,8000.0,2,221000.0,no,747.0,1,172000.0,486000.0,0,2293000.0
CL202305576,2023,Central,Mendoza,03/21/2018,44,monotributo,,10.6,222000.0,9,41000.0,No,710.0,2,485000.0,1499000.0,2,2030000.0
CL202305063,2023,Central,Buenos Aires,18/12/2018,78,RD,1539000.0,26.8,259000.0,4,629000.0,N,,0,1895000.0,3291000.0,0,3548000.0
CL202300627,2023,La Plata,Buenos Aires,14/01/2016,42,informal,147000.0,7.6,68000.0,2,13000.0,S,664.0,1,147000.0,239000.0,0,826000.0
CL202302059,2023,Córdoba Shopping,Neuquén,04/04/2016,22,Rel. Dependencia,1093000.0,8.7,195000.0,6,549000.0,si,738.0,0,307000.0,991000.0,0,5529000.0
CL202302828,2023,Palermo,Tucumán,17/01/2020,42,MT,487000.0,,107000.0,3,149000.0,0,684.0,3,256000.0,822000.0,3,1388000.0
CL202300372,2023,Central,Salta,06/21/2021,32,monotrib.,1083000.0,,162000.0,2,140000.0,si,694.0,0,433000.0,1272000.0,0,6159000.0
CL202301378,2023,Córdoba Shopping,Tucumán,2016-12-28,44,Informal,219000.0,,158000.0,2,10000.0,no,506.0,8,26000.0,307000.0,2,945000.0
CL202303831,2023,Microcentro,Mendoza,2020-12-04,44,Rel. Dependencia,659000.0,14.7,302000.0,6,144000.0,no,652.0,1,430000.0,835000.0,2,2474000.0
CL202305993,2023,Córdoba Shopping,Tucumán,31/03/2016,18,monotributo,572000.0,1.7,77000.0,3,214000.0,no,760.0,2,324000.0,970000.0,1,1210000.0
CL202302606,2023,Central,Salta,13/08/2020,58,relacion de dependencia,758000.0,14.0,224000.0,2,78000.0,0,593.0,1,474000.0,696000.0,0,4730000.0
CL202305407,2023,La Plata,Salta,17/10/2018,39,RD,722000.0,15.3,138000.0,4,5000.0,N,731.0,1,220000.0,1138000.0,1,4690000.0
CL202301238,2023,Central,Santa Fe,2018-01-09,39,monotributo,428000.0,12.8,92000.0,4,108000.0,no,832.0,1,69000.0,715000.0,1,667000.0
CL202305595,2023,La Plata,Buenos Aires,05/16/2021,32,informal,326000.0,4.6,34000.0,1,79000.0,si,,1,223000.0,647000.0,1,1241000.0
CL202303742,2023,Rosario Norte,Buenos Aires,14/12/2019,48,Monotributo,514000.0,9.0,39000.0,4,132000.0,0,706.0,0,302000.0,576000.0,0,2586000.0
CL202306716,2023,Canal Digital,Buenos Aires,09/08/2018,18,RD,490000.0,2.2,146000.0,3,196.0,si,646.0,0,289000.0,408000.0,0,1110000.0
CL202304297,2023,Palermo,CABA,16/03/2016,38,MT,689000.0,6.3,177000.0,3,210000.0,No,689.0,1,397000.0,1387000.0,0,2333000.0
CL202305580,2023,Mendoza Sur,Tucumán,2017-11-18,23,Rel. Dependencia,403000.0,4.2,255000.0,6,125000.0,S,539.0,3,176000.0,400000.0,1,2186000.0
CL202304678,2023,La Plata,Córdoba,05/19/2021,30,RD,617000.0,5.0,145000.0,3,240000.0,No,674.0,1,221000.0,1339000.0,1,2929000.0
CL202303715,2023,Palermo,CABA,05/02/2018,32,relacion de dependencia,,6.4,394000.0,2,331000.0,1,631.0,0,1242000.0,2374000.0,0,6686000.0
CL202303319,2023,Central,Mendoza,2018-08-11,51,Monotributo,425000.0,10.3,114000.0,3,163000.0,Sí,671.0,2,215000.0,430000.0,1,2326000.0
CL202306641,2023,Canal Digital,Neuquén,07/06/2020,18,RD,921000.0,5.3,123000.0,4,269.0,N,735.0,2,398000.0,892000.0,0,6898000.0
CL202300364,2023,Palermo,Salta,30/06/2017,61,s/d,312000.0,,69000.0,3,171000.0,1,714.0,0,0.0,664000.0,1,1028000.0
CL202306147,2023,Central,Buenos Aires,2016-08-19,56,MT,,10.1,63000.0,1,227000.0,N,698.0,1,240000.0,567000.0,1,1343000.0
CL202304829,2023,Mendoza Sur,Buenos Aires,2021-10-10,44,Rel. Dependencia,520000.0,8.2,183000.0,8,244000.0,Sí,689.0,1,141000.0,997000.0,0,1170000.0
CL202302374,2023,Mendoza Sur,Córdoba,04/16/2019,43,Relación de Dependencia,1149000.0,15.6,0.0,3,261000.0,No,784.0,0,967000.0,1206000.0,0,6467000.0
CL202304210,2023,Rosario Norte,Mendoza,10/05/2021,61,informal,310000.0,,133000.0,1,168000.0,No,637.0,3,302000.0,381000.0,0,829000.0
CL202304234,2023,Rosario Norte,Mendoza,2018-12-26,35,Monotributo,705000.0,2.3,155000.0,2,233000.0,0,738.0,1,392000.0,1335000.0,0,2800000.0
CL202306214,2023,Córdoba Shopping,CABA,12/10/2018,28,monotrib.,453000.0,2.9,153000.0,2,158000.0,No,630.0,0,351000.0,445000.0,0,1423000.0
CL202304252,2023,Microcentro,Tucumán,05/02/2021,60,Rel. Dependencia,533000.0,16.2,264000.0,4,215000.0,Sí,588.0,1,144000.0,1117000.0,2,3976000.0
CL202303361,2023,Mendoza Sur,Tucumán,03/13/2020,54,monotrib.,228000.0,13.8,116000.0,4,27000.0,si,574.0,0,121000.0,451000.0,2,557000.0
CL202304700,2023,Canal Digital,Neuquén,24/05/2016,32,Relación de Dependencia,319000.0,6.0,196000.0,5,53.0,1,588.0,1,94000.0,529000.0,1,1345000.0
CL202305602,2023,Córdoba Shopping,Córdoba,2016-06-06,63,monotrib.,591000.0,17.3,86000.0,3,105000.0,N,701.0,1,265000.0,694000.0,0,2648000.0
CL202300144,2023,La Plata,Córdoba,19/05/2019,42,Relación de Dependencia,996000.0,13.5,233000.0,5,126000.0,No,755.0,1,601000.0,1885000.0,0,3144000.0
CL202302796,2023,Microcentro,Neuquén,04/20/2016,18,Relación de Dependencia,413000.0,5.7,109000.0,2,128000.0,1,621.0,1,343000.0,867000.0,0,2640000.0
CL202305654,2023,Canal Digital,Santa Fe,2019-10-26,36,RD,1032000.0,11.9,220000.0,4,371.0,no,635.0,1,1042000.0,853000.0,0,5146000.0
CL202305934,2023,Canal Digital,CABA,2021-12-16,39,monotrib.,1492000.0,9.7,92000.0,3,396.0,no,696.0,1,542000.0,2780000.0,0,3234000.0
CL202303753,2023,Palermo,Córdoba,08/30/2018,57,Monotributo,,15.2,142000.0,5,240000.0,0,609.0,4,192000.0,772000.0,0,833000.0
CL202304416,2023,La Plata,Buenos Aires,01/08/2016,59,Rel. Dependencia,838000.0,20.3,390000.0,4,314000.0,no,,2,320000.0,1594000.0,0,5399000.0
CL202306415,2023,La Plata,Salta,2018-12-13,37,monotrib.,323000.0,,223000.0,6,12000.0,si,,2,192000.0,372000.0,1,881000.0
CL202306150,2023,Palermo,Córdoba,18/04/2017,50,Rel. Dependencia,1606000.0,11.5,182000.0,7,293000.0,N,686.0,1,615000.0,2308000.0,1,6790000.0
CL202300349,2023,Canal Digital,Neuquén,2020-02-06,44,informal,170000.0,,20000.0,2,46.0,0,695.0,2,127000.0,170000.0,1,336000.0
CL202306443,2023,Mendoza Sur,Mendoza,07/04/2021,18,informal,,,63000.0,1,50000.0,Sí,631.0,0,69000.0,242000.0,0,811000.0
CL202301276,2023,Canal Digital,Tucumán,17/01/2016,32,Rel. Dependencia,2935000.0,9.5,455000.0,2,1642.0,no,765.0,0,1687000.0,2881000.0,1,6070000.0
CL202301316,2023,Microcentro,Tucumán,10/05/2018,26,Rel. Dependencia,738000.0,5.5,28000.0,5,322000.0,Sí,702.0,2,392000.0,597000.0,1,3769000.0
CL202301358,2023,Rosario Norte,CABA,07/11/2017,20,RD,1093000.0,8.3,173000.0,6,367000.0,0,715.0,1,547000.0,2386000.0,1,2104000.0
CL202306719,2023,Central,Santa Fe,2017-07-31,42,informal,130000.0,,79000.0,5,58000.0,1,611.0,5,78000.0,186000.0,1,316000.0
CL202302758,2023,Microcentro,Santa Fe,09/20/2021,46,changas,301000.0,9.2,57000.0,2,69000.0,no,688.0,1,254000.0,580000.0,0,2182000.0
CL202302213,2023,Mendoza Sur,Buenos Aires,15/11/2016,38,MT,,4.7,142000.0,5,73000.0,Sí,587.0,2,87000.0,374000.0,0,915000.0
CL202303850,2023,Mendoza Sur,Mendoza,16/06/2016,44,monotrib.,,7.6,57000.0,1,99000.0,0,810.0,0,91000.0,734000.0,0,2556000.0
CL202304440,2023,Córdoba Shopping,Santa Fe,19/04/2016,45,monotrib.,396000.0,6.9,225000.0,1,106000.0,N,564.0,1,220000.0,445000.0,0,2487000.0
CL202304083,2023,La Plata,Neuquén,2018-02-06,20,Relación de Dependencia,1248000.0,5.1,200000.0,2,173000.0,N,676.0,1,721000.0,1447000.0,0,3637000.0
CL202300168,2023,Palermo,Santa Fe,2016-02-28,67,relacion de dependencia,1094000.0,21.4,94000.0,4,616000.0,0,712.0,0,299000.0,1217000.0,0,5523000.0
CL202303919,2023,Palermo,Córdoba,2021-11-11,52,RD,910000.0,12.3,146000.0,7,330000.0,no,688.0,0,227000.0,1641000.0,0,5863000.0
CL202300963,2023,Central,Salta,03/12/2016,32,Informal,,,64000.0,2,103000.0,N,690.0,1,57000.0,261000.0,0,943000.0
CL202305948,2023,Rosario Norte,Neuquén,11/06/2017,43,MT,395000.0,11.2,51000.0,4,112000.0,no,717.0,1,307000.0,479000.0,0,657000.0
CL202305036,2023,Central,CABA,25/02/2019,52,RD,807000.0,15.2,31000.0,4,231000.0,No,822.0,1,109000.0,1692000.0,0,2071000.0
CL202301322,2023,Rosario Norte,Neuquén,09/06/2020,31,Relación de Dependencia,1077000.0,10.2,255000.0,4,290000.0,0,,2,315000.0,1133000.0,0,5924000.0
CL202305636,2023,La Plata,Salta,2017-10-06,27,changas,189000.0,,70000.0,4,51000.0,N,604.0,0,89000.0,318000.0,1,840000.0
CL202305570,2023,Canal Digital,Neuquén,08/11/2018,40,RD,720000.0,11.1,119000.0,2,365.0,si,707.0,0,697000.0,1011000.0,0,2187000.0
CL202305578,2023,Canal Digital,Neuquén,19/11/2018,36,Rel. Dependencia,1300000.0,,105000.0,6,391.0,No,670.0,0,936000.0,1311000.0,1,9628000.0
CL202305735,2023,Rosario Norte,Neuquén,2016-10-11,39,changas,,9.7,38000.0,4,43000.0,Sí,,1,172000.0,553000.0,0,756000.0
CL202300590,2023,Microcentro,Santa Fe,2017-07-01,44,relacion de dependencia,1000000.0,16.1,157000.0,4,300000.0,no,664.0,0,975000.0,1922000.0,1,3619000.0
CL202303503,2023,Canal Digital,Buenos Aires,04/05/2017,43,Relación de Dependencia,1041000.0,14.1,289000.0,5,245.0,0,704.0,3,21000.0,1517000.0,0,3776000.0
CL202302233,2023,Canal Digital,Córdoba,14/02/2020,27,Informal,271000.0,2.5,33000.0,1,88.0,N,650.0,0,138000.0,291000.0,2,1960000.0
CL202302784,2023,Palermo,Neuquén,2016-03-01,25,monotrib.,454000.0,,196000.0,5,45000.0,1,590.0,2,306000.0,971000.0,0,1998000.0
CL202301412,2023,Palermo,Buenos Aires,2017-02-09,37,relacion de dependencia,990000.0,9.2,26000.0,6,446000.0,0,709.0,2,484000.0,2151000.0,0,3577000.0
CL202303055,2023,Palermo,Santa Fe,01/23/2016,43,RD,483000.0,7.9,61000.0,5,140000.0,N,806.0,1,102000.0,685000.0,0,1718000.0
CL202302984,2023,La Plata,Buenos Aires,27/09/2019,18,Rel. Dependencia,573000.0,1.9,165000.0,3,214000.0,no,638.0,0,383000.0,1131000.0,0,909000.0
CL202300615,2023,Córdoba Shopping,Córdoba,2021-06-18,56,relacion de dependencia,593000.0,18.4,146000.0,7,271000.0,No,634.0,2,286000.0,841000.0,0,3531000.0
CL202304532,2023,Microcentro,Mendoza,04/08/2021,71,Rel. Dependencia,680000.0,22.0,169000.0,4,168000.0,si,742.0,0,296000.0,800000.0,1,1665000.0
CL202303278,2023,Microcentro,Mendoza,09/11/2016,49,Relación de Dependencia,1316000.0,14.5,127000.0,7,364000.0,N,707.0,1,505000.0,2549000.0,0,2835000.0
CL202302810,2023,Canal Digital,Salta,2021-04-11,34,Rel. Dependencia,735000.0,9.2,126000.0,2,190.0,N,708.0,0,146000.0,1180000.0,0,3646000.0
CL202302092,2023,Microcentro,Santa Fe,2021-06-10,31,monotrib.,424000.0,3.6,95000.0,5,60000.0,Sí,657.0,1,241000.0,643000.0,0,1167000.0
CL202306085,2023,Córdoba Shopping,Córdoba,05/05/2020,47,RD,1486000.0,13.5,113000.0,4,598000.0,No,,1,142000.0,2407000.0,0,4374000.0
CL202301389,2023,La Plata,CABA,28/04/2017,47,relacion de dependencia,588000.0,12.1,411000.0,6,102000.0,S,505.0,1,412000.0,883000.0,2,990000.0
CL202305450,2023,Mendoza Sur,Mendoza,2018-07-04,56,monotributo,579000.0,15.1,382000.0,3,303000.0,si,509.0,2,175000.0,832000.0,1,1406000.0
CL202303162,2023,Mendoza Sur,Córdoba,2016-03-02,18,Monotributo,946000.0,,123000.0,2,343000.0,S,711.0,0,466000.0,1518000.0,0,2913000.0
CL202300314,2023,Rosario Norte,Córdoba,2018-04-05,49,monotrib.,501000.0,,17000.0,4,63000.0,S,,1,292000.0,473000.0,0,2647000.0
CL202302601,2023,Canal Digital,Mendoza,20/10/2021,54,informal,259000.0,,27000.0,1,136.0,no,840.0,3,152000.0,508000.0,0,725000.0
CL202301739,2023,Mendoza Sur,CABA,13/06/2017,40,Monotributo,282000.0,9.1,145000.0,5,5000.0,S,586.0,2,264000.0,284000.0,0,1029000.0
CL202305534,2023,Córdoba Shopping,CABA,21/09/2020,33,s/d,407000.0,5.0,108000.0,1,153000.0,0,701.0,1,363000.0,797000.0,0,1641000.0
CL202301436,2023,Rosario Norte,Neuquén,06/11/2020,22,monotributo,629000.0,0.1,70000.0,6,253000.0,si,,1,408000.0,804000.0,0,2192000.0
CL202305685,2023,Mendoza Sur,Salta,2018-10-03,26,Rel. Dependencia,849000.0,5.5,51000.0,7,212000.0,0,704.0,4,595000.0,1137000.0,0,2927000.0
CL202304977,2023,Palermo,Tucumán,2016-06-06,41,RD,1046000.0,11.0,226000.0,4,423000.0,no,659.0,1,1110000.0,1363000.0,0,5049000.0
CL202303896,2023,Canal Digital,CABA,04/01/2016,24,Informal,,,19000.0,1,111.0,S,716.0,0,166000.0,553000.0,1,1406000.0
CL202302484,2023,Central,Salta,2018-09-24,38,Informal,121000.0,,48000.0,4,7000.0,1,647.0,3,115000.0,240000.0,2,295000.0
CL202303524,2023,Canal Digital,CABA,06/10/2017,53,RD,288000.0,14.3,45000.0,5,87.0,0,716.0,2,74000.0,395000.0,1,699000.0
CL202304927,2023,Rosario Norte,Neuquén,19/07/2016,30,s/d,207000.0,,122000.0,1,5000.0,Sí,601.0,5,54000.0,364000.0,1,531000.0
CL202304185,2023,Central,Santa Fe,2019-12-07,23,changas,,0.0,31000.0,4,76000.0,0,574.0,0,143000.0,233000.0,0,716000.0
CL202300860,2023,Mendoza Sur,Santa Fe,24/02/2020,26,relacion de dependencia,887000.0,6.0,120000.0,3,262000.0,No,647.0,1,751000.0,1907000.0,0,5140000.0
CL202303991,2023,Microcentro,Tucumán,05/07/2021,46,monotributo,,10.3,125000.0,3,62000.0,No,570.0,1,193000.0,555000.0,0,1202000.0
CL202303447,2023,Córdoba Shopping,Córdoba,22/03/2016,49,Rel. Dependencia,945000.0,12.2,294000.0,4,332000.0,1,666.0,3,310000.0,1597000.0,1,1585000.0
CL202303841,2023,La Plata,Tucumán,04/22/2018,30,s/d,,,30000.0,2,76000.0,Sí,682.0,0,139000.0,192000.0,0,1081000.0
CL202306722,2023,Central,Neuquén,04/09/2021,21,monotrib.,551000.0,0.3,61000.0,3,124000.0,0,850.0,2,496000.0,950000.0,1,1853000.0
CL202306578,2023,Central,Buenos Aires,2019-12-04,58,Relación de Dependencia,768000.0,,48000.0,5,173000.0,No,655.0,0,358000.0,1226000.0,0,3291000.0
CL202300261,2023,Mendoza Sur,Santa Fe,03/04/2020,34,relacion de dependencia,811000.0,8.4,262000.0,4,434000.0,S,692.0,0,510000.0,1119000.0,0,2685000.0
CL202301204,2023,Canal Digital,Santa Fe,10/06/2018,56,Relación de Dependencia,,17.6,176000.0,5,176.0,S,628.0,1,717000.0,1473000.0,0,6431000.0
CL202302492,2023,Microcentro,Tucumán,14/01/2020,49,monotributo,549000.0,10.3,223000.0,5,76000.0,1,561.0,3,488000.0,918000.0,1,1357000.0
CL202304002,2023,Central,Tucumán,03/25/2021,44,Relación de Dependencia,,12.7,7000.0,5,229000.0,0,736.0,0,583000.0,1574000.0,1,3844000.0
CL202304670,2023,Palermo,Tucumán,04/12/2020,35,changas,249000.0,6.7,82000.0,3,65000.0,1,591.0,6,245000.0,421000.0,0,536000.0
CL202304997,2023,Rosario Norte,Salta,03/10/2016,60,MT,207000.0,15.1,43000.0,3,53000.0,No,679.0,1,119000.0,414000.0,0,1488000.0
CL202300688,2023,Canal Digital,Buenos Aires,28/04/2020,43,Rel. Dependencia,612000.0,14.7,120000.0,1,240.0,Sí,714.0,1,468000.0,1032000.0,0,2865000.0
CL202305651,2023,La Plata,Córdoba,27/12/2016,42,monotributo,327000.0,,160000.0,3,96000.0,0,560.0,1,239000.0,439000.0,0,2281000.0
CL202302884,2023,Mendoza Sur,Santa Fe,20/08/2018,37,changas,244000.0,7.0,73000.0,5,48000.0,No,567.0,3,9000.0,354000.0,0,1370000.0
CL202301734,2023,La Plata,Córdoba,23/08/2020,60,Rel. Dependencia,652000.0,18.0,92000.0,3,244000.0,No,603.0,0,527000.0,838000.0,1,4284000.0
CL202306463,2023,Palermo,Salta,09/09/2020,57,Relación de Dependencia,525000.0,13.6,141000.0,5,120000.0,no,703.0,2,356000.0,1049000.0,0,2692000.0
CL202305630,2023,Córdoba Shopping,Tucumán,04/05/2019,39,Monotributo,,,152000.0,4,220000.0,1,,1,238000.0,786000.0,0,2312000.0
CL202304960,2023,Central,Buenos Aires,22/07/2016,36,s/d,259000.0,6.3,40000.0,7,90000.0,no,695.0,0,195000.0,285000.0,1,1049000.0
CL202300437,2023,Córdoba Shopping,Córdoba,06/13/2018,54,Rel. Dependencia,880000.0,18.9,186000.0,4,381000.0,si,674.0,1,895000.0,1550000.0,0,1905000.0
CL202306297,2023,Canal Digital,Mendoza,15/01/2016,54,Informal,260000.0,9.7,28000.0,3,92.0,no,714.0,2,194000.0,368000.0,1,1182000.0
CL202305468,2023,La Plata,CABA,15/05/2021,27,MT,,,152000.0,5,31000.0,Sí,503.0,6,193000.0,324000.0,0,1669000.0
CL202300468,2023,La Plata,Tucumán,22/10/2020,18,RD,243000.0,3.0,120000.0,5,62000.0,S,585.0,1,142000.0,204000.0,3,1926000.0
CL202304477,2023,La Plata,Buenos Aires,2021-04-22,39,Monotributo,513000.0,4.6,183000.0,2,214000.0,N,620.0,4,0.0,1060000.0,1,3400000.0
CL202303421,2023,Microcentro,CABA,28/09/2020,23,monotrib.,,,90000.0,2,81000.0,No,671.0,1,594000.0,1204000.0,0,4778000.0
CL202301374,2023,Microcentro,Salta,05/17/2021,28,relacion de dependencia,558000.0,7.9,209000.0,3,130000.0,Sí,624.0,2,403000.0,786000.0,2,3422000.0
CL202302985,2023,La Plata,Salta,2017-11-26,36,Relación de Dependencia,,8.9,247000.0,6,375000.0,N,786.0,0,548000.0,1858000.0,0,5650000.0
CL202302774,2023,La Plata,Córdoba,19/01/2018,53,Monotributo,,10.3,119000.0,2,136000.0,no,615.0,1,336000.0,777000.0,1,1839000.0
CL202301229,2023,Córdoba Shopping,Buenos Aires,01/05/2021,37,Rel. Dependencia,,9.9,89000.0,4,32000.0,N,664.0,2,228000.0,739000.0,2,1836000.0
CL202300175,2023,Central,Tucumán,30/07/2020,43,RD,854000.0,8.2,180000.0,8,319000.0,No,754.0,3,213000.0,1516000.0,2,3130000.0
CL202304835,2023,Microcentro,Córdoba,12/10/2020,67,RD,,21.4,227000.0,5,559000.0,N,754.0,0,1279000.0,1245000.0,1,8051000.0
CL202306444,2023,Córdoba Shopping,Salta,29/11/2019,38,RD,738000.0,12.6,118000.0,5,138000.0,N,656.0,1,80000.0,679000.0,0,4031000.0
CL202301099,2023,Canal Digital,Neuquén,05/07/2017,34,relacion de dependencia,1153000.0,,193000.0,5,218.0,No,813.0,2,495000.0,1978000.0,0,9094000.0
CL202302742,2023,Mendoza Sur,Neuquén,14/10/2016,20,s/d,,4.0,15000.0,7,32000.0,N,706.0,1,44000.0,159000.0,0,223000.0
CL202303837,2023,Microcentro,Mendoza,18/03/2019,30,Relación de Dependencia,586000.0,9.0,36000.0,5,81000.0,0,737.0,0,404000.0,1044000.0,0,3653000.0
CL202301454,2023,Microcentro,Buenos Aires,13/01/2020,55,informal,411000.0,,75000.0,4,209000.0,Sí,663.0,0,176000.0,747000.0,1,2141000.0
CL202304435,2023,Microcentro,CABA,2019-02-11,45,RD,880000.0,15.5,96000.0,3,332000.0,N,698.0,0,148000.0,900000.0,0,5955000.0
CL202302518,2023,Rosario Norte,Tucumán,02/19/2016,45,changas,203000.0,6.4,92000.0,6,52000.0,no,625.0,2,105000.0,181000.0,0,713000.0
CL202305656,2023,Córdoba Shopping,Santa Fe,24/04/2016,31,RD,1113000.0,13.7,180000.0,3,349000.0,N,772.0,2,596000.0,2296000.0,0,5880000.0
CL202304709,2023,Canal Digital,CABA,09/09/2017,53,informal,158000.0,18.9,123000.0,3,52.0,0,560.0,3,176000.0,179000.0,3,1004000.0
CL202300496,2023,Córdoba Shopping,Mendoza,08/02/2017,32,monotrib.,399000.0,9.1,53000.0,2,176000.0,0,,0,172000.0,387000.0,1,1493000.0
CL202300712,2023,Palermo,Salta,05/11/2021,49,monotrib.,214000.0,4.4,150000.0,2,87000.0,S,556.0,6,47000.0,291000.0,2,787000.0
CL202300187,2023,Mendoza Sur,Mendoza,06/06/2017,45,Monotributo,410000.0,10.7,79000.0,4,41000.0,no,732.0,0,108000.0,669000.0,1,2364000.0
CL202306427,2023,Córdoba Shopping,Buenos Aires,14/12/2019,37,Relación de Dependencia,1039000.0,10.6,109000.0,5,340000.0,0,733.0,1,638000.0,1014000.0,1,4231000.0
CL202301411,2023,Rosario Norte,CABA,26/07/2016,55,RD,662000.0,16.5,121000.0,5,277000.0,no,,0,350000.0,636000.0,0,3089000.0
CL202300540,2023,Microcentro,Santa Fe,10/23/2021,48,monotrib.,,14.3,170000.0,2,97000.0,No,570.0,1,250000.0,466000.0,0,687000.0
CL202302407,2023,Central,Mendoza,02/05/2017,47,relacion de dependencia,1199000.0,19.4,334000.0,4,312000.0,No,634.0,1,901000.0,1550000.0,0,3682000.0
CL202306406,2023,La Plata,Salta,14/11/2019,57,RD,404000.0,11.6,126000.0,6,120000.0,1,645.0,0,56000.0,575000.0,0,1452000.0
CL202300942,2023,Rosario Norte,Santa Fe,03/01/2020,52,Rel. Dependencia,632000.0,13.9,140000.0,6,232000.0,no,691.0,2,190000.0,834000.0,0,4544000.0
CL202301329,2023,Palermo,Salta,02/03/2018,51,monotrib.,252000.0,14.0,111000.0,7,109000.0,si,596.0,3,124000.0,477000.0,1,1850000.0
CL202300038,2023,Central,Santa Fe,2017-01-10,32,informal,172000.0,8.6,86000.0,4,58000.0,si,604.0,2,89000.0,323000.0,3,429000.0
CL202300380,2023,Central,Mendoza,29/08/2018,70,monotributo,314000.0,14.9,117000.0,3,84000.0,0,638.0,1,133000.0,358000.0,0,1627000.0
CL202304704,2023,Canal Digital,Buenos Aires,2020-06-05,47,Relación de Dependencia,,13.5,141000.0,6,350.0,Sí,665.0,0,538000.0,565000.0,1,2717000.0
CL202305372,2023,La Plata,Salta,06/08/2018,62,Rel. Dependencia,282000.0,16.7,141000.0,5,66000.0,no,,1,110000.0,542000.0,1,2095000.0
CL202304545,2023,Mendoza Sur,Santa Fe,12/05/2017,20,s/d,185000.0,,52000.0,4,61000.0,S,631.0,0,164000.0,218000.0,0,625000.0
CL202305170,2023,Rosario Norte,Mendoza,2020-08-12,35,monotributo,,4.2,155000.0,2,181000.0,1,679.0,0,576000.0,1114000.0,1,2278000.0
CL202305288,2023,Central,Mendoza,12/12/2018,22,Rel. Dependencia,1522000.0,1.1,214000.0,3,664000.0,No,,2,516000.0,2870000.0,0,11633000.0
CL202306687,2023,Central,Mendoza,24/01/2016,42,Informal,187000.0,7.0,97000.0,1,51000.0,Sí,564.0,3,118000.0,290000.0,1,398000.0
CL202304712,2023,Córdoba Shopping,Mendoza,2019-02-28,35,Monotributo,359000.0,7.0,165000.0,2,94000.0,S,535.0,2,204000.0,688000.0,1,1118000.0
CL202300269,2023,La Plata,Neuquén,12/12/2020,26,relacion de dependencia,833000.0,2.5,93000.0,3,167000.0,0,796.0,2,528000.0,1008000.0,0,4677000.0
CL202305045,2023,La Plata,Salta,12/04/2019,52,monotributo,497000.0,10.7,112000.0,1,40000.0,N,701.0,0,407000.0,478000.0,0,3855000.0
CL202306113,2023,Córdoba Shopping,Mendoza,07/04/2016,35,Rel. Dependencia,,10.6,117000.0,5,130000.0,N,697.0,1,126000.0,750000.0,0,2224000.0
CL202300575,2023,Córdoba Shopping,Córdoba,10/17/2020,48,Rel. Dependencia,,13.4,83000.0,5,185000.0,N,784.0,0,540000.0,1073000.0,1,4977000.0
CL202302617,2023,Microcentro,CABA,2017-01-30,63,relacion de dependencia,1788000.0,21.8,292000.0,4,639000.0,N,778.0,1,1331000.0,2800000.0,0,3442000.0
CL202304154,2023,La Plata,Córdoba,20/10/2017,26,RD,,,129000.0,5,488000.0,No,747.0,1,859000.0,2016000.0,0,7633000.0
CL202304484,2023,Canal Digital,Salta,23/04/2020,35,s/d,,8.0,41000.0,2,28.0,1,596.0,2,35000.0,223000.0,1,299000.0
CL202304968,2023,Palermo,Mendoza,05/01/2018,71,Relación de Dependencia,627000.0,16.8,254000.0,8,201000.0,Sí,611.0,0,210000.0,1197000.0,1,4291000.0
CL202302577,2023,Microcentro,Neuquén,07/02/2018,39,monotributo,230000.0,,21000.0,2,122000.0,N,715.0,1,108000.0,198000.0,0,705000.0
CL202306002,2023,Canal Digital,Mendoza,07/03/2021,49,Relación de Dependencia,1257000.0,15.2,111000.0,4,483.0,No,708.0,0,657000.0,1100000.0,0,9577000.0
CL202305503,2023,Canal Digital,Mendoza,2017-09-02,43,monotributo,224000.0,5.9,47000.0,2,16.0,no,685.0,1,123000.0,467000.0,0,1205000.0
CL202305855,2023,Microcentro,CABA,29/06/2019,41,Relación de Dependencia,2402000.0,9.9,56000.0,6,406000.0,N,711.0,1,1419000.0,4373000.0,0,10405000.0
CL202301837,2023,Canal Digital,CABA,09/09/2018,74,MT,695000.0,,21000.0,4,188.0,N,655.0,0,477000.0,597000.0,0,5066000.0
CL202304820,2023,Córdoba Shopping,Santa Fe,27/05/2018,43,relacion de dependencia,1283000.0,13.1,576000.0,6,528000.0,Sí,649.0,1,191000.0,2467000.0,0,7122000.0
CL202303639,2023,Microcentro,Buenos Aires,07/01/2018,61,informal,,,19000.0,2,84000.0,0,653.0,0,217000.0,515000.0,1,1304000.0
CL202300863,2023,Canal Digital,Mendoza,03/10/2017,21,RD,,2.5,279000.0,5,194.0,Sí,641.0,0,0.0,816000.0,1,1979000.0
CL202305292,2023,Canal Digital,CABA,15/06/2020,41,MT,1316000.0,8.8,173000.0,2,483.0,N,718.0,0,1476000.0,2746000.0,0,8697000.0
CL202305775,2023,Central,Salta,2017-02-06,45,Informal,213000.0,8.9,91000.0,3,79000.0,1,614.0,1,136000.0,341000.0,0,744000.0
CL202301815,2023,Canal Digital,CABA,22/05/2021,32,s/d,111000.0,,48000.0,3,33.0,1,558.0,2,96000.0,189000.0,0,830000.0
CL202305070,2023,Córdoba Shopping,Buenos Aires,02/07/2021,56,MT,,,48000.0,4,78000.0,0,,1,119000.0,370000.0,0,1290000.0
CL202300139,2023,La Plata,Salta,2020-02-23,56,informal,274000.0,,140000.0,3,172000.0,1,580.0,5,161000.0,292000.0,5,515000.0
CL202302557,2023,Central,Salta,04/01/2018,56,MT,392000.0,,15000.0,2,87000.0,S,705.0,0,304000.0,401000.0,2,812000.0
CL202302926,2023,Central,Santa Fe,12/20/2020,18,changas,196000.0,1.0,48000.0,2,61000.0,0,713.0,0,103000.0,327000.0,0,938000.0
CL202306242,2023,Rosario Norte,Santa Fe,12/01/2021,62,s/d,272000.0,,114000.0,2,85000.0,S,626.0,3,145000.0,423000.0,3,731000.0
CL202301119,2023,Microcentro,Mendoza,2019-03-29,45,Relación de Dependencia,809000.0,,174000.0,4,312000.0,N,675.0,0,126000.0,1497000.0,0,3394000.0
CL202300720,2023,Palermo,Buenos Aires,31/12/2019,32,informal,,,56000.0,3,43000.0,Sí,541.0,2,109000.0,213000.0,0,439000.0
CL202303665,2023,Rosario Norte,CABA,07/06/2017,43,relacion de dependencia,1014000.0,7.9,117000.0,2,168000.0,S,642.0,2,510000.0,859000.0,0,7518000.0
CL202302537,2023,Microcentro,Buenos Aires,2021-10-25,41,RD,1238000.0,13.3,293000.0,3,230000.0,no,,1,1267000.0,1472000.0,0,9333000.0
CL202301672,2023,Córdoba Shopping,Buenos Aires,21/09/2016,47,RD,,12.0,99000.0,3,157000.0,si,589.0,0,173000.0,1277000.0,1,4909000.0
CL202300921,2023,Mendoza Sur,Salta,2020-05-09,30,s/d,137000.0,2.0,58000.0,2,19000.0,No,541.0,0,61000.0,273000.0,1,1020000.0
CL202301138,2023,Córdoba Shopping,Buenos Aires,09/30/2018,42,Monotributo,,,233000.0,3,329000.0,S,606.0,1,460000.0,924000.0,0,4425000.0
CL202305336,2023,Central,Buenos Aires,18/10/2017,45,relacion de dependencia,829000.0,13.4,160000.0,5,171000.0,No,704.0,1,469000.0,1380000.0,1,2731000.0
CL202301769,2023,Mendoza Sur,Córdoba,03/21/2017,33,Relación de Dependencia,387000.0,10.7,190000.0,4,120000.0,N,608.0,1,45000.0,773000.0,0,2049000.0
CL202306771,2023,Córdoba Shopping,CABA,2017-04-20,31,Relación de Dependencia,776000.0,6.3,278000.0,4,114000.0,No,655.0,1,211000.0,1438000.0,2,2568000.0
CL202301627,2023,Canal Digital,Santa Fe,20/08/2021,49,Relación de Dependencia,413000.0,10.4,87000.0,9,105.0,0,654.0,1,396000.0,383000.0,0,1215000.0
CL202305931,2023,Microcentro,CABA,15/01/2019,54,Relación de Dependencia,,14.3,98000.0,10,108000.0,no,662.0,0,255000.0,463000.0,0,3463000.0
CL202301621,2023,Microcentro,Buenos Aires,21/11/2016,19,Relación de Dependencia,506000.0,1.6,120000.0,3,39000.0,no,684.0,1,72000.0,732000.0,1,2467000.0
CL202302858,2023,Central,Neuquén,05/11/2017,50,monotrib.,845000.0,13.8,422000.0,1,234000.0,no,574.0,2,666000.0,1135000.0,1,2982000.0
CL202301279,2023,La Plata,CABA,09/28/2018,46,informal,190000.0,13.8,31000.0,2,72000.0,no,631.0,2,93000.0,216000.0,0,339000.0
CL202300481,2023,Microcentro,Córdoba,21/10/2021,46,informal,,12.6,46000.0,4,67000.0,S,657.0,3,76000.0,253000.0,1,549000.0
CL202300172,2023,Microcentro,Salta,2020-09-27,56,changas,472000.0,11.3,137000.0,1,253000.0,S,608.0,1,347000.0,807000.0,0,2708000.0
CL202303075,2023,Palermo,Salta,10/15/2016,48,monotributo,,13.0,117000.0,2,223000.0,No,650.0,2,409000.0,983000.0,1,3708000.0
CL202304814,2023,Central,Mendoza,2016-04-22,39,monotributo,607000.0,,210000.0,2,226000.0,Sí,,0,352000.0,590000.0,0,1900000.0
CL202300084,2023,Rosario Norte,Salta,2017-08-12,25,changas,143000.0,2.9,62000.0,4,33000.0,Sí,636.0,1,69000.0,223000.0,0,976000.0
CL202304204,2023,Mendoza Sur,Neuquén,2020-06-04,21,Monotributo,432000.0,0.0,72000.0,2,174000.0,N,642.0,1,369000.0,872000.0,0,2786000.0
CL202305134,2023,La Plata,Mendoza,12/05/2016,35,MT,,,112000.0,4,52000.0,1,731.0,1,239000.0,604000.0,2,1653000.0
CL202305241,2023,Microcentro,Tucumán,25/06/2017,62,Relación de Dependencia,345000.0,19.9,122000.0,2,102000.0,N,668.0,1,35000.0,286000.0,1,2746000.0
CL202301013,2023,Córdoba Shopping,CABA,20/03/2021,18,Rel. Dependencia,270000.0,2.4,129000.0,5,68000.0,no,,0,155000.0,328000.0,0,1587000.0
CL202303769,2023,Microcentro,Salta,14/03/2021,24,RD,895000.0,7.3,372000.0,3,175000.0,1,659.0,2,287000.0,1308000.0,2,6701000.0
CL202305199,2023,La Plata,Mendoza,23/12/2021,52,Informal,,12.6,79000.0,1,44000.0,0,522.0,3,75000.0,259000.0,1,802000.0
CL202301216,2023,Palermo,Tucumán,2018-01-18,47,relacion de dependencia,868000.0,14.5,136000.0,7,232000.0,no,657.0,1,0.0,917000.0,0,5487000.0
CL202301618,2023,Rosario Norte,Tucumán,13/01/2017,23,Rel. Dependencia,637000.0,3.0,156000.0,2,377000.0,si,,3,535000.0,589000.0,0,1060000.0
CL202306695,2023,Central,Neuquén,2017-05-01,18,Monotributo,139000.0,0.5,46000.0,3,46000.0,si,696.0,3,12000.0,277000.0,1,429000.0
CL202300251,2023,La Plata,Santa Fe,25/12/2018,50,Informal,,9.1,33000.0,1,87000.0,no,644.0,0,0.0,426000.0,0,1664000.0
CL202301045,2023,Palermo,Buenos Aires,02/08/2020,19,RD,737000.0,10.0,345000.0,3,188000.0,1,607.0,0,322000.0,1132000.0,0,5186000.0
CL202301298,2023,Microcentro,Salta,04/11/2018,49,monotributo,746000.0,11.7,157000.0,2,182000.0,N,743.0,2,485000.0,1293000.0,0,3034000.0
CL202301591,2023,La Plata,Córdoba,05/12/2018,50,Relación de Dependencia,3079000.0,14.2,467000.0,4,1271000.0,0,710.0,0,1536000.0,2508000.0,1,6998000.0
CL202303786,2023,Microcentro,Santa Fe,12/06/2019,41,monotrib.,,12.2,139000.0,3,221000.0,No,632.0,2,324000.0,735000.0,3,1463000.0
CL202302912,2023,Rosario Norte,Córdoba,2019-05-19,38,Rel. Dependencia,529000.0,7.6,210000.0,4,133000.0,Sí,649.0,3,96000.0,527000.0,2,2587000.0
CL202305211,2023,Mendoza Sur,Salta,18/09/2019,27,Rel. Dependencia,764000.0,2.6,245000.0,5,163000.0,no,639.0,1,263000.0,1545000.0,1,2320000.0
CL202301503,2023,Córdoba Shopping,Córdoba,2016-10-20,18,Rel. Dependencia,,3.7,232000.0,4,254000.0,No,795.0,0,324000.0,2113000.0,0,9058000.0
CL202304420,2023,Palermo,Buenos Aires,01/14/2016,48,Monotributo,875000.0,11.2,62000.0,2,152000.0,0,739.0,1,587000.0,1705000.0,0,2947000.0
cl202300211,2023,Mendoza Sur,Neuquén,01/11/2019,42,Rel. Dependencia,208000.0,15.9,120000.0,7,36000.0,1,585.0,1,144000.0,335000.0,3,1365000.0
CL202301786,2023,Canal Digital,Mendoza,07/25/2017,36,Relación de Dependencia,924000.0,7.5,105000.0,4,450.0,0,720.0,0,683000.0,1196000.0,0,3261000.0
CL202306555,2023,Palermo,CABA,2018-01-27,42,changas,290000.0,10.4,69000.0,2,59000.0,no,608.0,0,190000.0,285000.0,0,2043000.0
CL202302530,2023,Palermo,Córdoba,03/07/2017,45,monotributo,438000.0,10.3,160000.0,2,163000.0,no,647.0,3,163000.0,794000.0,1,1389000.0
CL202300658,2023,Canal Digital,Buenos Aires,25/03/2017,42,monotributo,1141000.0,5.8,409000.0,1,219.0,No,610.0,1,514000.0,1405000.0,0,2674000.0
CL202305850,2023,Rosario Norte,Salta,08/02/2016,33,Relación de Dependencia,1674000.0,5.6,222000.0,2,142000.0,No,725.0,1,938000.0,2735000.0,0,2813000.0
CL202302478,2023,Canal Digital,Neuquén,2017-10-06,46,monotrib.,276000.0,,78000.0,2,53.0,No,681.0,1,179000.0,571000.0,1,595000.0
CL202306360,2023,La Plata,Santa Fe,18/08/2018,39,s/d,253000.0,6.4,39000.0,3,118000.0,No,743.0,0,104000.0,233000.0,1,1290000.0
CL202302103,2023,Palermo,CABA,07/08/2019,36,relacion de dependencia,271000.0,13.8,176000.0,7,149000.0,si,,4,257000.0,308000.0,0,1215000.0
CL202303626,2023,Rosario Norte,Santa Fe,04/29/2016,29,Informal,,,50000.0,5,38000.0,1,552.0,1,29000.0,132000.0,0,481000.0
CL202304187,2023,Palermo,Mendoza,06/01/2018,67,relacion de dependencia,1905000.0,20.2,244000.0,3,680000.0,0,796.0,1,1477000.0,1853000.0,0,14327000.0
CL202303011,2023,Microcentro,CABA,15/04/2017,55,informal,250000.0,,234000.0,4,22000.0,si,456.0,4,122000.0,277000.0,4,1137000.0
CL202304473,2023,Rosario Norte,Neuquén,21/07/2018,32,relacion de dependencia,477000.0,11.0,398000.0,4,135000.0,1,529.0,3,339000.0,1016000.0,1,2369000.0
CL202304058,2023,Palermo,Tucumán,06/14/2017,57,Monotributo,478000.0,19.0,187000.0,1,198000.0,Sí,627.0,3,251000.0,889000.0,1,3377000.0
CL202306760,2023,La Plata,Salta,2020-11-26,40,RD,587000.0,10.6,203000.0,3,167000.0,S,662.0,1,149000.0,853000.0,0,2200000.0
CL202306187,2023,Microcentro,Tucumán,05/26/2020,32,Rel. Dependencia,,7.3,197000.0,6,44000.0,no,644.0,0,315000.0,1391000.0,1,2101000.0
CL202300968,2023,Palermo,Mendoza,04/12/2018,46,s/d,599000.0,,190000.0,5,209000.0,S,553.0,1,460000.0,785000.0,0,4222000.0
CL202305765,2023,La Plata,CABA,28/06/2019,58,Monotributo,194000.0,14.1,112000.0,4,74000.0,S,588.0,2,109000.0,195000.0,3,1490000.0
CL202304215,2023,Microcentro,CABA,2016-12-11,47,Relación de Dependencia,,11.1,517000.0,5,220000.0,N,779.0,2,400000.0,2047000.0,0,7354000.0
CL202306244,2023,Canal Digital,Tucumán,23/05/2016,36,Rel. Dependencia,,10.6,49000.0,2,728.0,no,730.0,0,660000.0,2721000.0,0,6706000.0
CL202301020,2023,La Plata,Mendoza,13/03/2018,39,Rel. Dependencia,428000.0,10.7,126000.0,5,139000.0,N,655.0,2,186000.0,370000.0,0,1721000.0
CL202304804,2023,Córdoba Shopping,Santa Fe,09/04/2016,39,Rel. Dependencia,1632000.0,13.0,316000.0,5,752000.0,No,720.0,1,320000.0,1743000.0,3,7003000.0
CL202302145,2023,Microcentro,Santa Fe,27/10/2016,18,changas,584000.0,,112000.0,4,170000.0,N,823.0,0,269000.0,483000.0,2,2289000.0
CL202306547,2023,Palermo,Tucumán,05/07/2017,54,informal,666000.0,,136000.0,2,305000.0,0,618.0,1,193000.0,542000.0,0,3288000.0
CL202301949,2023,Palermo,Córdoba,09/15/2020,42,informal,,7.1,48000.0,2,96000.0,N,649.0,1,61000.0,663000.0,1,1337000.0
CL202304534,2023,Rosario Norte,Neuquén,05/01/2021,35,relacion de dependencia,697000.0,9.6,132000.0,3,209000.0,0,677.0,0,548000.0,1230000.0,0,1818000.0
CL202304838,2023,Rosario Norte,Santa Fe,12/12/2016,28,RD,,8.3,91000.0,4,30000.0,N,812.0,2,195000.0,1169000.0,0,1382000.0
CL202302793,2023,Canal Digital,Neuquén,01/03/2018,28,MT,264000.0,3.3,33000.0,4,90.0,no,696.0,1,22000.0,547000.0,0,1233000.0
CL202300827,2023,Rosario Norte,Neuquén,09/05/2017,28,monotributo,248000.0,2.2,47000.0,3,65000.0,si,623.0,2,128000.0,247000.0,0,1426000.0
CL202306682,2023,Central,Salta,09/02/2019,54,RD,621000.0,15.9,331000.0,4,196000.0,si,595.0,2,454000.0,1347000.0,2,4740000.0
CL202306301,2023,Microcentro,Mendoza,14/08/2016,35,monotributo,,5.8,177000.0,3,166000.0,S,595.0,0,307000.0,740000.0,2,1384000.0
CL202303759,2023,Palermo,Mendoza,2020-05-23,52,Relación de Dependencia,785000.0,18.2,367000.0,4,324000.0,no,688.0,1,0.0,810000.0,0,4414000.0
CL202302360,2023,Central,Santa Fe,2017-06-26,39,Rel. Dependencia,,12.2,34000.0,10,106000.0,si,724.0,2,460000.0,674000.0,0,2405000.0
CL202304620,2023,Central,CABA,03/03/2021,38,monotributo,,7.7,102000.0,4,59000.0,N,597.0,1,60000.0,238000.0,0,960000.0
CL202303811,2023,Central,Mendoza,2021-03-23,56,s/d,,15.8,63000.0,1,53000.0,si,692.0,2,159000.0,460000.0,1,1025000.0
CL202302706,2023,Central,Neuquén,12/10/2017,39,relacion de dependencia,,12.8,230000.0,5,325000.0,si,,0,424000.0,1559000.0,0,2745000.0
CL202304802,2023,Rosario Norte,Neuquén,07/02/2018,41,Informal,168000.0,,90000.0,3,39000.0,N,567.0,4,185000.0,344000.0,1,1070000.0
CL202305987,2023,Microcentro,Santa Fe,26/11/2020,34,RD,488000.0,2.4,133000.0,2,213000.0,Sí,639.0,2,331000.0,902000.0,0,3386000.0
CL202305827,2023,Mendoza Sur,Tucumán,11/05/2017,43,Monotributo,391000.0,,135000.0,1,146000.0,No,627.0,1,325000.0,589000.0,0,592000.0
CL202302961,2023,La Plata,Buenos Aires,30/12/2018,63,Rel. Dependencia,276000.0,20.2,93000.0,2,43000.0,si,599.0,1,13000.0,465000.0,1,961000.0
CL202302142,2023,Central,Tucumán,03/17/2021,45,Rel. Dependencia,527000.0,13.5,107000.0,6,112000.0,no,640.0,0,268000.0,1129000.0,0,1645000.0
CL202301314,2023,Central,Neuquén,08/12/2017,55,monotributo,,14.9,52000.0,3,84000.0,N,682.0,0,295000.0,463000.0,1,2579000.0
CL202304167,2023,Central,Buenos Aires,26/05/2017,55,RD,225000.0,10.6,79000.0,5,50000.0,Sí,642.0,0,134000.0,202000.0,1,1081000.0
CL202305557,2023,Córdoba Shopping,Neuquén,02/11/2021,40,MT,,7.9,98000.0,4,135000.0,1,643.0,1,156000.0,731000.0,0,2430000.0
CL202305079,2023,Central,Salta,14/12/2016,40,relacion de dependencia,1720000.0,12.4,401000.0,4,661000.0,0,850.0,1,408000.0,1825000.0,1,12313000.0
CL202302519,2023,Rosario Norte,Tucumán,30/03/2020,37,RD,423000.0,9.0,233000.0,2,165000.0,Sí,673.0,2,387000.0,402000.0,1,2470000.0
CL202302787,2023,La Plata,Salta,2020-08-03,49,RD,607000.0,14.9,57000.0,3,224000.0,No,725.0,1,470000.0,1134000.0,1,1769000.0
CL202305415,2023,Palermo,Mendoza,16/01/2021,27,RD,649000.0,4.2,129000.0,5,248000.0,1,703.0,2,849000.0,1314000.0,0,2789000.0
CL202300749,2023,Córdoba Shopping,Buenos Aires,12/03/2021,31,Relación de Dependencia,500000.0,2.7,159000.0,4,85000.0,No,,2,250000.0,624000.0,1,755000.0
CL202306592,2023,Rosario Norte,Neuquén,04/05/2017,18,monotributo,298000.0,3.4,55000.0,1,110000.0,S,652.0,2,339000.0,622000.0,0,1068000.0
CL202304688,2023,Palermo,Mendoza,26/01/2018,18,Rel. Dependencia,747000.0,0.2,27000.0,4,210000.0,N,766.0,1,670000.0,650000.0,0,3896000.0
CL202306026,2023,Central,Mendoza,02/09/2017,32,relacion de dependencia,475000.0,7.6,165000.0,3,153000.0,no,705.0,2,134000.0,643000.0,1,2536000.0
CL202304078,2023,La Plata,Tucumán,09/04/2018,45,Monotributo,,11.8,87000.0,2,204000.0,0,713.0,0,454000.0,583000.0,3,2373000.0
CL202304301,2023,La Plata,Mendoza,14/01/2019,57,s/d,,,49000.0,3,95000.0,no,698.0,0,144000.0,477000.0,0,774000.0
CL202304819,2023,Canal Digital,Córdoba,2020-01-17,40,RD,343000.0,10.8,109000.0,2,140.0,0,653.0,3,186000.0,569000.0,0,2526000.0
CL202304345,2023,La Plata,Tucumán,03/04/2017,39,MT,365000.0,10.1,178000.0,3,105000.0,1,546.0,0,221000.0,565000.0,1,2483000.0
CL202301922,2023,La Plata,CABA,2021-11-05,24,s/d,828000.0,0.0,189000.0,2,105000.0,S,684.0,1,703000.0,1525000.0,0,2292000.0
CL202303690,2023,Rosario Norte,Córdoba,15/09/2018,58,monotributo,228000.0,8.5,53000.0,1,82000.0,no,637.0,2,190000.0,298000.0,0,1767000.0
CL202305890,2023,Córdoba Shopping,Santa Fe,07/10/2017,53,RD,444000.0,15.4,178000.0,6,183000.0,1,686.0,1,327000.0,453000.0,1,2676000.0
CL202306120,2023,Palermo,Neuquén,05/03/2016,45,MT,7720000.0,12.4,214000.0,4,323000.0,0,621.0,1,538000.0,1550000.0,0,4436000.0
CL202305933,2023,La Plata,Tucumán,08/04/2020,47,Relación de Dependencia,369000.0,12.3,143000.0,5,64000.0,0,570.0,2,396000.0,518000.0,0,2708000.0
CL202301992,2023,Canal Digital,CABA,24/12/2019,25,monotributo,,0.0,25000.0,8,224.0,0,768.0,1,214000.0,698000.0,1,3755000.0
CL202301396,2023,Mendoza Sur,Tucumán,2018-08-05,47,Monotributo,389000.0,12.2,148000.0,4,140000.0,S,651.0,0,273000.0,602000.0,1,2032000.0
CL202304902,2023,Córdoba Shopping,Neuquén,15/09/2020,73,monotrib.,250000.0,,72000.0,2,67000.0,1,630.0,1,202000.0,294000.0,1,1349000.0
CL202304306,2023,Rosario Norte,Buenos Aires,13/06/2020,46,Rel. Dependencia,1115000.0,10.0,178000.0,3,289000.0,0,653.0,2,802000.0,1720000.0,1,2513000.0
CL202304577,2023,Canal Digital,Córdoba,12/25/2017,26,monotrib.,,,130000.0,2,125.0,Sí,626.0,1,100000.0,547000.0,0,1981000.0
CL202305984,2023,Central,CABA,10/31/2021,35,Informal,301000.0,,121000.0,6,16000.0,S,628.0,2,192000.0,355000.0,1,812000.0
CL202303470,2023,Microcentro,CABA,31/12/2020,41,Relación de Dependencia,345000.0,15.1,12000.0,5,81000.0,N,706.0,0,122000.0,742000.0,0,1253000.0
CL202304852,2023,Microcentro,Tucumán,05/02/2017,22,monotrib.,563000.0,,101000.0,4,295000.0,no,,1,266000.0,978000.0,0,4485000.0
CL202301776,2023,Rosario Norte,Salta,19/10/2018,45,Rel. Dependencia,1395000.0,8.2,109000.0,2,289000.0,No,661.0,0,472000.0,2744000.0,0,5749000.0
CL202301423,2023,Canal Digital,CABA,2019-10-07,49,relacion de dependencia,,12.2,51000.0,6,77.0,Sí,628.0,1,59000.0,354000.0,1,1572000.0
CL202305485,2023,Mendoza Sur,Buenos Aires,19/08/2018,58,relacion de dependencia,712000.0,17.7,160000.0,5,238000.0,no,734.0,0,372000.0,1206000.0,0,3014000.0
CL202305923,2023,Microcentro,Salta,25/09/2017,48,RD,1179000.0,14.5,123000.0,1,244000.0,0,713.0,0,30000.0,1979000.0,0,3629000.0
CL202304142,2023,Central,CABA,01/12/2018,43,relacion de dependencia,,9.3,120000.0,6,97000.0,S,723.0,1,696000.0,1829000.0,1,2898000.0
CL202303217,2023,Rosario Norte,Buenos Aires,02/19/2020,44,monotributo,915000.0,11.6,141000.0,3,449000.0,no,721.0,0,536000.0,1147000.0,0,5549000.0
CL202306364,2023,Palermo,CABA,18/02/2016,38,MT,416000.0,8.4,125000.0,4,102000.0,0,597.0,1,261000.0,657000.0,0,1701000.0
CL202304266,2023,La Plata,Tucumán,04/11/2019,39,monotrib.,421000.0,4.5,230000.0,4,203000.0,S,570.0,2,336000.0,604000.0,0,1567000.0
CL202304349,2023,Microcentro,Mendoza,25/05/2018,29,Rel. Dependencia,383000.0,2.3,89000.0,3,218000.0,no,,2,147000.0,371000.0,1,1229000.0
CL202302226,2023,La Plata,CABA,01/12/2018,18,monotrib.,1113000.0,0.0,187000.0,3,574000.0,no,735.0,2,543000.0,1813000.0,0,4509000.0
CL202301047,2023,Córdoba Shopping,Córdoba,09/06/2018,39,monotrib.,354000.0,10.4,103000.0,1,156000.0,N,678.0,1,325000.0,538000.0,1,1539000.0
CL202305540,2023,Canal Digital,CABA,22/04/2017,34,Relación de Dependencia,,6.4,191000.0,1,247.0,No,671.0,2,400000.0,1145000.0,0,4700000.0
CL202300367,2023,Central,Tucumán,2017-08-05,48,relacion de dependencia,1502000.0,16.4,42000.0,6,409000.0,0,677.0,0,753000.0,3046000.0,0,3914000.0
CL202301219,2023,Rosario Norte,Salta,17/02/2018,36,Relación de Dependencia,354000.0,9.6,72000.0,4,78000.0,No,701.0,0,169000.0,619000.0,0,2772000.0
CL202306027,2023,Mendoza Sur,CABA,01/11/2016,59,changas,228000.0,18.9,58000.0,3,51000.0,S,623.0,2,115000.0,277000.0,1,1225000.0
CL202300880,2023,Canal Digital,Buenos Aires,05/05/2019,65,relacion de dependencia,1857000.0,18.6,220000.0,5,799.0,1,745.0,0,557000.0,2380000.0,1,8975000.0
CL202302187,2023,Canal Digital,CABA,16/06/2018,29,s/d,458000.0,,372000.0,2,151.0,Sí,445.0,2,202000.0,652000.0,1,3330000.0
CL202305508,2023,Canal Digital,Tucumán,15/06/2020,31,Informal,282000.0,4.9,192000.0,3,63.0,Sí,568.0,1,149000.0,367000.0,2,2100000.0
CL202305560,2023,Central,Mendoza,01/08/2016,60,MT,,,77000.0,1,78000.0,Sí,738.0,0,222000.0,826000.0,1,1090000.0
CL202306260,2023,Microcentro,Neuquén,2021-10-28,33,changas,339000.0,4.4,62000.0,3,26000.0,no,759.0,2,252000.0,608000.0,2,1044000.0
CL202304227,2023,Córdoba Shopping,Córdoba,01/16/2016,34,Relación de Dependencia,618000.0,9.6,270000.0,4,129000.0,si,609.0,1,431000.0,766000.0,2,3367000.0
CL202300208,2023,Rosario Norte,Santa Fe,02/09/2018,18,changas,152000.0,3.1,86000.0,2,5000.0,S,589.0,3,90000.0,239000.0,1,403000.0
CL202306766,2023,La Plata,Neuquén,2017-01-06,21,monotributo,,0.1,56000.0,3,217000.0,No,782.0,1,327000.0,965000.0,1,3500000.0
CL202300879,2023,La Plata,Mendoza,2020-11-08,50,informal,653000.0,9.5,99000.0,4,173000.0,1,670.0,0,151000.0,777000.0,0,3728000.0
CL202303609,2023,La Plata,Santa Fe,03/07/2018,40,RD,1134000.0,13.5,418000.0,2,494000.0,0,573.0,3,1073000.0,1892000.0,0,1914000.0
CL202302941,2023,La Plata,Córdoba,11/08/2021,66,monotrib.,670000.0,,43000.0,3,97000.0,1,752.0,1,522000.0,847000.0,0,2763000.0
CL202305361,2023,Rosario Norte,CABA,27/02/2016,21,relacion de dependencia,566000.0,,28000.0,7,142000.0,No,704.0,1,556000.0,675000.0,0,4116000.0
CL202300320,2023,Rosario Norte,Salta,12/30/2017,51,Monotributo,286000.0,11.6,61000.0,5,74000.0,N,684.0,3,104000.0,607000.0,1,1108000.0
CL202305677,2023,Córdoba Shopping,Salta,02/14/2017,29,Informal,90000.0,2.1,27000.0,3,21000.0,1,628.0,4,48000.0,93000.0,0,473000.0
CL202300287,2023,Microcentro,Córdoba,14/11/2018,27,Rel. Dependencia,279000.0,5.0,112000.0,3,63000.0,si,625.0,2,83000.0,455000.0,1,1615000.0
CL202304472,2023,Rosario Norte,Tucumán,20/03/2017,43,monotributo,488000.0,9.0,147000.0,5,184000.0,1,783.0,1,0.0,433000.0,0,3046000.0
CL202306765,2023,Rosario Norte,Santa Fe,22/03/2018,18,changas,439000.0,0.5,184000.0,4,230000.0,1,633.0,1,174000.0,524000.0,0,3397000.0
CL202305840,2023,Palermo,Salta,10/01/2019,39,monotrib.,559000.0,,174000.0,2,150000.0,Sí,613.0,3,344000.0,992000.0,1,3752000.0
CL202304202,2023,Microcentro,Buenos Aires,12/07/2016,29,Monotributo,1201000.0,4.7,421000.0,6,228000.0,si,626.0,1,633000.0,2416000.0,0,8551000.0
CL202301108,2023,Córdoba Shopping,Salta,11/14/2020,20,MT,266000.0,0.0,76000.0,4,99000.0,0,617.0,2,48000.0,393000.0,1,1315000.0
CL202302437,2023,Microcentro,Neuquén,15/05/2020,44,monotrib.,184000.0,,121000.0,3,78000.0,si,603.0,3,69000.0,307000.0,3,591000.0
CL202305954,2023,Rosario Norte,Tucumán,02/28/2017,37,Rel. Dependencia,1837000.0,5.7,413000.0,4,670000.0,No,,0,1025000.0,2737000.0,0,7149000.0
CL202305740,2023,Microcentro,Córdoba,2017-11-13,31,Informal,348000.0,2.5,149000.0,3,72000.0,no,565.0,1,11000.0,451000.0,1,1443000.0
CL202302746,2023,Microcentro,Buenos Aires,12/10/2021,59,RD,,22.4,124000.0,2,49000.0,No,667.0,0,419000.0,839000.0,0,2103000.0
CL202305875,2023,Mendoza Sur,Salta,11/03/2019,33,Informal,90000.0,3.8,72000.0,5,17000.0,Sí,530.0,8,22000.0,78000.0,3,435000.0
CL202302143,2023,Canal Digital,CABA,2020-04-22,45,Rel. Dependencia,,13.9,51000.0,3,147.0,S,637.0,0,233000.0,661000.0,2,2405000.0
CL202300813,2023,Palermo,Buenos Aires,2020-03-21,18,relacion de dependencia,956000.0,3.7,57000.0,5,334000.0,N,684.0,0,609000.0,1555000.0,0,2359000.0
CL202302759,2023,La Plata,Córdoba,2017-08-29,34,monotributo,1145000.0,0.7,192000.0,2,464000.0,N,687.0,2,578000.0,1268000.0,0,3787000.0
CL202303110,2023,Canal Digital,Mendoza,25/06/2016,25,s/d,,4.4,85000.0,3,37.0,si,,4,63000.0,125000.0,1,351000.0
CL202300029,2023,Córdoba Shopping,Tucumán,19/04/2016,18,Relación de Dependencia,662000.0,2.1,333000.0,5,163000.0,no,624.0,2,461000.0,1435000.0,1,3641000.0
CL202306728,2023,Córdoba Shopping,Córdoba,11/12/2018,42,Rel. Dependencia,296000.0,17.3,143000.0,8,110000.0,Sí,541.0,2,56000.0,622000.0,1,1014000.0
CL202305568,2023,Central,Salta,2018-02-20,42,monotributo,454000.0,10.8,35000.0,4,72000.0,No,641.0,1,259000.0,813000.0,0,2039000.0
CL202303277,2023,Mendoza Sur,Buenos Aires,2016-03-11,49,Relación de Dependencia,935000.0,13.3,108000.0,1,389000.0,No,705.0,2,284000.0,930000.0,0,6421000.0
CL202303218,2023,Central,Salta,14/05/2016,26,monotrib.,743000.0,0.0,197000.0,2,149000.0,No,695.0,0,147000.0,1467000.0,0,1735000.0
CL202306060,2023,Córdoba Shopping,Córdoba,19/02/2021,48,monotrib.,,12.5,197000.0,2,273000.0,No,707.0,1,714000.0,1225000.0,0,1815000.0
CL202304751,2023,Córdoba Shopping,Mendoza,2019-07-05,38,Informal,234000.0,,98000.0,3,53000.0,S,597.0,1,106000.0,263000.0,1,1157000.0
CL202304107,2023,Mendoza Sur,Buenos Aires,06/12/2021,46,Rel. Dependencia,987000.0,12.5,237000.0,5,106000.0,0,640.0,0,0.0,2013000.0,1,3929000.0
CL202303216,2023,Mendoza Sur,Salta,2016-12-19,49,Relación de Dependencia,919000.0,17.9,156000.0,5,438000.0,no,687.0,1,472000.0,1133000.0,0,7349000.0
CL202303550,2023,Microcentro,Córdoba,12/05/2020,44,MT,551000.0,10.6,55000.0,4,151000.0,No,707.0,3,394000.0,788000.0,1,1178000.0
CL202305742,2023,Canal Digital,Tucumán,16/12/2018,23,RD,1521000.0,1.8,162000.0,3,723.0,No,762.0,0,1680000.0,2930000.0,0,8835000.0
CL202306521,2023,Microcentro,Mendoza,10/10/2016,40,Relación de Dependencia,1343000.0,14.2,231000.0,3,438000.0,N,679.0,3,638000.0,2728000.0,0,7237000.0
CL202301341,2023,La Plata,CABA,12/18/2019,36,RD,852000.0,10.8,121000.0,7,188000.0,No,649.0,0,563000.0,1149000.0,0,6781000.0
CL202305161,2023,Rosario Norte,CABA,18/01/2016,18,Rel. Dependencia,1357000.0,1.3,287000.0,4,445000.0,No,697.0,0,1304000.0,2222000.0,0,3838000.0
CL202303777,2023,Rosario Norte,Salta,03/10/2017,41,Rel. Dependencia,581000.0,13.4,89000.0,3,140000.0,No,683.0,0,321000.0,680000.0,1,4208000.0
CL202306325,2023,Rosario Norte,Santa Fe,06/07/2019,22,Relación de Dependencia,457000.0,,179000.0,2,182000.0,N,594.0,1,309000.0,715000.0,0,1757000.0
CL202304882,2023,Microcentro,Mendoza,05/03/2018,33,Relación de Dependencia,2106000.0,8.4,243000.0,6,537000.0,Sí,722.0,0,669000.0,4039000.0,0,4538000.0
CL202301195,2023,Mendoza Sur,Mendoza,08/15/2019,18,RD,,1.8,340000.0,5,225000.0,0,660.0,3,552000.0,1492000.0,0,3410000.0
CL202300236,2023,Microcentro,Tucumán,03/11/2019,60,Informal,,17.6,11000.0,3,25000.0,no,619.0,0,80000.0,146000.0,0,681000.0
CL202301668,2023,Microcentro,Tucumán,08/03/2016,20,relacion de dependencia,327000.0,2.4,188000.0,6,97000.0,Sí,579.0,0,236000.0,503000.0,3,1324000.0
CL202301794,2023,Canal Digital,Tucumán,01/12/2021,37,RD,955000.0,11.5,157000.0,4,410.0,No,699.0,0,535000.0,1715000.0,0,3965000.0
CL202303038,2023,Canal Digital,Córdoba,07/06/2018,54,relacion de dependencia,955000.0,15.5,220000.0,6,479.0,no,716.0,0,194000.0,1372000.0,1,1767000.0
CL202301781,2023,Canal Digital,Santa Fe,12/12/2020,42,Relación de Dependencia,,12.8,177000.0,4,293.0,Sí,634.0,2,451000.0,874000.0,1,3960000.0
CL202303273,2023,Mendoza Sur,Tucumán,28/01/2021,46,s/d,436000.0,10.3,83000.0,3,122000.0,0,809.0,1,274000.0,362000.0,1,2698000.0
CL202301473,2023,Microcentro,Mendoza,19/09/2018,63,Rel. Dependencia,,17.6,86000.0,5,364000.0,No,726.0,1,142000.0,919000.0,0,3892000.0
CL202302549,2023,Canal Digital,Córdoba,23/11/2019,33,Relación de Dependencia,,5.8,72000.0,3,32.0,si,676.0,0,122000.0,328000.0,0,1527000.0
CL202304774,2023,Palermo,Santa Fe,2019-01-24,47,monotrib.,198000.0,9.3,23000.0,3,88000.0,No,613.0,0,67000.0,185000.0,0,651000.0
CL202301432,2023,La Plata,Córdoba,2020-03-06,19,Relación de Dependencia,,2.0,150000.0,4,469000.0,N,633.0,1,539000.0,1896000.0,1,1842000.0
CL202306306,2023,Mendoza Sur,Córdoba,26/11/2020,49,RD,22160000.0,17.5,316000.0,5,545000.0,N,774.0,0,926000.0,3467000.0,0,3927000.0
CL202304528,2023,Central,Buenos Aires,23/02/2020,18,monotrib.,480000.0,0.0,146000.0,6,134000.0,Sí,613.0,0,417000.0,552000.0,0,2715000.0
CL202302813,2023,Central,Salta,12/03/2018,46,RD,699000.0,10.8,36000.0,4,249000.0,N,704.0,1,354000.0,816000.0,0,1192000.0
CL202301483,2023,Rosario Norte,CABA,12/05/2016,38,Relación de Dependencia,,10.5,116000.0,2,513000.0,Sí,,0,504000.0,672000.0,0,2123000.0
CL202302661,2023,Canal Digital,Mendoza,14/10/2020,41,MT,603000.0,3.7,126000.0,2,289.0,N,633.0,1,242000.0,1258000.0,0,4050000.0
CL202304022,2023,Canal Digital,Salta,30/05/2018,32,Rel. Dependencia,1360000.0,9.1,268000.0,4,232.0,No,756.0,0,1642000.0,1934000.0,0,6153000.0
CL202302005,2023,Microcentro,Salta,2018-04-25,20,Rel. Dependencia,756000.0,7.4,126000.0,3,343000.0,no,812.0,1,328000.0,1394000.0,0,3981000.0
CL202305224,2023,Central,Tucumán,2021-09-13,23,Relación de Dependencia,1459000.0,9.4,208000.0,5,479000.0,no,777.0,1,971000.0,2096000.0,0,10636000.0
CL202301701,2023,Canal Digital,Salta,2020-10-04,53,Relación de Dependencia,697000.0,13.6,92000.0,7,141.0,No,724.0,0,636000.0,800000.0,0,3451000.0
CL202305872,2023,Mendoza Sur,Córdoba,2016-09-22,45,s/d,252000.0,9.1,45000.0,3,46000.0,1,687.0,1,239000.0,248000.0,0,1154000.0
CL202302917,2023,Rosario Norte,Córdoba,08/19/2018,27,monotributo,490000.0,6.3,74000.0,3,210000.0,no,666.0,0,220000.0,804000.0,0,1014000.0
CL202301434,2023,Microcentro,CABA,28/09/2016,19,Rel. Dependencia,844000.0,0.0,277000.0,4,342000.0,no,601.0,2,522000.0,1637000.0,2,1509000.0
CL202300433,2023,Microcentro,Tucumán,12/05/2018,54,MT,486000.0,12.1,194000.0,2,239000.0,Sí,581.0,1,113000.0,1019000.0,2,3751000.0
CL202306439,2023,Mendoza Sur,Buenos Aires,27/05/2021,55,monotrib.,1071000.0,14.3,128000.0,3,371000.0,0,667.0,0,649000.0,1979000.0,0,3272000.0
CL202300604,2023,Rosario Norte,Santa Fe,2020-12-18,45,RD,346000.0,16.9,188000.0,6,85000.0,Sí,577.0,3,184000.0,354000.0,1,1506000.0
CL202302552,2023,Microcentro,Santa Fe,2021-05-20,53,informal,,10.3,16000.0,3,78000.0,si,631.0,0,92000.0,324000.0,1,506000.0
CL202303745,2023,La Plata,Salta,2020-07-10,43,monotrib.,391000.0,7.3,167000.0,2,49000.0,1,625.0,3,403000.0,695000.0,3,2144000.0
CL202301097,2023,Central,Mendoza,2017-10-20,19,monotrib.,741000.0,0.0,79000.0,3,199000.0,N,712.0,1,510000.0,948000.0,1,1573000.0
CL202304768,2023,Rosario Norte,Mendoza,24/04/2019,40,monotributo,327000.0,4.7,108000.0,4,145000.0,0,,1,245000.0,379000.0,1,2328000.0
CL202303212,2023,Palermo,Mendoza,30/09/2021,33,Monotributo,554000.0,4.5,128000.0,1,303000.0,0,728.0,1,350000.0,1059000.0,1,1350000.0
CL202302010,2023,Canal Digital,Córdoba,17/10/2017,32,MT,517000.0,4.4,66000.0,2,161.0,N,,0,289000.0,630000.0,0,2093000.0
CL202303295,2023,Microcentro,Tucumán,05/20/2017,50,relacion de dependencia,613000.0,15.1,78000.0,6,96000.0,N,734.0,0,328000.0,598000.0,0,4613000.0
CL202303374,2023,Central,CABA,2019-09-08,29,Monotributo,455000.0,1.1,149000.0,1,126000.0,no,635.0,1,425000.0,637000.0,0,2284000.0
CL202304590,2023,Central,Mendoza,29/02/2020,34,monotrib.,,6.9,37000.0,4,41000.0,No,790.0,0,207000.0,650000.0,0,2293000.0
CL202302732,2023,Microcentro,CABA,2019-02-26,77,monotrib.,,16.1,106000.0,4,207000.0,si,681.0,0,353000.0,632000.0,0,4737000.0
CL202300202,2023,Microcentro,Tucumán,2018-12-08,50,Rel. Dependencia,712000.0,14.9,92000.0,7,367000.0,No,719.0,0,290000.0,1088000.0,0,5669000.0
CL202303144,2023,Palermo,Buenos Aires,23/09/2017,63,relacion de dependencia,332000.0,20.2,98000.0,4,126000.0,0,655.0,1,130000.0,370000.0,0,1451000.0
CL202301459,2023,Microcentro,Tucumán,03/07/2020,24,changas,212000.0,0.1,103000.0,4,83000.0,S,544.0,1,42000.0,276000.0,1,1354000.0
CL202303723,2023,Canal Digital,Santa Fe,12/29/2017,49,Rel. Dependencia,665000.0,,191000.0,4,85.0,S,688.0,2,467000.0,824000.0,0,3872000.0
CL202302376,2023,Rosario Norte,Salta,2021-07-26,48,monotributo,369000.0,9.3,62000.0,3,40000.0,N,754.0,0,223000.0,583000.0,0,976000.0
CL202306644,2023,Central,Salta,06/08/2021,38,Rel. Dependencia,451000.0,8.1,225000.0,2,76000.0,N,550.0,0,268000.0,439000.0,0,3533000.0
CL202304153,2023,Microcentro,Salta,14/06/2020,35,Relación de Dependencia,722000.0,8.0,5000.0,2,261000.0,0,698.0,0,199000.0,1402000.0,1,3384000.0
CL202306093,2023,Mendoza Sur,Neuquén,01/30/2020,40,Rel. Dependencia,901000.0,10.6,134000.0,7,508000.0,no,719.0,1,763000.0,849000.0,1,3146000.0
CL202300989,2023,Canal Digital,Buenos Aires,02/07/2021,26,RD,455000.0,2.5,285000.0,6,79.0,si,606.0,1,307000.0,856000.0,4,994000.0
CL202303228,2023,La Plata,Buenos Aires,15/08/2016,40,s/d,255000.0,12.3,47000.0,3,36000.0,0,,1,138000.0,545000.0,0,1223000.0
CL202301210,2023,La Plata,Salta,01/13/2021,68,monotributo,644000.0,15.9,29000.0,3,177000.0,no,695.0,0,721000.0,691000.0,0,2724000.0
CL202304925,2023,Rosario Norte,Mendoza,2017-05-24,51,Monotributo,172000.0,8.2,80000.0,2,47000.0,S,601.0,1,67000.0,320000.0,1,526000.0
CL202306548,2023,Microcentro,Buenos Aires,22/09/2019,44,MT,499000.0,11.7,117000.0,2,187000.0,0,698.0,2,312000.0,789000.0,0,3097000.0
CL202303878,2023,La Plata,Neuquén,24/08/2018,66,monotrib.,331000.0,,94000.0,5,41000.0,No,640.0,1,373000.0,540000.0,0,1966000.0
CL202302836,2023,Rosario Norte,Tucumán,2017-07-31,24,RD,967000.0,,243000.0,5,226000.0,Sí,643.0,2,727000.0,1010000.0,0,4828000.0
CL202302017,2023,Central,Tucumán,02/08/2017,18,RD,1235000.0,4.5,317000.0,3,304000.0,S,661.0,1,579000.0,2521000.0,2,7240000.0
CL202304089,2023,La Plata,Salta,2020-10-28,44,Relación de Dependencia,220000.0,10.6,72000.0,6,94000.0,N,621.0,3,133000.0,392000.0,0,704000.0
CL202304883,2023,Canal Digital,Tucumán,09/05/2021,43,relacion de dependencia,613000.0,10.9,266000.0,4,220.0,no,616.0,3,145000.0,757000.0,1,2114000.0
CL202306378,2023,Canal Digital,Neuquén,2019-06-20,36,Relación de Dependencia,606000.0,9.8,231000.0,2,205.0,Sí,647.0,2,300000.0,1142000.0,1,926000.0
CL202305683,2023,Rosario Norte,Santa Fe,18/03/2019,47,Informal,,9.0,81000.0,3,38000.0,N,660.0,1,229000.0,291000.0,1,1326000.0
CL202303659,2023,Palermo,Neuquén,2021-11-04,39,RD,696000.0,8.9,283000.0,2,194000.0,1,601.0,3,218000.0,1444000.0,0,1094000.0
CL202306080,2023,Rosario Norte,Buenos Aires,07/10/2017,64,RD,763000.0,18.6,93000.0,3,513000.0,No,797.0,1,316000.0,1620000.0,0,1989000.0
CL202300148,2023,Canal Digital,Santa Fe,22/05/2019,55,Informal,234000.0,8.9,52000.0,2,89.0,no,593.0,0,68000.0,300000.0,1,858000.0
CL202302004,2023,Palermo,Córdoba,2018-11-05,38,informal,195000.0,4.5,13000.0,1,28000.0,Sí,673.0,1,27000.0,210000.0,1,1507000.0
CL202302139,2023,Palermo,Córdoba,05/15/2019,34,monotrib.,876000.0,7.3,156000.0,3,376000.0,0,795.0,2,336000.0,1526000.0,0,5025000.0
CL202302547,2023,Palermo,Neuquén,18/09/2016,67,MT,316000.0,,51000.0,1,99000.0,N,695.0,2,185000.0,272000.0,0,1357000.0
CL202305808,2023,Central,Salta,08/05/2021,18,monotributo,,0.0,170000.0,2,115000.0,no,560.0,2,224000.0,321000.0,0,2225000.0
CL202303666,2023,Central,Santa Fe,2019-04-15,22,Monotributo,249000.0,4.1,81000.0,4,93000.0,si,594.0,1,209000.0,530000.0,1,1481000.0
CL202304353,2023,La Plata,CABA,29/07/2016,40,Monotributo,786000.0,11.0,83000.0,1,313000.0,No,763.0,0,710000.0,1154000.0,0,1413000.0
CL202300568,2023,La Plata,Buenos Aires,19/08/2017,24,RD,553000.0,1.4,222000.0,5,168000.0,Sí,606.0,0,323000.0,1198000.0,0,2187000.0
CL202301754,2023,Mendoza Sur,Córdoba,17/08/2017,55,Informal,460000.0,,96000.0,6,96000.0,Sí,676.0,1,185000.0,890000.0,0,696000.0
CL202303279,2023,La Plata,Neuquén,30/04/2021,39,relacion de dependencia,549000.0,9.2,40000.0,7,206000.0,no,724.0,1,284000.0,608000.0,0,2984000.0
CL202303855,2023,Microcentro,Salta,2020-10-24,45,relacion de dependencia,642000.0,11.0,307000.0,1,218000.0,si,607.0,4,454000.0,1256000.0,0,4339000.0
CL202302131,2023,La Plata,Buenos Aires,08/06/2016,30,Rel. Dependencia,1088000.0,4.4,257000.0,3,307000.0,S,671.0,3,855000.0,1933000.0,0,3119000.0
CL202305779,2023,Mendoza Sur,Buenos Aires,02/28/2019,29,RD,,8.8,86000.0,1,130000.0,Sí,,3,246000.0,913000.0,1,887000.0
CL202301673,2023,Mendoza Sur,Santa Fe,09/10/2019,30,RD,542000.0,8.6,99000.0,3,205000.0,No,660.0,0,355000.0,1037000.0,0,4074000.0
CL202301965,2023,Central,Córdoba,2017-09-25,40,RD,,12.7,183000.0,4,83000.0,S,715.0,1,499000.0,562000.0,0,4249000.0
CL202301236,2023,Palermo,Córdoba,01/02/2020,55,Relación de Dependencia,1061000.0,13.8,275000.0,3,120000.0,0,643.0,0,700000.0,1965000.0,0,2087000.0
CL202301118,2023,La Plata,Tucumán,2016-01-05,42,Relación de Dependencia,863000.0,9.8,208000.0,4,96000.0,Sí,658.0,0,559000.0,752000.0,0,4043000.0
CL202302228,2023,Microcentro,Tucumán,26/04/2020,48,Monotributo,1359000.0,13.0,58000.0,2,349000.0,no,808.0,1,882000.0,2621000.0,1,9841000.0
CL202300434,2023,Microcentro,Buenos Aires,08/07/2017,24,Monotributo,245000.0,,81000.0,4,24000.0,N,663.0,5,208000.0,476000.0,0,1918000.0
CL202300146,2023,Córdoba Shopping,Santa Fe,08/03/2018,30,Relación de Dependencia,301000.0,,101000.0,6,134000.0,Sí,666.0,0,216000.0,433000.0,1,1194000.0
CL202304724,2023,Central,Neuquén,12/21/2019,54,relacion de dependencia,904000.0,16.1,216000.0,8,284000.0,S,655.0,2,470000.0,987000.0,0,3421000.0
CL202304531,2023,Córdoba Shopping,Tucumán,25/01/2020,40,RD,1084000.0,3.4,226000.0,4,321000.0,0,675.0,2,778000.0,1060000.0,0,2969000.0
CL202304037,2023,Palermo,Tucumán,03/05/2017,51,RD,1178000.0,14.1,357000.0,5,331000.0,No,657.0,4,744000.0,2100000.0,1,8770000.0
CL202303950,2023,La Plata,Tucumán,2019-04-19,57,Relación de Dependencia,2194000.0,14.7,518000.0,5,403000.0,N,625.0,2,1566000.0,2175000.0,2,11502000.0
CL202305547,2023,Palermo,Neuquén,2019-02-28,47,Informal,168000.0,11.2,76000.0,2,56000.0,Sí,574.0,1,132000.0,159000.0,0,1080000.0
CL202301572,2023,Mendoza Sur,Neuquén,01/08/2016,37,Rel. Dependencia,389000.0,6.3,229000.0,4,38000.0,Sí,583.0,3,321000.0,844000.0,3,2171000.0
CL202300587,2023,Central,Córdoba,12/03/2017,55,Relación de Dependencia,1607000.0,10.3,305000.0,6,330000.0,0,671.0,0,489000.0,2382000.0,0,3343000.0
CL202305491,2023,La Plata,Santa Fe,03/07/2017,37,changas,160000.0,,67000.0,6,13000.0,N,678.0,0,133000.0,332000.0,2,528000.0
CL202300015,2023,Rosario Norte,CABA,20/07/2017,49,MT,627000.0,13.1,110000.0,2,149000.0,no,713.0,0,454000.0,1095000.0,1,2938000.0
CL202306086,2023,Palermo,Neuquén,24/02/2020,54,monotrib.,378000.0,13.8,92000.0,3,90000.0,0,667.0,1,128000.0,785000.0,0,1805000.0
CL202303053,2023,Central,Córdoba,11/01/2021,25,Monotributo,670000.0,5.1,94000.0,6,156000.0,S,586.0,0,608000.0,559000.0,0,3494000.0
CL202304465,2023,Rosario Norte,Tucumán,09/04/2021,43,Relación de Dependencia,1027000.0,15.3,280000.0,5,600000.0,no,625.0,2,1069000.0,1864000.0,0,5855000.0
CL202305831,2023,Mendoza Sur,Neuquén,2017-11-23,36,Rel. Dependencia,459000.0,5.8,85000.0,5,177000.0,S,707.0,1,240000.0,619000.0,0,1494000.0
CL202303377,2023,Canal Digital,Santa Fe,18/09/2018,37,Monotributo,335000.0,6.5,154000.0,4,76.0,Sí,574.0,2,137000.0,537000.0,1,1675000.0
CL202301336,2023,La Plata,Mendoza,11/01/2017,20,informal,161000.0,,54000.0,4,47000.0,N,654.0,0,111000.0,347000.0,0,1137000.0
CL202305047,2023,Canal Digital,Mendoza,2016-09-06,61,Relación de Dependencia,555000.0,19.3,206000.0,4,183.0,S,607.0,4,345000.0,647000.0,2,2871000.0
CL202304785,2023,Mendoza Sur,Neuquén,03/14/2021,40,monotrib.,997000.0,13.1,41000.0,3,191000.0,N,710.0,0,806000.0,1015000.0,1,4677000.0
CL202303188,2023,Mendoza Sur,Córdoba,20/08/2019,49,relacion de dependencia,805000.0,16.2,169000.0,3,48000.0,N,713.0,2,641000.0,882000.0,1,1576000.0
CL202302888,2023,Mendoza Sur,Mendoza,2020-04-17,38,Monotributo,203000.0,,151000.0,3,63000.0,si,579.0,2,184000.0,192000.0,5,1507000.0
CL202306115,2023,La Plata,Neuquén,05/10/2018,40,monotributo,968000.0,,214000.0,1,266000.0,no,719.0,0,655000.0,1209000.0,0,2305000.0
CL202306601,2023,Microcentro,Córdoba,14/11/2019,22,relacion de dependencia,729000.0,3.7,149000.0,4,200000.0,1,788.0,1,286000.0,821000.0,0,4513000.0
CL202301855,2023,Rosario Norte,Mendoza,27/05/2017,60,RD,330000.0,17.9,91000.0,5,99000.0,si,579.0,0,172000.0,497000.0,0,613000.0
CL202301339,2023,Palermo,Tucumán,08/05/2016,41,s/d,90000.0,5.0,37000.0,3,27000.0,si,683.0,1,28000.0,111000.0,1,522000.0
CL202306792,2023,Mendoza Sur,Santa Fe,2020-06-30,67,MT,461000.0,15.2,178000.0,3,176000.0,Sí,687.0,1,246000.0,788000.0,2,2810000.0
CL202303209,2023,Microcentro,Mendoza,2019-10-23,53,relacion de dependencia,,13.6,157000.0,3,355000.0,0,,2,343000.0,952000.0,0,3936000.0
CL202302354,2023,Central,Neuquén,2019-09-18,43,monotributo,681000.0,12.5,118000.0,4,183000.0,no,757.0,1,243000.0,929000.0,0,3111000.0
CL202304327,2023,Mendoza Sur,Buenos Aires,21/11/2020,42,changas,104000.0,,94000.0,3,44000.0,S,528.0,5,78000.0,207000.0,2,253000.0
CL202305509,2023,Central,Neuquén,30/12/2018,51,Relación de Dependencia,729000.0,18.0,144000.0,2,189000.0,no,774.0,1,55000.0,1162000.0,0,4282000.0
CL202306667,2023,Mendoza Sur,Mendoza,14/10/2021,28,relacion de dependencia,712000.0,7.2,106000.0,1,324000.0,0,663.0,1,417000.0,1045000.0,0,1757000.0
CL202303528,2023,Palermo,CABA,07/03/2017,50,Rel. Dependencia,338000.0,16.3,119000.0,5,91000.0,no,,1,41000.0,708000.0,0,2354000.0
CL202300083,2023,La Plata,Buenos Aires,13/02/2020,28,Informal,150000.0,4.4,14000.0,4,68000.0,no,770.0,0,81000.0,238000.0,0,858000.0
CL202304136,2023,Canal Digital,Buenos Aires,27/01/2016,48,relacion de dependencia,1029000.0,13.0,150000.0,2,347.0,No,,0,510000.0,1383000.0,1,2082000.0
CL202304711,2023,Córdoba Shopping,Córdoba,03/01/2019,22,RD,579000.0,3.6,176000.0,4,200000.0,N,,0,262000.0,757000.0,1,1188000.0
CL202303356,2023,Palermo,Salta,2020-01-09,45,relacion de dependencia,453000.0,14.4,102000.0,7,260000.0,S,723.0,2,149000.0,436000.0,1,3313000.0
CL202304408,2023,Microcentro,Salta,22/04/2017,56,monotributo,309000.0,13.9,119000.0,4,120000.0,No,601.0,1,0.0,534000.0,1,789000.0
CL202304606,2023,Microcentro,Tucumán,11/09/2018,29,monotributo,228000.0,1.2,60000.0,2,93000.0,No,704.0,0,88000.0,322000.0,0,839000.0
CL202305289,2023,Central,Córdoba,31/05/2021,34,monotributo,277000.0,,165000.0,3,106000.0,1,516.0,3,108000.0,240000.0,2,2201000.0
CL202300784,2023,Mendoza Sur,Mendoza,2021-07-16,42,Informal,211000.0,,39000.0,3,103000.0,si,635.0,0,41000.0,206000.0,0,744000.0
CL202300801,2023,Microcentro,Tucumán,14/05/2021,51,Monotributo,157000.0,,89000.0,5,61000.0,1,494.0,0,69000.0,138000.0,1,995000.0
CL202301372,2023,Mendoza Sur,Córdoba,14/04/2017,29,informal,144000.0,5.0,42000.0,2,20000.0,1,637.0,0,100000.0,290000.0,1,832000.0
CL202306336,2023,Mendoza Sur,Santa Fe,16/08/2018,30,relacion de dependencia,999000.0,,138000.0,4,234000.0,N,738.0,0,0.0,2184000.0,0,6632000.0
CL202300080,2023,Canal Digital,Córdoba,12/07/2021,37,monotrib.,1351000.0,6.1,257000.0,4,368.0,0,805.0,1,734000.0,2870000.0,0,4977000.0
CL202304383,2023,La Plata,Neuquén,2016-11-29,44,Relación de Dependencia,361000.0,11.8,52000.0,7,34000.0,0,,1,147000.0,422000.0,0,1698000.0
CL202305103,2023,Microcentro,Mendoza,2018-12-21,42,Relación de Dependencia,,12.6,132000.0,3,85000.0,No,761.0,1,159000.0,1146000.0,0,5537000.0
CL202300088,2023,Canal Digital,Córdoba,2017-04-29,40,monotributo,433000.0,12.1,103000.0,1,148.0,1,588.0,2,324000.0,898000.0,1,3053000.0
CL202306494,2023,Palermo,CABA,23/11/2017,18,relacion de dependencia,1468000.0,0.0,307000.0,7,253000.0,N,785.0,1,400000.0,1974000.0,0,4524000.0
CL202305215,2023,Palermo,Salta,28/10/2019,41,monotrib.,161000.0,,56000.0,4,35000.0,no,625.0,2,82000.0,295000.0,0,681000.0
CL202302567,2023,Central,Mendoza,05/12/2019,47,Informal,93000.0,9.2,12000.0,4,42000.0,N,690.0,1,40000.0,181000.0,0,661000.0
CL202305269,2023,Microcentro,Salta,22/02/2019,18,Monotributo,432000.0,1.9,236000.0,2,172000.0,Sí,592.0,2,145000.0,796000.0,1,2345000.0
CL202300190,2023,Microcentro,Salta,2021-04-03,39,Monotributo,438000.0,5.6,72000.0,2,101000.0,si,807.0,0,183000.0,704000.0,1,1837000.0
CL202306554,2023,Rosario Norte,Buenos Aires,2018-07-27,44,Informal,99000.0,8.5,69000.0,2,18000.0,1,544.0,1,106000.0,126000.0,3,688000.0
cl202301427,2023,Palermo,Mendoza,07/05/2021,34,Relación de Dependencia,941000.0,13.9,230000.0,2,174000.0,No,673.0,4,666000.0,808000.0,2,1952000.0
CL202300700,2023,Canal Digital,Buenos Aires,07/11/2018,35,changas,,,46000.0,6,23.0,S,536.0,3,45000.0,253000.0,0,473000.0
CL202304839,2023,La Plata,Córdoba,2017-05-25,18,monotributo,612000.0,,379000.0,3,182000.0,Sí,597.0,4,427000.0,586000.0,1,1494000.0
CL202300154,2023,Mendoza Sur,Mendoza,09/09/2019,38,s/d,,10.6,132000.0,2,54000.0,Sí,580.0,2,150000.0,497000.0,1,1500000.0
CL202300780,2023,Microcentro,Córdoba,15/12/2019,57,Relación de Dependencia,5910000.0,16.6,187000.0,6,136000.0,1,,1,213000.0,688000.0,1,3413000.0
CL202304881,2023,Mendoza Sur,Mendoza,23/03/2017,51,monotrib.,639000.0,,43000.0,1,214000.0,0,707.0,1,420000.0,650000.0,0,4126000.0
CL202300132,2023,Central,Mendoza,03/01/2017,31,MT,,,60000.0,5,56000.0,1,720.0,0,156000.0,1452000.0,0,1460000.0
CL202301517,2023,Canal Digital,Tucumán,10/12/2021,57,Rel. Dependencia,1165000.0,17.6,211000.0,6,360.0,no,850.0,0,531000.0,1927000.0,0,4910000.0
CL202304364,2023,Canal Digital,Tucumán,13/01/2017,28,Relación de Dependencia,633000.0,11.2,83000.0,7,163.0,no,679.0,0,307000.0,964000.0,1,2098000.0
CL202306562,2023,Canal Digital,Buenos Aires,29/09/2019,39,MT,1125000.0,,354000.0,6,466.0,Sí,659.0,1,774000.0,1008000.0,0,4121000.0
CL202302194,2023,Rosario Norte,Tucumán,22/11/2018,21,Relación de Dependencia,709000.0,5.6,92000.0,4,162000.0,No,703.0,3,681000.0,1189000.0,1,1931000.0
CL202305430,2023,Canal Digital,Salta,09/26/2019,40,changas,252000.0,1.7,129000.0,3,90.0,no,576.0,0,61000.0,535000.0,0,1888000.0
CL202301604,2023,Palermo,Neuquén,29/06/2016,33,Relación de Dependencia,,9.7,289000.0,4,404000.0,no,701.0,1,1377000.0,2531000.0,0,3702000.0
CL202306019,2023,Palermo,Tucumán,06/02/2016,42,Rel. Dependencia,463000.0,11.9,171000.0,4,5000.0,0,626.0,0,322000.0,618000.0,0,2160000.0
CL202300547,2023,Canal Digital,Neuquén,26/08/2019,43,relacion de dependencia,872000.0,12.3,275000.0,4,408.0,no,696.0,2,584000.0,1368000.0,0,6707000.0
CL202306714,2023,Mendoza Sur,Tucumán,06/09/2021,23,monotrib.,708000.0,,181000.0,2,72000.0,si,677.0,1,745000.0,1018000.0,1,4789000.0
CL202302875,2023,Rosario Norte,Mendoza,2019-04-22,42,relacion de dependencia,1377000.0,10.6,118000.0,3,448000.0,No,,0,894000.0,2529000.0,0,3157000.0
CL202304990,2023,Córdoba Shopping,Mendoza,16/03/2021,57,RD,,17.5,88000.0,7,166000.0,no,746.0,0,396000.0,1185000.0,0,2863000.0
CL202306098,2023,Mendoza Sur,Neuquén,12/02/2021,48,MT,396000.0,10.6,54000.0,3,122000.0,N,,0,232000.0,613000.0,0,3009000.0
CL202303673,2023,Central,CABA,11/04/2021,28,Rel. Dependencia,727000.0,9.5,259000.0,4,188000.0,Sí,602.0,0,697000.0,1022000.0,2,3680000.0
CL202304238,2023,Microcentro,Santa Fe,20/03/2020,38,monotributo,,7.8,83000.0,1,151000.0,no,626.0,0,168000.0,876000.0,0,4335000.0
CL202304745,2023,Rosario Norte,CABA,2020-02-21,54,relacion de dependencia,,15.2,180000.0,3,367000.0,0,681.0,1,332000.0,834000.0,0,3854000.0
CL202305397,2023,Microcentro,Tucumán,28/07/2018,21,relacion de dependencia,,4.2,250000.0,3,302000.0,No,631.0,2,348000.0,1508000.0,0,2730000.0
CL202303230,2023,Rosario Norte,Tucumán,09/12/2017,29,informal,425000.0,,70000.0,2,156000.0,no,697.0,1,170000.0,412000.0,0,3351000.0
CL202303889,2023,Central,Salta,29/06/2018,46,Monotributo,257000.0,,32000.0,5,62000.0,No,,2,172000.0,519000.0,0,1276000.0
CL202300912,2023,Córdoba Shopping,Córdoba,2018-09-09,34,s/d,225000.0,6.6,17000.0,2,24000.0,Sí,648.0,1,144000.0,493000.0,1,1776000.0
CL202300647,2023,Rosario Norte,Buenos Aires,2016-07-04,35,s/d,216000.0,6.9,42000.0,3,51000.0,si,611.0,2,113000.0,400000.0,0,1411000.0
CL202303590,2023,Córdoba Shopping,CABA,31/05/2016,54,Rel. Dependencia,,16.2,398000.0,5,241000.0,1,543.0,2,562000.0,1396000.0,2,2759000.0
CL202300589,2023,Córdoba Shopping,Neuquén,24/05/2021,33,Rel. Dependencia,1058000.0,6.5,127000.0,4,242000.0,No,747.0,0,801000.0,2073000.0,0,5509000.0
CL202303224,2023,Palermo,Santa Fe,11/06/2019,53,informal,168000.0,14.1,51000.0,5,36000.0,S,662.0,0,118000.0,345000.0,0,1183000.0
CL202303015,2023,Rosario Norte,Córdoba,15/12/2016,25,Informal,213000.0,6.7,106000.0,3,26000.0,0,575.0,0,144000.0,343000.0,1,1285000.0
CL202300305,2023,Rosario Norte,Santa Fe,10/31/2021,44,Relación de Dependencia,505000.0,12.0,121000.0,4,212000.0,no,678.0,1,387000.0,1089000.0,0,2107000.0
CL202302438,2023,Rosario Norte,Córdoba,20/12/2018,60,Informal,101000.0,11.5,57000.0,2,27000.0,S,582.0,6,44000.0,197000.0,1,247000.0
CL202302627,2023,Canal Digital,Tucumán,2016-02-01,38,RD,570000.0,8.6,298000.0,2,167.0,S,609.0,2,401000.0,770000.0,2,2918000.0
CL202303557,2023,Córdoba Shopping,CABA,2021-01-15,34,Relación de Dependencia,,11.0,165000.0,4,320000.0,no,715.0,0,703000.0,2375000.0,0,5829000.0
CL202300554,2023,Microcentro,Mendoza,2017-06-07,19,Rel. Dependencia,625000.0,7.6,58000.0,6,211000.0,0,616.0,0,330000.0,1059000.0,2,3548000.0
CL202300326,2023,Córdoba Shopping,Neuquén,11/15/2019,45,Rel. Dependencia,212000.0,9.5,80000.0,8,57000.0,1,636.0,0,137000.0,377000.0,0,1405000.0
CL202305939,2023,Córdoba Shopping,Tucumán,31/01/2016,52,monotributo,275000.0,12.5,76000.0,4,71000.0,1,603.0,0,190000.0,223000.0,0,1838000.0
CL202300931,2023,Microcentro,Mendoza,2021-09-18,44,Rel. Dependencia,594000.0,,90000.0,2,194000.0,0,766.0,0,489000.0,1163000.0,0,1086000.0
CL202304564,2023,Central,Córdoba,27/01/2021,53,monotrib.,,,232000.0,3,127000.0,no,709.0,1,572000.0,1381000.0,0,3584000.0
CL202301413,2023,La Plata,CABA,30/08/2019,39,s/d,,6.8,107000.0,3,17000.0,si,477.0,5,72000.0,209000.0,1,906000.0
CL202305117,2023,Central,CABA,30/08/2016,20,RD,1487000.0,5.9,343000.0,2,469000.0,0,625.0,1,1230000.0,1729000.0,0,3655000.0
CL202305981,2023,La Plata,Buenos Aires,25/01/2018,49,relacion de dependencia,,7.5,282000.0,1,560000.0,No,721.0,2,808000.0,2584000.0,1,2528000.0
CL202301519,2023,Mendoza Sur,CABA,22/04/2019,41,relacion de dependencia,250000.0,11.9,52000.0,3,80000.0,no,632.0,1,183000.0,281000.0,0,1938000.0
CL202301022,2023,La Plata,CABA,25/02/2020,49,relacion de dependencia,,,139000.0,6,372000.0,No,820.0,2,590000.0,803000.0,0,2470000.0
CL202302205,2023,La Plata,Santa Fe,2019-06-27,39,Informal,228000.0,5.5,125000.0,1,86000.0,si,551.0,2,152000.0,240000.0,0,426000.0
CL202306278,2023,La Plata,Tucumán,22/10/2021,33,RD,629000.0,7.6,63000.0,3,275000.0,Sí,744.0,1,327000.0,929000.0,0,4260000.0
CL202305804,2023,Mendoza Sur,Buenos Aires,2016-03-19,49,Monotributo,,,182000.0,2,100000.0,no,649.0,0,286000.0,450000.0,0,2880000.0
CL202305367,2023,Córdoba Shopping,CABA,2021-02-04,50,Monotributo,,10.8,183000.0,4,241000.0,no,800.0,0,468000.0,1770000.0,1,1800000.0
CL202300178,2023,Microcentro,CABA,19/03/2016,59,monotrib.,,,75000.0,4,196000.0,si,669.0,1,320000.0,847000.0,0,3182000.0
CL202302817,2023,Palermo,Mendoza,30/08/2019,49,Relación de Dependencia,849000.0,13.5,155000.0,3,291000.0,0,713.0,2,617000.0,1213000.0,0,2484000.0
CL202304076,2023,Microcentro,Buenos Aires,30/09/2018,34,changas,160000.0,2.6,88000.0,1,55000.0,No,614.0,1,109000.0,148000.0,1,1210000.0
CL202305333,2023,La Plata,Santa Fe,14/12/2020,18,Rel. Dependencia,494000.0,0.3,202000.0,5,147000.0,Sí,630.0,1,422000.0,893000.0,0,1490000.0
CL202303562,2023,La Plata,Neuquén,2016-02-02,44,RD,456000.0,,68000.0,1,69000.0,N,718.0,0,194000.0,824000.0,0,1314000.0
CL202302087,2023,Córdoba Shopping,Santa Fe,22/12/2016,42,Rel. Dependencia,896000.0,7.3,136000.0,2,298000.0,N,844.0,1,747000.0,1001000.0,0,1574000.0
CL202304508,2023,Mendoza Sur,Tucumán,24/12/2021,43,monotrib.,,,187000.0,3,183000.0,no,666.0,0,1061000.0,1857000.0,0,7253000.0
CL202302365,2023,Córdoba Shopping,Santa Fe,04/06/2019,44,relacion de dependencia,427000.0,7.3,184000.0,3,150000.0,S,655.0,1,359000.0,358000.0,0,2177000.0
CL202304687,2023,Central,Neuquén,15/08/2017,29,Informal,129000.0,3.7,98000.0,1,49000.0,1,527.0,2,52000.0,210000.0,4,936000.0
CL202301946,2023,Rosario Norte,Salta,02/05/2019,41,MT,290000.0,5.0,105000.0,2,127000.0,si,634.0,3,316000.0,584000.0,1,700000.0
CL202302876,2023,Córdoba Shopping,Buenos Aires,14/07/2019,18,RD,726000.0,1.6,117000.0,4,175000.0,1,681.0,1,493000.0,1548000.0,0,5769000.0
CL202301085,2023,Mendoza Sur,Santa Fe,09/06/2016,61,Relación de Dependencia,,20.1,148000.0,7,221000.0,N,686.0,1,450000.0,1216000.0,1,3583000.0
CL202305461,2023,Rosario Norte,Santa Fe,2020-01-30,28,relacion de dependencia,344000.0,5.7,101000.0,4,36000.0,0,696.0,0,262000.0,444000.0,0,903000.0
CL202303428,2023,Rosario Norte,Tucumán,09/03/2018,50,Relación de Dependencia,,13.2,390000.0,6,439000.0,0,693.0,2,446000.0,1039000.0,0,8720000.0
CL202302306,2023,La Plata,Neuquén,09/20/2018,46,Relación de Dependencia,473000.0,12.4,115000.0,2,66000.0,0,643.0,0,404000.0,837000.0,2,3009000.0
CL202306138,2023,Córdoba Shopping,Tucumán,2020-05-19,34,relacion de dependencia,1038000.0,6.7,179000.0,6,333000.0,N,745.0,0,581000.0,2196000.0,1,3620000.0
CL202305139,2023,Palermo,CABA,2016-09-01,48,Relación de Dependencia,,13.2,236000.0,3,301000.0,N,698.0,1,698000.0,2220000.0,0,8016000.0
CL202301607,2023,Canal Digital,CABA,2020-05-29,22,changas,90000.0,0.0,58000.0,4,23.0,S,529.0,1,49000.0,170000.0,3,597000.0
CL202300119,2023,Microcentro,Buenos Aires,05/02/2021,57,RD,881000.0,,134000.0,2,236000.0,0,803.0,1,71000.0,1529000.0,0,4159000.0
CL202301359,2023,Microcentro,Salta,25/05/2019,43,monotrib.,,9.0,30000.0,3,63000.0,si,751.0,0,114000.0,258000.0,0,843000.0
CL202302776,2023,Rosario Norte,Tucumán,2018-05-17,42,monotrib.,257000.0,8.8,113000.0,3,109000.0,S,626.0,2,206000.0,337000.0,1,730000.0
CL202301166,2023,Córdoba Shopping,Buenos Aires,25/08/2018,49,Relación de Dependencia,374000.0,13.8,227000.0,7,152000.0,1,451.0,1,206000.0,320000.0,0,2342000.0
CL202301728,2023,Córdoba Shopping,Mendoza,2018-04-12,37,monotributo,511000.0,7.6,255000.0,2,214000.0,0,593.0,1,507000.0,981000.0,0,2235000.0
CL202301202,2023,Canal Digital,Córdoba,12/03/2020,33,changas,142000.0,0.9,76000.0,2,53.0,1,626.0,4,30000.0,114000.0,3,606000.0
CL202303554,2023,La Plata,CABA,05/03/2017,48,Monotributo,378000.0,12.6,170000.0,4,108000.0,si,573.0,2,404000.0,584000.0,2,1493000.0
CL202303891,2023,Palermo,Mendoza,07/12/2020,43,changas,158000.0,8.0,143000.0,3,30000.0,1,403.0,7,98000.0,307000.0,4,839000.0
CL202303397,2023,Palermo,CABA,2016-10-06,40,Rel. Dependencia,366000.0,11.3,159000.0,4,111000.0,S,,3,220000.0,620000.0,1,1096000.0
CL202306042,2023,Microcentro,Buenos Aires,2017-09-07,70,RD,1130000.0,17.3,248000.0,2,292000.0,no,693.0,0,616000.0,2133000.0,0,4584000.0
CL202301998,2023,Mendoza Sur,Tucumán,08/07/2021,31,Rel. Dependencia,,5.8,81000.0,1,174000.0,Sí,760.0,1,176000.0,547000.0,1,1717000.0
CL202302609,2023,Central,CABA,25/10/2020,26,relacion de dependencia,891000.0,7.5,101000.0,6,307000.0,N,707.0,2,402000.0,1873000.0,0,2834000.0
CL202306486,2023,Palermo,CABA,09/26/2021,52,RD,609000.0,12.2,126000.0,4,121000.0,no,721.0,1,476000.0,843000.0,0,4781000.0
CL202300446,2023,La Plata,Mendoza,05/12/2016,62,Monotributo,380000.0,14.8,147000.0,3,95000.0,S,,1,333000.0,696000.0,1,1248000.0
CL202305600,2023,Microcentro,Córdoba,06/07/2017,52,relacion de dependencia,474000.0,12.3,147000.0,5,170000.0,S,,0,71000.0,474000.0,0,1933000.0
CL202302297,2023,La Plata,Salta,27/12/2018,45,relacion de dependencia,393000.0,12.3,44000.0,2,117000.0,no,712.0,1,125000.0,436000.0,0,1841000.0
CL202300425,2023,Mendoza Sur,CABA,01/07/2016,35,Informal,97000.0,,81000.0,2,31000.0,si,477.0,1,92000.0,117000.0,3,243000.0
CL202300472,2023,La Plata,Córdoba,2019-01-22,22,relacion de dependencia,1375000.0,7.6,301000.0,3,319000.0,No,703.0,2,349000.0,2872000.0,0,9517000.0
CL202305885,2023,Palermo,CABA,03/05/2021,64,RD,648000.0,20.8,181000.0,3,154000.0,Sí,657.0,0,163000.0,1410000.0,1,3459000.0
CL202301950,2023,Microcentro,Neuquén,29/05/2019,67,Rel. Dependencia,709000.0,19.3,112000.0,4,215000.0,no,746.0,0,263000.0,1544000.0,0,5454000.0
CL202304181,2023,Palermo,Santa Fe,01/12/2021,62,relacion de dependencia,,17.8,655000.0,3,515000.0,No,781.0,1,1181000.0,4669000.0,0,15310000.0
CL202305507,2023,Córdoba Shopping,CABA,27/12/2018,50,MT,493000.0,9.9,61000.0,4,113000.0,N,738.0,2,307000.0,1031000.0,1,1219000.0
CL202300709,2023,Microcentro,Mendoza,12/25/2020,51,Relación de Dependencia,578000.0,13.7,169000.0,2,101000.0,0,,0,481000.0,896000.0,1,3047000.0
CL202305707,2023,Córdoba Shopping,Neuquén,10/10/2018,26,RD,,2.8,114000.0,7,219000.0,No,750.0,2,467000.0,1094000.0,0,3971000.0
CL202302015,2023,Mendoza Sur,Mendoza,17/02/2016,35,Rel. Dependencia,1699000.0,7.0,59000.0,7,323000.0,no,644.0,1,1023000.0,2409000.0,0,10064000.0
CL202304529,2023,Canal Digital,Mendoza,21/12/2020,38,monotributo,,5.0,131000.0,4,80.0,no,666.0,1,286000.0,1203000.0,1,3597000.0
CL202303995,2023,Palermo,Mendoza,2018-05-02,41,changas,304000.0,5.5,85000.0,1,71000.0,si,606.0,0,90000.0,571000.0,2,1035000.0
CL202300095,2023,Córdoba Shopping,Córdoba,19/05/2019,45,Relación de Dependencia,642000.0,9.9,135000.0,6,138000.0,no,766.0,3,354000.0,1285000.0,0,1762000.0
CL202302902,2023,Canal Digital,CABA,03/18/2020,58,monotributo,407000.0,,66000.0,2,148.0,0,774.0,0,208000.0,464000.0,0,881000.0
CL202303141,2023,Microcentro,Mendoza,12/02/2019,40,monotributo,532000.0,12.4,54000.0,4,136000.0,0,777.0,1,235000.0,678000.0,1,842000.0
CL202301973,2023,Central,Santa Fe,27/08/2018,24,monotributo,,0.0,39000.0,2,139000.0,0,699.0,2,227000.0,464000.0,0,1604000.0
CL202302060,2023,La Plata,Tucumán,02/24/2018,48,RD,568000.0,12.0,110000.0,4,147000.0,No,678.0,1,348000.0,660000.0,1,2921000.0
CL202303605,2023,Mendoza Sur,Mendoza,2020-02-25,47,informal,122000.0,12.7,98000.0,3,43000.0,1,508.0,3,67000.0,243000.0,0,543000.0
CL202300142,2023,Palermo,Neuquén,2017-10-29,47,RD,,14.6,385000.0,5,392000.0,si,582.0,5,351000.0,1225000.0,1,5469000.0
CL202303321,2023,La Plata,Neuquén,2020-12-08,35,monotrib.,547000.0,,117000.0,3,106000.0,si,653.0,0,285000.0,504000.0,0,3683000.0
CL202303128,2023,Mendoza Sur,Buenos Aires,2019-09-23,32,Relación de Dependencia,653000.0,9.1,146000.0,4,292000.0,si,663.0,1,290000.0,978000.0,0,1720000.0
CL202305297,2023,Córdoba Shopping,CABA,24/06/2018,34,Rel. Dependencia,554000.0,8.2,345000.0,6,68000.0,1,521.0,1,337000.0,460000.0,2,911000.0
CL202302350,2023,Córdoba Shopping,Córdoba,03/26/2017,60,relacion de dependencia,,19.4,401000.0,5,597000.0,0,606.0,0,1183000.0,1893000.0,0,3551000.0
CL202305008,2023,Córdoba Shopping,Santa Fe,2018-05-23,45,RD,423000.0,10.0,330000.0,3,203000.0,si,559.0,4,92000.0,370000.0,2,1474000.0
CL202301636,2023,Mendoza Sur,Mendoza,2016-05-31,38,monotributo,,4.3,88000.0,3,146000.0,si,850.0,0,479000.0,1660000.0,0,4605000.0
CL202300855,2023,La Plata,Santa Fe,02/12/2020,38,Informal,,,50000.0,3,140000.0,N,756.0,1,67000.0,302000.0,0,2015000.0
CL202301844,2023,Palermo,Córdoba,2021-10-09,52,Rel. Dependencia,,12.7,187000.0,4,527000.0,0,729.0,0,497000.0,1832000.0,0,7812000.0
CL202302736,2023,Rosario Norte,Mendoza,17/09/2018,21,RD,1965000.0,4.8,403000.0,4,203000.0,0,749.0,3,474000.0,2769000.0,0,15033000.0
CL202303835,2023,Mendoza Sur,Santa Fe,03/25/2021,22,relacion de dependencia,,3.7,264000.0,3,321000.0,N,673.0,0,611000.0,913000.0,1,3971000.0
CL202301819,2023,Córdoba Shopping,Neuquén,08/03/2017,48,Monotributo,650000.0,10.1,226000.0,1,74000.0,N,684.0,1,221000.0,626000.0,1,1838000.0
CL202304265,2023,Mendoza Sur,CABA,06/02/2019,33,RD,,5.3,32000.0,4,139000.0,si,649.0,0,310000.0,1020000.0,0,3384000.0
CL202301810,2023,Mendoza Sur,Buenos Aires,15/07/2016,33,monotrib.,266000.0,3.8,82000.0,2,52000.0,1,651.0,1,184000.0,360000.0,0,669000.0
CL202305323,2023,Palermo,Mendoza,10/06/2021,23,Relación de Dependencia,513000.0,5.3,199000.0,7,192000.0,S,589.0,1,223000.0,501000.0,1,2051000.0
CL202303682,2023,Mendoza Sur,Neuquén,02/23/2020,35,relacion de dependencia,812000.0,6.4,126000.0,3,383000.0,N,784.0,1,359000.0,1542000.0,0,5882000.0
CL202302964,2023,Canal Digital,Buenos Aires,31/05/2020,22,informal,136000.0,,78000.0,5,33.0,S,569.0,1,76000.0,138000.0,2,435000.0
CL202303758,2023,Palermo,CABA,19/05/2017,36,informal,134000.0,,129000.0,4,38000.0,si,522.0,6,122000.0,122000.0,5,1026000.0
CL202303005,2023,Canal Digital,Salta,13/02/2016,24,changas,115000.0,,60000.0,3,19.0,0,562.0,0,59000.0,224000.0,1,637000.0
CL202305838,2023,Rosario Norte,CABA,20/01/2016,48,Rel. Dependencia,601000.0,15.3,77000.0,3,244000.0,No,681.0,1,320000.0,1204000.0,1,1120000.0
CL202301904,2023,Rosario Norte,Neuquén,20/01/2017,35,Rel. Dependencia,641000.0,11.6,207000.0,11,304000.0,N,667.0,1,561000.0,759000.0,0,4638000.0
CL202306121,2023,Mendoza Sur,Neuquén,2020-01-14,54,monotributo,163000.0,12.3,153000.0,2,43000.0,no,534.0,9,133000.0,180000.0,8,564000.0
CL202304085,2023,Canal Digital,Tucumán,09/10/2020,18,MT,,3.6,149000.0,1,69.0,0,656.0,2,240000.0,489000.0,0,1343000.0
CL202303135,2023,Canal Digital,Córdoba,08/02/2016,51,Rel. Dependencia,839000.0,11.5,231000.0,1,238.0,1,620.0,2,516000.0,1302000.0,3,3615000.0
CL202302044,2023,Canal Digital,Mendoza,10/11/2020,44,Relación de Dependencia,565000.0,13.7,49000.0,3,92.0,0,767.0,0,209000.0,1023000.0,0,2107000.0
CL202305057,2023,Central,Tucumán,29/09/2017,49,Monotributo,169000.0,8.9,91000.0,5,43000.0,0,618.0,0,121000.0,184000.0,2,642000.0
CL202303256,2023,Central,Tucumán,26/05/2021,52,relacion de dependencia,1219000.0,15.9,121000.0,4,498000.0,no,687.0,0,362000.0,1289000.0,1,6935000.0
CL202304961,2023,Mendoza Sur,Neuquén,2018-07-24,54,Relación de Dependencia,,17.7,107000.0,2,374000.0,N,683.0,0,933000.0,842000.0,1,3764000.0
CL202306438,2023,Rosario Norte,Tucumán,2018-11-01,27,relacion de dependencia,900000.0,9.0,226000.0,1,62000.0,Sí,635.0,1,561000.0,1584000.0,1,5882000.0
CL202301362,2023,Córdoba Shopping,Mendoza,2021-07-03,42,MT,484000.0,,82000.0,1,141000.0,N,657.0,0,76000.0,896000.0,0,3598000.0
CL202304417,2023,Mendoza Sur,Buenos Aires,30/11/2016,38,Monotributo,1027000.0,,337000.0,6,286000.0,No,633.0,0,676000.0,2068000.0,0,2588000.0
CL202300141,2023,Rosario Norte,Santa Fe,06/26/2021,32,RD,1708000.0,9.5,215000.0,4,179000.0,N,705.0,0,634000.0,3083000.0,0,6284000.0
CL202306789,2023,Palermo,Córdoba,20/05/2020,21,Monotributo,,,135000.0,4,278000.0,No,659.0,1,138000.0,1179000.0,1,1344000.0
CL202306409,2023,Canal Digital,Salta,12/08/2020,26,Monotributo,,,130000.0,3,156.0,si,702.0,1,669000.0,582000.0,0,1547000.0
CL202306201,2023,La Plata,Tucumán,05/07/2016,18,Monotributo,364000.0,0.0,72000.0,3,115000.0,N,,4,275000.0,315000.0,0,1109000.0
CL202302232,2023,Microcentro,Mendoza,23/04/2020,36,MT,394000.0,,235000.0,2,153000.0,Sí,563.0,1,224000.0,391000.0,2,2460000.0
CL202300919,2023,Mendoza Sur,CABA,21/05/2017,36,RD,1384000.0,9.3,247000.0,6,234000.0,No,731.0,2,1337000.0,2883000.0,0,10936000.0
CL202302621,2023,Microcentro,Córdoba,03/04/2018,71,monotributo,461000.0,,74000.0,1,172000.0,N,705.0,0,341000.0,825000.0,2,2931000.0
CL202305982,2023,Canal Digital,Salta,12/20/2017,36,RD,,10.7,438000.0,3,508.0,No,554.0,1,850000.0,2101000.0,0,4445000.0
CL202302639,2023,La Plata,Buenos Aires,07/01/2017,28,relacion de dependencia,620000.0,,238000.0,5,231000.0,Sí,630.0,1,526000.0,722000.0,2,2097000.0
CL202304455,2023,Palermo,Santa Fe,30/06/2016,54,Relación de Dependencia,627000.0,19.0,185000.0,4,191000.0,No,683.0,0,108000.0,809000.0,0,1826000.0
CL202303632,2023,Microcentro,Córdoba,2019-08-22,42,relacion de dependencia,825000.0,4.0,93000.0,4,170000.0,No,,1,246000.0,998000.0,0,5929000.0
CL202304666,2023,Córdoba Shopping,Santa Fe,10/04/2018,45,Informal,366000.0,,261000.0,4,141000.0,Sí,495.0,0,335000.0,779000.0,2,2199000.0
CL202301698,2023,La Plata,Salta,2020-08-14,23,s/d,186000.0,,48000.0,2,71000.0,No,593.0,2,106000.0,380000.0,0,1431000.0
CL202302295,2023,Mendoza Sur,CABA,24/04/2019,38,MT,310000.0,9.5,195000.0,4,81000.0,0,563.0,3,173000.0,623000.0,1,1498000.0
CL202302471,2023,Canal Digital,CABA,10/25/2016,45,Rel. Dependencia,606000.0,16.1,96000.0,4,179.0,S,722.0,1,269000.0,1308000.0,0,4792000.0
CL202303219,2023,Central,Córdoba,03/10/2018,41,informal,,,28000.0,4,39000.0,No,,1,160000.0,131000.0,0,395000.0
CL202303708,2023,Canal Digital,Mendoza,07/03/2019,53,monotrib.,,,19000.0,6,378.0,no,724.0,0,685000.0,1500000.0,0,1659000.0
CL202303140,2023,Rosario Norte,Córdoba,2020-12-22,48,informal,,9.6,45000.0,1,49000.0,Sí,632.0,0,49000.0,159000.0,1,571000.0
CL202303467,2023,Córdoba Shopping,CABA,06/05/2016,35,Rel. Dependencia,840000.0,10.4,267000.0,5,260000.0,No,690.0,1,301000.0,1162000.0,0,3780000.0
CL202300508,2023,Microcentro,Santa Fe,20/08/2021,44,Relación de Dependencia,,11.4,78000.0,4,155000.0,0,725.0,0,369000.0,639000.0,0,4374000.0
CL202306559,2023,Rosario Norte,Salta,17/11/2017,39,relacion de dependencia,542000.0,11.2,190000.0,5,260000.0,si,607.0,1,457000.0,665000.0,0,4290000.0
CL202305835,2023,Rosario Norte,Tucumán,06/02/2016,18,Relación de Dependencia,903000.0,5.3,274000.0,2,182000.0,si,642.0,1,311000.0,1874000.0,1,2048000.0
CL202303392,2023,Rosario Norte,Buenos Aires,20/04/2021,45,Informal,363000.0,14.4,90000.0,5,77000.0,1,623.0,0,249000.0,376000.0,2,1645000.0
CL202304070,2023,Córdoba Shopping,CABA,04/02/2019,43,Rel. Dependencia,1640000.0,9.6,414000.0,7,633000.0,no,767.0,1,924000.0,2734000.0,0,7915000.0
CL202304214,2023,La Plata,Mendoza,12/08/2019,42,Rel. Dependencia,497000.0,14.8,172000.0,3,95000.0,0,700.0,2,205000.0,407000.0,2,1489000.0
CL202304714,2023,La Plata,Córdoba,09/12/2016,30,Monotributo,404000.0,4.2,65000.0,1,122000.0,S,743.0,1,149000.0,331000.0,1,1482000.0
CL202301987,2023,La Plata,Córdoba,08/15/2017,30,Monotributo,465000.0,0.0,124000.0,1,152000.0,0,631.0,1,447000.0,431000.0,0,1155000.0
CL202306203,2023,Microcentro,Mendoza,20/01/2018,25,Relación de Dependencia,1910000.0,7.4,230000.0,4,982000.0,0,735.0,1,974000.0,1994000.0,0,8312000.0
CL202305666,2023,Canal Digital,Salta,2019-12-07,62,Monotributo,369000.0,,59000.0,2,68.0,no,679.0,2,59000.0,548000.0,0,2085000.0
CL202303457 ,2023,Canal Digital,Neuquén,24/06/2016,32,Relación de Dependencia,,4.0,93000.0,5,91.0,No,710.0,2,162000.0,763000.0,1,3393000.0
CL202302794,2023,Córdoba Shopping,Santa Fe,21/11/2019,40,RD,1047000.0,15.7,116000.0,3,117000.0,no,735.0,0,804000.0,1057000.0,1,5971000.0
CL202306627,2023,Canal Digital,Buenos Aires,15/12/2018,32,Rel. Dependencia,522000.0,6.1,178000.0,3,92.0,0,649.0,2,376000.0,472000.0,0,2255000.0
CL202305029,2023,La Plata,CABA,07/02/2018,28,RD,637000.0,6.9,175000.0,4,214000.0,N,639.0,4,88000.0,1047000.0,0,4636000.0
CL202302798,2023,Rosario Norte,Córdoba,05/06/2021,32,Informal,90000.0,9.8,9000.0,2,29000.0,N,743.0,1,31000.0,171000.0,0,616000.0
CL202303571,2023,La Plata,Buenos Aires,09/20/2018,57,RD,440000.0,17.9,237000.0,3,122000.0,S,556.0,3,389000.0,495000.0,3,2586000.0
CL202300335,2023,Mendoza Sur,Salta,2021-07-18,78,monotributo,321000.0,28.0,103000.0,3,123000.0,no,670.0,0,159000.0,664000.0,0,1955000.0
CL202306422,2023,Canal Digital,Buenos Aires,22/04/2020,43,relacion de dependencia,,16.5,196000.0,12,430.0,0,684.0,0,336000.0,2088000.0,1,2449000.0
CL202301509,2023,Canal Digital,Córdoba,11/06/2020,62,RD,,20.7,366000.0,5,160.0,No,613.0,3,746000.0,2392000.0,2,8808000.0
CL202301182,2023,Canal Digital,CABA,04/08/2018,38,Rel. Dependencia,475000.0,9.9,62000.0,7,71.0,No,701.0,1,420000.0,889000.0,0,1802000.0
CL202302668,2023,Central,Neuquén,25/01/2016,74,relacion de dependencia,1522000.0,26.3,285000.0,3,328000.0,No,804.0,0,1143000.0,2152000.0,0,3979000.0
CL202302773,2023,Mendoza Sur,Tucumán,04/03/2017,62,Relación de Dependencia,455000.0,21.6,241000.0,6,187000.0,S,636.0,1,14000.0,915000.0,1,1001000.0
CL202302799,2023,Córdoba Shopping,Neuquén,2018-11-07,41,monotrib.,609000.0,8.3,226000.0,3,85000.0,1,594.0,2,314000.0,1132000.0,0,1257000.0
CL202300476,2023,Canal Digital,Mendoza,21/02/2019,57,s/d,483000.0,13.2,52000.0,6,84.0,no,750.0,1,100000.0,914000.0,1,1791000.0
CL202302837,2023,La Plata,Córdoba,11/02/2017,32,monotributo,403000.0,1.9,158000.0,1,5000.0,N,637.0,4,171000.0,609000.0,1,766000.0
CL202303770,2023,La Plata,Córdoba,2021-08-27,25,relacion de dependencia,269000.0,3.3,105000.0,5,71000.0,no,625.0,0,305000.0,399000.0,0,947000.0
CL202302677,2023,Rosario Norte,Mendoza,09/03/2017,32,relacion de dependencia,383000.0,6.6,117000.0,1,73000.0,no,584.0,2,143000.0,328000.0,1,1742000.0
CL202300223,2023,La Plata,Mendoza,07/12/2018,25,informal,,1.4,135000.0,2,94000.0,N,617.0,2,127000.0,230000.0,0,1226000.0
CL202303126,2023,Rosario Norte,Salta,09/21/2017,50,Informal,519000.0,,154000.0,5,199000.0,1,627.0,2,311000.0,801000.0,1,3436000.0
CL202306781,2023,Central,Santa Fe,2021-02-25,41,monotrib.,236000.0,6.2,26000.0,1,39000.0,N,733.0,0,106000.0,397000.0,0,1591000.0
CL202306561,2023,La Plata,CABA,08/26/2019,42,Relación de Dependencia,372000.0,12.1,65000.0,7,176000.0,No,738.0,0,107000.0,787000.0,0,736000.0
CL202302498,2023,Central,CABA,27/02/2019,42,relacion de dependencia,19450000.0,,189000.0,4,485000.0,0,641.0,0,482000.0,2448000.0,0,9518000.0
CL202305009,2023,Córdoba Shopping,Córdoba,09/10/2019,65,MT,142000.0,20.8,70000.0,4,53000.0,1,631.0,1,57000.0,211000.0,2,949000.0
CL202304368,2023,La Plata,Salta,09/01/2020,50,RD,445000.0,13.9,45000.0,10,93000.0,no,701.0,1,127000.0,890000.0,0,3515000.0
CL202306568,2023,Canal Digital,Córdoba,25/05/2016,35,Rel. Dependencia,840000.0,7.2,191000.0,2,145.0,No,594.0,0,847000.0,1422000.0,0,1887000.0
CL202303698,2023,La Plata,Tucumán,21/01/2018,45,Relación de Dependencia,1206000.0,13.9,361000.0,2,207000.0,si,626.0,1,276000.0,2099000.0,1,5472000.0
CL202305129,2023,Rosario Norte,Mendoza,2019-07-31,48,monotributo,298000.0,,124000.0,1,90000.0,N,665.0,0,126000.0,513000.0,3,1290000.0
CL202304397,2023,Córdoba Shopping,Buenos Aires,11/01/2018,43,monotributo,198000.0,10.0,95000.0,4,49000.0,1,643.0,3,138000.0,422000.0,2,766000.0
CL202306183,2023,Mendoza Sur,Neuquén,02/03/2016,28,relacion de dependencia,,5.3,159000.0,4,334000.0,No,,1,487000.0,853000.0,1,2550000.0
CL202301137,2023,Microcentro,Salta,22/08/2016,58,monotributo,,,118000.0,2,127000.0,N,606.0,1,292000.0,558000.0,1,1191000.0
CL202302093,2023,Rosario Norte,Neuquén,07/26/2021,32,monotributo,239000.0,9.4,113000.0,4,61000.0,0,,3,48000.0,517000.0,2,832000.0
CL202302845,2023,Microcentro,Buenos Aires,23/08/2018,49,Monotributo,884000.0,12.3,165000.0,2,416000.0,0,719.0,0,541000.0,720000.0,0,3169000.0
CL202302329,2023,Canal Digital,Córdoba,03/01/2020,58,Informal,108000.0,10.7,46000.0,3,41.0,Sí,600.0,2,68000.0,216000.0,2,248000.0
CL202303764,2023,La Plata,Buenos Aires,04/04/2019,40,monotrib.,194000.0,8.1,50000.0,1,62000.0,no,675.0,0,185000.0,374000.0,1,667000.0
CL202302254,2023,Mendoza Sur,Córdoba,29/11/2020,64,Monotributo,364000.0,21.3,79000.0,1,119000.0,No,,1,286000.0,304000.0,0,775000.0
CL202301005,2023,Canal Digital,Salta,10/04/2020,41,monotributo,741000.0,4.5,0.0,4,421.0,N,709.0,2,497000.0,920000.0,2,2357000.0
CL202300277,2023,Palermo,Tucumán,2016-09-18,47,RD,717000.0,13.4,247000.0,5,184000.0,si,599.0,1,561000.0,1336000.0,0,2613000.0
CL202304731,2023,Palermo,Salta,05/08/2016,73,Monotributo,267000.0,17.1,42000.0,5,18000.0,0,630.0,0,194000.0,497000.0,2,506000.0
CL202302932,2023,Microcentro,Buenos Aires,27/10/2016,55,Rel. Dependencia,,12.9,246000.0,5,141000.0,N,713.0,1,426000.0,409000.0,0,2757000.0
CL202303588,2023,Central,Santa Fe,04/11/2019,36,informal,206000.0,2.1,28000.0,3,117000.0,N,729.0,0,46000.0,176000.0,0,424000.0
CL202305163,2023,Rosario Norte,Tucumán,11/09/2021,37,monotrib.,174000.0,,93000.0,1,37000.0,Sí,,1,24000.0,319000.0,1,537000.0
CL202301274,2023,Microcentro,Salta,06/28/2021,48,informal,144000.0,10.2,102000.0,4,33000.0,Sí,577.0,2,78000.0,297000.0,2,359000.0
CL202302328,2023,Mendoza Sur,Salta,06/27/2019,51,relacion de dependencia,396000.0,13.2,206000.0,5,124000.0,1,,3,24000.0,344000.0,1,1219000.0
CL202304143,2023,Córdoba Shopping,Neuquén,26/05/2020,57,Relación de Dependencia,,20.1,134000.0,6,166000.0,N,712.0,0,430000.0,635000.0,0,2141000.0
CL202306717,2023,Mendoza Sur,Córdoba,2021-04-11,40,RD,413000.0,14.3,51000.0,5,105000.0,1,609.0,0,183000.0,630000.0,0,2611000.0
CL202306161,2023,Córdoba Shopping,Neuquén,29/08/2017,46,Informal,90000.0,,70000.0,4,23000.0,Sí,547.0,2,23000.0,129000.0,2,374000.0
CL202303257,2023,Mendoza Sur,CABA,05/03/2017,56,changas,287000.0,11.3,119000.0,2,71000.0,No,716.0,1,39000.0,521000.0,0,2275000.0
CL202306674,2023,Central,Mendoza,2019-11-09,36,s/d,259000.0,2.1,97000.0,3,24000.0,si,645.0,3,245000.0,553000.0,1,1443000.0
CL202305389,2023,Microcentro,Santa Fe,05/01/2018,38,relacion de dependencia,653000.0,6.3,96000.0,2,194000.0,N,680.0,0,720000.0,1054000.0,0,5182000.0
CL202302000,2023,Microcentro,CABA,26/06/2021,34,Informal,194000.0,2.5,56000.0,2,5000.0,1,593.0,1,80000.0,362000.0,0,905000.0
CL202300133,2023,Canal Digital,Salta,08/03/2016,44,Relación de Dependencia,867000.0,12.3,201000.0,3,278.0,S,,1,758000.0,1615000.0,0,4906000.0
CL202300823,2023,Central,Neuquén,11/12/2021,50,monotributo,1677000.0,11.6,598000.0,4,720000.0,1,667.0,2,740000.0,2618000.0,1,3112000.0
CL202303407,2023,Canal Digital,Salta,30/09/2021,51,changas,174000.0,11.3,66000.0,4,63.0,no,630.0,1,75000.0,286000.0,1,740000.0
CL202306761,2023,Mendoza Sur,Neuquén,28/07/2016,37,RD,472000.0,,34000.0,5,149000.0,1,714.0,3,367000.0,607000.0,0,770000.0
CL202306456,2023,Microcentro,Córdoba,10/01/2017,60,Informal,486000.0,11.9,76000.0,3,110000.0,No,732.0,0,233000.0,949000.0,0,1596000.0
CL202301674,2023,Mendoza Sur,Córdoba,19/04/2018,41,Informal,242000.0,,72000.0,5,87000.0,No,710.0,1,132000.0,349000.0,0,1258000.0
CL202300347,2023,Córdoba Shopping,Salta,2018-08-21,31,relacion de dependencia,,7.9,223000.0,4,284000.0,si,612.0,1,452000.0,1086000.0,0,3164000.0
CL202303433,2023,Microcentro,Buenos Aires,23/05/2020,33,Relación de Dependencia,,7.8,123000.0,3,269000.0,0,660.0,0,754000.0,1099000.0,0,5491000.0
CL202306574,2023,Central,Tucumán,23/04/2018,38,RD,,8.3,193000.0,1,540000.0,No,734.0,0,819000.0,2084000.0,0,4688000.0
CL202305575,2023,La Plata,Salta,24/06/2017,28,Monotributo,,2.3,84000.0,3,111000.0,N,637.0,1,358000.0,474000.0,0,1565000.0
CL202306005,2023,Central,Mendoza,12/25/2021,18,s/d,161000.0,2.5,49000.0,3,63000.0,0,655.0,0,25000.0,343000.0,1,1107000.0
CL202306540,2023,Central,Neuquén,2019-05-22,40,monotributo,,9.6,79000.0,2,277000.0,N,656.0,1,358000.0,729000.0,1,2869000.0
CL202305667,2023,Palermo,Tucumán,23/03/2018,18,RD,498000.0,0.0,295000.0,3,84000.0,S,596.0,3,254000.0,490000.0,4,1094000.0
CL202304388,2023,Central,Buenos Aires,20/04/2020,36,Rel. Dependencia,,6.6,86000.0,3,378000.0,S,701.0,1,798000.0,809000.0,0,3416000.0
CL202301497,2023,Central,Buenos Aires,04/07/2019,45,monotrib.,211000.0,,136000.0,4,50000.0,si,616.0,3,188000.0,394000.0,2,743000.0
CL202302853,2023,Mendoza Sur,Córdoba,04/15/2021,37,Relación de Dependencia,521000.0,8.8,46000.0,2,186000.0,no,621.0,1,234000.0,466000.0,0,1647000.0
CL202304193,2023,Mendoza Sur,Santa Fe,21/04/2018,26,Relación de Dependencia,366000.0,7.5,156000.0,3,95000.0,si,630.0,0,157000.0,354000.0,0,1893000.0
CL202300460,2023,Rosario Norte,Salta,08/25/2019,37,Relación de Dependencia,1272000.0,9.3,260000.0,4,358000.0,no,623.0,2,849000.0,1172000.0,0,4633000.0
CL202305302,2023,Central,Buenos Aires,2018-11-02,56,Relación de Dependencia,1027000.0,13.4,150000.0,6,280000.0,N,721.0,0,453000.0,909000.0,0,6583000.0
CL202302824,2023,Rosario Norte,Salta,2021-07-09,39,Informal,,,111000.0,1,213000.0,No,754.0,0,339000.0,783000.0,1,2230000.0
CL202304375,2023,Córdoba Shopping,Buenos Aires,28/07/2020,39,RD,1150000.0,4.0,190000.0,4,251000.0,no,843.0,1,1003000.0,2091000.0,1,1985000.0
CL202302726,2023,Microcentro,Neuquén,02/03/2017,44,Monotributo,140000.0,7.1,44000.0,2,47000.0,1,647.0,1,106000.0,137000.0,1,530000.0
CL202300087,2023,Córdoba Shopping,CABA,26/07/2020,20,monotributo,707000.0,4.0,150000.0,3,310000.0,0,719.0,2,300000.0,1432000.0,0,4065000.0
CL202304544,2023,La Plata,Córdoba,04/06/2016,49,Monotributo,497000.0,10.5,32000.0,3,181000.0,N,745.0,0,431000.0,841000.0,1,2446000.0
CL202305021,2023,Central,Neuquén,21/08/2020,28,relacion de dependencia,,5.5,187000.0,2,432000.0,no,643.0,0,547000.0,824000.0,0,2525000.0
CL202301197,2023,Mendoza Sur,Salta,30/09/2017,24,Relación de Dependencia,1433000.0,7.7,228000.0,3,583000.0,0,696.0,2,1254000.0,1624000.0,0,8168000.0
CL202303686,2023,Microcentro,Salta,13/07/2016,46,RD,954000.0,10.9,161000.0,5,169000.0,Sí,712.0,1,398000.0,1552000.0,0,3441000.0
CL202303927,2023,Central,Tucumán,03/02/2016,18,Rel. Dependencia,529000.0,5.4,76000.0,5,218000.0,No,685.0,0,579000.0,862000.0,0,2422000.0
CL202300328,2023,Central,Salta,02/25/2018,42,Rel. Dependencia,292000.0,10.4,84000.0,4,116000.0,N,749.0,2,255000.0,533000.0,0,1858000.0
CL202303271,2023,Canal Digital,Córdoba,02/10/2016,38,Monotributo,550000.0,6.8,99000.0,3,174.0,1,654.0,2,121000.0,1027000.0,0,4349000.0
CL202306191,2023,Microcentro,Mendoza,2020-09-05,66,monotributo,645000.0,16.3,125000.0,4,237000.0,Sí,575.0,1,346000.0,1388000.0,0,5151000.0
CL202300988,2023,Central,Tucumán,11/10/2019,20,monotrib.,739000.0,0.0,76000.0,4,346000.0,0,776.0,0,313000.0,1005000.0,0,1590000.0
CL202301981,2023,Córdoba Shopping,Salta,19/12/2019,23,monotributo,,0.1,131000.0,2,87000.0,S,552.0,3,106000.0,587000.0,3,1484000.0
CL202301738,2023,Mendoza Sur,CABA,04/01/2018,55,MT,,,90000.0,4,365000.0,0,707.0,1,505000.0,793000.0,0,1440000.0
CL202301942,2023,Mendoza Sur,Neuquén,19/06/2021,55,MT,435000.0,10.7,94000.0,4,172000.0,0,595.0,1,292000.0,492000.0,1,3108000.0
CL202302234,2023,Central,Tucumán,23/01/2021,34,RD,,11.9,142000.0,3,145000.0,No,568.0,3,206000.0,806000.0,0,1898000.0
CL202306423,2023,Microcentro,Santa Fe,10/01/2017,58,Relación de Dependencia,,20.0,199000.0,5,391000.0,0,711.0,1,535000.0,1821000.0,0,2232000.0
CL202304208 ,2023,Palermo,Tucumán,24/01/2019,78,Informal,113000.0,,41000.0,3,37000.0,S,,3,78000.0,100000.0,0,546000.0
CL202302098,2023,Mendoza Sur,Mendoza,31/08/2019,49,Rel. Dependencia,486000.0,13.9,63000.0,2,134000.0,Sí,648.0,0,236000.0,623000.0,0,941000.0
CL202303828,2023,Microcentro,Córdoba,2019-06-09,64,Informal,147000.0,14.5,7000.0,3,25000.0,No,,0,77000.0,139000.0,1,282000.0
CL202304471,2023,Canal Digital,Santa Fe,08/09/2021,33,s/d,173000.0,11.3,40000.0,2,14.0,N,625.0,0,0.0,338000.0,0,969000.0
CL202304955,2023,Rosario Norte,Córdoba,21/07/2021,18,RD,,5.7,153000.0,2,271000.0,0,718.0,0,289000.0,1687000.0,0,4936000.0
CL202301642,2023,Rosario Norte,Buenos Aires,02/12/2017,40,MT,564000.0,7.5,247000.0,3,178000.0,N,610.0,1,239000.0,461000.0,1,2532000.0
CL202303711,2023,Córdoba Shopping,Santa Fe,11/03/2019,29,relacion de dependencia,1243000.0,4.2,213000.0,4,327000.0,N,727.0,1,1093000.0,1914000.0,0,2005000.0
CL202304235,2023,Córdoba Shopping,Neuquén,2021-07-01,26,Rel. Dependencia,608000.0,,187000.0,5,203000.0,1,646.0,2,178000.0,937000.0,1,4561000.0
CL202300010,2023,Rosario Norte,Santa Fe,12/01/2018,47,relacion de dependencia,,10.2,213000.0,4,327000.0,no,694.0,0,165000.0,1623000.0,0,9710000.0
CL202305810,2023,Central,Salta,20/02/2016,21,relacion de dependencia,1122000.0,3.1,236000.0,3,252000.0,No,763.0,0,1194000.0,1171000.0,0,1906000.0
CL202305236,2023,Córdoba Shopping,Buenos Aires,17/05/2017,56,monotrib.,,12.8,123000.0,5,117000.0,1,593.0,0,221000.0,577000.0,1,2045000.0
CL202300526,2023,Mendoza Sur,Salta,20/01/2017,31,RD,604000.0,5.8,159000.0,5,37000.0,1,576.0,1,426000.0,484000.0,0,3802000.0
CL202300188,2023,Córdoba Shopping,CABA,26/06/2020,35,Relación de Dependencia,647000.0,10.3,70000.0,5,87000.0,N,722.0,1,306000.0,1051000.0,1,1181000.0
CL202303668,2023,Palermo,CABA,2021-07-31,52,changas,251000.0,10.2,123000.0,3,90000.0,S,561.0,2,180000.0,211000.0,1,1638000.0
CL202300322,2023,La Plata,Neuquén,2016-11-06,33,s/d,226000.0,3.1,100000.0,5,60000.0,No,645.0,1,169000.0,485000.0,1,1203000.0
CL202301527,2023,Central,Santa Fe,2018-07-09,29,monotributo,243000.0,,46000.0,5,70000.0,N,,1,136000.0,533000.0,0,1049000.0
CL202306778,2023,Córdoba Shopping,Buenos Aires,06/06/2019,45,changas,325000.0,5.5,53000.0,6,122000.0,no,667.0,0,290000.0,306000.0,0,2038000.0
CL202305427,2023,Mendoza Sur,Buenos Aires,29/08/2021,43,Relación de Dependencia,423000.0,15.3,240000.0,5,110000.0,no,599.0,1,368000.0,617000.0,1,2976000.0
CL202303949,2023,Microcentro,Buenos Aires,04/04/2016,50,RD,,16.2,344000.0,6,603000.0,si,660.0,3,1207000.0,1340000.0,0,10582000.0
CL202305209,2023,La Plata,Tucumán,11/11/2020,57,RD,612000.0,13.6,314000.0,4,145000.0,No,,1,405000.0,996000.0,2,3683000.0
CL202300566,2023,Palermo,Córdoba,2021-07-22,31,Rel. Dependencia,752000.0,12.9,224000.0,2,132000.0,S,643.0,1,334000.0,751000.0,3,4608000.0
CL202305920,2023,Microcentro,Buenos Aires,13/06/2016,32,Monotributo,446000.0,4.5,107000.0,1,172000.0,N,705.0,1,191000.0,366000.0,2,936000.0
CL202304485,2023,Palermo,Neuquén,21/02/2017,24,Relación de Dependencia,927000.0,6.0,566000.0,5,322000.0,Sí,588.0,3,190000.0,1011000.0,0,7040000.0
CL202306454,2023,Microcentro,CABA,31/07/2017,61,s/d,141000.0,16.9,105000.0,2,44000.0,Sí,544.0,4,58000.0,229000.0,0,774000.0
CL202304413,2023,Palermo,Salta,12/10/2019,47,MT,286000.0,,145000.0,2,155000.0,si,,5,312000.0,303000.0,2,460000.0
CL202306078,2023,Palermo,Buenos Aires,30/08/2017,59,Monotributo,471000.0,15.4,103000.0,5,144000.0,no,,0,243000.0,382000.0,2,3131000.0
CL202304186,2023,Rosario Norte,Santa Fe,15/03/2016,42,Informal,133000.0,6.7,26000.0,2,58000.0,1,708.0,0,55000.0,120000.0,0,246000.0
CL202300085,2023,Canal Digital,CABA,06/06/2021,45,monotributo,329000.0,,130000.0,4,104.0,si,641.0,0,182000.0,676000.0,0,2502000.0
CL202305035,2023,Canal Digital,CABA,07/05/2018,52,changas,244000.0,11.2,39000.0,4,48.0,0,656.0,0,113000.0,297000.0,1,1540000.0
CL202300130,2023,Mendoza Sur,Córdoba,2017-04-08,39,Informal,140000.0,,85000.0,2,41000.0,no,524.0,2,92000.0,132000.0,2,554000.0
CL202301136,2023,Central,Córdoba,05/18/2018,52,Rel. Dependencia,746000.0,17.6,126000.0,5,235000.0,N,699.0,1,79000.0,1389000.0,0,1246000.0
CL202305865,2023,Microcentro,Salta,10/26/2018,36,MT,291000.0,,168000.0,3,94000.0,0,584.0,1,196000.0,274000.0,0,1821000.0
CL202303331,2023,Córdoba Shopping,Santa Fe,04/17/2018,32,s/d,98000.0,,60000.0,4,40000.0,S,531.0,2,71000.0,94000.0,0,260000.0
CL202306711,2023,Microcentro,Buenos Aires,30/07/2016,45,changas,148000.0,,63000.0,4,55000.0,S,522.0,4,120000.0,143000.0,1,548000.0
CL202302119,2023,La Plata,Córdoba,22/05/2021,52,Informal,305000.0,9.2,139000.0,3,81000.0,S,602.0,2,37000.0,401000.0,1,2257000.0
CL202305766,2023,Canal Digital,Neuquén,26/12/2021,59,RD,,13.4,453000.0,4,590.0,N,794.0,1,624000.0,2117000.0,1,17311000.0
CL202301730,2023,Rosario Norte,CABA,27/01/2021,48,Rel. Dependencia,483000.0,18.6,188000.0,5,261000.0,si,620.0,2,388000.0,993000.0,2,2929000.0
CL202305780,2023,Palermo,Mendoza,04/28/2021,28,Informal,116000.0,3.9,47000.0,2,32000.0,S,615.0,1,39000.0,101000.0,2,462000.0
CL202302251,2023,Central,Tucumán,2021-02-11,46,Informal,223000.0,,35000.0,4,77000.0,No,791.0,1,165000.0,246000.0,1,1706000.0
CL202301785,2023,Mendoza Sur,Neuquén,13/04/2021,24,informal,168000.0,,73000.0,4,69000.0,S,602.0,0,142000.0,233000.0,0,386000.0
CL202301152,2023,La Plata,Neuquén,04/10/2019,41,RD,,10.5,72000.0,4,374000.0,No,764.0,1,616000.0,704000.0,0,4982000.0
CL202303702,2023,Rosario Norte,Salta,02/20/2020,43,s/d,,10.1,293000.0,3,60000.0,Sí,483.0,4,241000.0,783000.0,2,883000.0
CL202305753,2023,Córdoba Shopping,CABA,07/08/2021,45,Rel. Dependencia,288000.0,9.5,168000.0,8,57000.0,S,557.0,1,195000.0,328000.0,0,1188000.0
CL202302064,2023,Mendoza Sur,CABA,18/12/2020,56,Relación de Dependencia,1241000.0,18.8,197000.0,6,473000.0,S,659.0,2,741000.0,2379000.0,1,5947000.0
CL202303000,2023,Rosario Norte,Mendoza,2016-12-06,58,Relación de Dependencia,775000.0,14.4,52000.0,3,319000.0,No,693.0,1,331000.0,1027000.0,0,3364000.0
CL202304596,2023,Rosario Norte,Salta,04/14/2017,18,Rel. Dependencia,1136000.0,3.4,176000.0,3,437000.0,N,850.0,1,713000.0,2431000.0,0,8472000.0
CL202303370,2023,Microcentro,CABA,26/08/2017,39,MT,338000.0,4.4,194000.0,3,106000.0,1,553.0,0,132000.0,743000.0,2,1059000.0
CL202300533,2023,Canal Digital,Córdoba,01/02/2016,57,RD,748000.0,13.1,275000.0,7,281.0,No,571.0,2,359000.0,712000.0,1,4551000.0
CL202303298,2023,Córdoba Shopping,Mendoza,01/02/2019,27,RD,637000.0,5.7,75000.0,2,124000.0,no,772.0,1,238000.0,607000.0,1,4318000.0
CL202306497,2023,Mendoza Sur,Santa Fe,2017-06-30,35,Informal,180000.0,10.6,24000.0,2,67000.0,N,607.0,1,119000.0,165000.0,0,695000.0
CL202304428,2023,Microcentro,Tucumán,06/17/2018,44,monotrib.,,10.8,94000.0,2,70000.0,No,730.0,1,544000.0,824000.0,0,4206000.0
CL202305889,2023,Mendoza Sur,Buenos Aires,11/29/2016,29,monotributo,294000.0,,56000.0,4,114000.0,no,634.0,1,96000.0,446000.0,1,1573000.0
CL202303364,2023,Canal Digital,Santa Fe,09/28/2021,29,Monotributo,414000.0,,56000.0,5,101.0,N,689.0,0,269000.0,373000.0,1,1356000.0
CL202301771,2023,Canal Digital,Buenos Aires,28/02/2018,50,Monotributo,280000.0,,128000.0,3,75.0,1,597.0,1,232000.0,399000.0,0,1822000.0
CL202304232,2023,Canal Digital,Córdoba,27/09/2017,18,monotrib.,495000.0,,137000.0,3,100.0,si,704.0,0,24000.0,565000.0,0,2599000.0
CL202304038,2023,Rosario Norte,Córdoba,2017-09-24,28,changas,367000.0,,88000.0,5,133000.0,no,649.0,1,46000.0,620000.0,0,1512000.0
CL202305778,2023,Córdoba Shopping,Buenos Aires,23/08/2021,46,monotrib.,236000.0,10.4,169000.0,1,90000.0,Sí,502.0,4,229000.0,429000.0,0,1681000.0
CL202302249,2023,Canal Digital,CABA,2019-04-19,18,Relación de Dependencia,565000.0,4.3,188000.0,3,130.0,si,,0,171000.0,859000.0,0,2421000.0
CL202302099,2023,Mendoza Sur,Santa Fe,15/09/2018,41,monotrib.,205000.0,6.5,48000.0,6,33000.0,Sí,628.0,1,165000.0,236000.0,0,1343000.0
CL202303416,2023,La Plata,Neuquén,2019-05-10,18,Monotributo,311000.0,1.5,139000.0,2,98000.0,S,617.0,2,91000.0,471000.0,1,828000.0
CL202305184,2023,Mendoza Sur,Salta,2017-01-09,18,relacion de dependencia,518000.0,3.0,66000.0,5,104000.0,no,656.0,3,313000.0,532000.0,0,1724000.0
CL202304141,2023,Palermo,Buenos Aires,2020-10-11,26,monotrib.,569000.0,,12000.0,4,235000.0,S,686.0,0,251000.0,1065000.0,0,2898000.0
CL202302331,2023,Córdoba Shopping,Buenos Aires,13/11/2020,49,Monotributo,263000.0,,81000.0,4,48000.0,N,604.0,0,298000.0,466000.0,0,1690000.0
CL202305326,2023,Mendoza Sur,Tucumán,2017-02-01,30,monotrib.,616000.0,1.1,44000.0,6,306000.0,No,700.0,1,65000.0,1273000.0,0,3736000.0
CL202301388,2023,Rosario Norte,Neuquén,08/02/2021,54,monotrib.,356000.0,,58000.0,3,135000.0,0,723.0,1,272000.0,443000.0,1,1671000.0
CL202300238,2023,Central,Salta,06/11/2020,29,monotributo,525000.0,0.0,173000.0,2,130000.0,S,624.0,2,570000.0,867000.0,1,915000.0
CL202303955,2023,Microcentro,Neuquén,02/04/2021,34,Informal,,8.7,49000.0,5,191000.0,No,704.0,1,392000.0,562000.0,0,1850000.0
CL202306232,2023,Central,Buenos Aires,10/08/2017,18,changas,364000.0,,144000.0,3,40000.0,N,615.0,1,251000.0,791000.0,2,1214000.0
CL202305271,2023,Palermo,Neuquén,25/09/2018,72,Informal,297000.0,,59000.0,4,71000.0,No,661.0,0,114000.0,427000.0,0,1070000.0
CL202306055,2023,Palermo,Mendoza,28/06/2021,33,changas,143000.0,,50000.0,1,29000.0,no,645.0,1,77000.0,247000.0,1,846000.0
CL202301600,2023,Canal Digital,Mendoza,11/16/2020,43,s/d,234000.0,11.3,118000.0,1,44.0,si,580.0,4,70000.0,317000.0,3,589000.0
CL202305157,2023,Rosario Norte,Buenos Aires,03/04/2021,30,monotrib.,488000.0,5.2,104000.0,2,101000.0,No,620.0,1,326000.0,743000.0,2,3438000.0
CL202301285,2023,Córdoba Shopping,CABA,09/05/2020,40,Monotributo,1155000.0,5.3,113000.0,5,205000.0,si,617.0,1,436000.0,1731000.0,0,3763000.0
CL202305642,2023,Palermo,Córdoba,12/06/2018,30,MT,468000.0,1.8,16000.0,4,177000.0,N,739.0,0,171000.0,940000.0,0,1618000.0
CL202304231,2023,La Plata,Neuquén,10/04/2016,36,monotrib.,548000.0,9.8,185000.0,3,228000.0,0,630.0,0,401000.0,1059000.0,0,1523000.0
CL202305197,2023,Central,Buenos Aires,12/29/2020,39,monotrib.,362000.0,3.7,92000.0,3,106000.0,N,642.0,0,52000.0,724000.0,1,1888000.0
CL202302751,2023,La Plata,CABA,09/08/2020,66,MT,301000.0,23.5,129000.0,2,69000.0,no,606.0,0,316000.0,494000.0,1,595000.0
CL202305529,2023,Central,Buenos Aires,02/01/2017,57,monotributo,632000.0,,146000.0,3,180000.0,Sí,643.0,1,100000.0,890000.0,1,2859000.0
CL202305966,2023,Rosario Norte,Córdoba,03/01/2017,37,Rel. Dependencia,786000.0,10.2,195000.0,4,201000.0,no,665.0,0,348000.0,1491000.0,1,1335000.0
CL202304948,2023,Microcentro,Salta,01/05/2019,41,relacion de dependencia,1440000.0,8.8,244000.0,7,693000.0,No,813.0,0,883000.0,1949000.0,0,5240000.0
CL202302216,2023,Canal Digital,Santa Fe,13/09/2021,48,RD,,15.0,100000.0,7,156.0,no,769.0,3,252000.0,805000.0,0,1829000.0
CL202300731,2023,Mendoza Sur,Santa Fe,2016-12-21,61,Monotributo,,14.3,26000.0,4,281000.0,no,738.0,0,331000.0,507000.0,0,1623000.0
CL202303820,2023,Mendoza Sur,Santa Fe,05/18/2018,32,Relación de Dependencia,1461000.0,5.9,104000.0,6,523000.0,no,840.0,1,1407000.0,2246000.0,0,11355000.0
CL202306117,2023,Microcentro,Mendoza,06/05/2020,45,s/d,154000.0,,70000.0,2,38000.0,S,582.0,0,142000.0,276000.0,0,1186000.0
CL202301044,2023,Canal Digital,Santa Fe,22/10/2020,37,RD,,11.1,49000.0,4,114.0,No,760.0,0,293000.0,863000.0,0,2933000.0
CL202301403,2023,Canal Digital,Neuquén,2018-07-16,34,relacion de dependencia,393000.0,12.8,37000.0,2,125.0,N,747.0,0,153000.0,826000.0,0,1312000.0
CL202303970,2023,Palermo,CABA,27/01/2016,19,MT,362000.0,,181000.0,4,89000.0,1,547.0,0,157000.0,334000.0,0,918000.0
CL202306246,2023,Palermo,Neuquén,23/08/2020,32,Relación de Dependencia,533000.0,8.5,199000.0,5,114000.0,Sí,599.0,0,212000.0,456000.0,0,3061000.0
CL202305409,2023,La Plata,CABA,28/06/2017,40,Relación de Dependencia,725000.0,11.2,143000.0,8,82000.0,S,669.0,2,183000.0,1026000.0,0,1931000.0
CL202301283,2023,Rosario Norte,CABA,07/05/2016,38,Relación de Dependencia,1059000.0,10.0,201000.0,5,249000.0,0,690.0,1,200000.0,1283000.0,0,7651000.0
CL202306298,2023,Mendoza Sur,CABA,2016-12-20,46,Rel. Dependencia,,16.4,65000.0,5,185000.0,1,754.0,1,472000.0,693000.0,0,1302000.0
CL202305518,2023,Microcentro,Neuquén,05/06/2021,38,relacion de dependencia,832000.0,13.1,171000.0,5,127000.0,1,693.0,0,205000.0,1684000.0,2,3022000.0
CL202305345,2023,Central,Buenos Aires,10/22/2016,44,RD,487000.0,10.2,259000.0,3,5000.0,S,594.0,2,178000.0,909000.0,1,3356000.0
CL202305396,2023,Córdoba Shopping,Tucumán,2017-02-07,18,Informal,160000.0,0.2,65000.0,3,17000.0,Sí,634.0,0,82000.0,210000.0,3,714000.0
CL202302288,2023,Rosario Norte,CABA,04/04/2018,48,Rel. Dependencia,,12.6,184000.0,8,66000.0,No,682.0,3,130000.0,766000.0,3,971000.0
CL202301164,2023,Palermo,Santa Fe,07/04/2021,49,monotrib.,598000.0,,239000.0,2,147000.0,si,610.0,1,152000.0,850000.0,0,1461000.0
CL202301681,2023,Palermo,Buenos Aires,2016-04-21,67,Monotributo,892000.0,17.7,95000.0,5,413000.0,N,,0,203000.0,1912000.0,0,2859000.0
CL202300291,2023,Rosario Norte,Córdoba,01/13/2019,53,Monotributo,742000.0,12.7,151000.0,2,228000.0,0,710.0,3,477000.0,763000.0,0,4146000.0
CL202302946,2023,Córdoba Shopping,Salta,04/08/2019,50,RD,1569000.0,14.3,258000.0,8,619000.0,0,755.0,0,1189000.0,2348000.0,0,4110000.0
CL202302538,2023,Rosario Norte,Mendoza,03/13/2021,29,RD,1267000.0,9.5,124000.0,3,431000.0,no,770.0,0,585000.0,2026000.0,0,6685000.0
CL202300619,2023,La Plata,Córdoba,25/05/2021,48,RD,452000.0,15.3,75000.0,6,169000.0,no,717.0,2,216000.0,440000.0,0,3343000.0
CL202304871,2023,Central,Neuquén,2016-07-31,53,monotributo,389000.0,,116000.0,3,156000.0,No,668.0,3,223000.0,641000.0,0,758000.0
CL202300207,2023,Mendoza Sur,Tucumán,2017-10-04,65,s/d,332000.0,15.7,52000.0,2,75000.0,0,713.0,1,56000.0,605000.0,0,2069000.0
CL202300592,2023,Mendoza Sur,Neuquén,27/11/2017,50,MT,1076000.0,9.3,129000.0,4,283000.0,N,799.0,1,393000.0,1284000.0,1,3940000.0
CL202304456,2023,Córdoba Shopping,CABA,2016-12-31,57,monotrib.,309000.0,14.2,81000.0,2,144000.0,N,,1,98000.0,679000.0,0,1482000.0
CL202301594,2023,Córdoba Shopping,Córdoba,2021-06-08,34,Relación de Dependencia,597000.0,10.5,144000.0,3,300000.0,0,625.0,0,448000.0,1020000.0,0,1506000.0
CL202303600,2023,Central,CABA,27/10/2016,39,Relación de Dependencia,623000.0,13.9,79000.0,1,208000.0,1,766.0,0,179000.0,919000.0,0,4832000.0
CL202305455,2023,Microcentro,CABA,25/03/2021,46,RD,547000.0,11.8,168000.0,5,340000.0,N,651.0,2,332000.0,732000.0,0,2156000.0
CL202302962,2023,Córdoba Shopping,Neuquén,26/02/2019,51,Monotributo,428000.0,8.5,65000.0,2,44000.0,si,719.0,1,526000.0,762000.0,0,2397000.0
CL202303834,2023,Microcentro,Mendoza,2017-10-05,49,monotrib.,745000.0,10.3,210000.0,5,48000.0,N,717.0,2,430000.0,861000.0,1,2883000.0
CL202303255,2023,La Plata,Mendoza,2019-05-23,40,relacion de dependencia,592000.0,9.0,124000.0,4,192000.0,no,742.0,1,208000.0,1188000.0,0,1492000.0
CL202306182,2023,Canal Digital,Mendoza,01/06/2017,45,s/d,90000.0,11.3,25000.0,3,23.0,No,673.0,1,42000.0,155000.0,0,659000.0
CL202304245,2023,Central,Mendoza,27/03/2021,62,Monotributo,,15.2,139000.0,2,148000.0,No,589.0,0,549000.0,930000.0,1,1527000.0
CL202305921,2023,Rosario Norte,Córdoba,10/10/2020,23,relacion de dependencia,681000.0,2.9,109000.0,7,259000.0,No,701.0,1,529000.0,1353000.0,0,1791000.0
CL202302830,2023,Canal Digital,Salta,2020-12-20,30,Monotributo,328000.0,5.5,127000.0,3,57.0,0,556.0,3,308000.0,287000.0,1,1263000.0
CL202302943,2023,Mendoza Sur,Neuquén,19/01/2017,46,RD,1015000.0,17.2,236000.0,3,434000.0,N,791.0,0,388000.0,1164000.0,1,4068000.0
CL202301735,2023,Microcentro,Córdoba,09/12/2021,39,s/d,90000.0,5.7,10000.0,2,13000.0,si,,1,58000.0,133000.0,0,566000.0
CL202306692,2023,Canal Digital,Buenos Aires,2018-09-27,38,RD,613000.0,8.4,161000.0,2,142.0,No,637.0,2,230000.0,1209000.0,0,1945000.0
CL202305663,2023,Canal Digital,Buenos Aires,31/07/2018,62,RD,810000.0,18.7,159000.0,3,105.0,N,653.0,2,517000.0,1283000.0,1,6195000.0
CL202302983,2023,La Plata,Tucumán,05/04/2020,18,RD,682000.0,3.7,150000.0,6,202000.0,0,707.0,1,612000.0,1237000.0,0,4609000.0
CL202300480,2023,Córdoba Shopping,Mendoza,25/05/2018,18,MT,91000.0,,56000.0,3,52000.0,1,555.0,0,39000.0,128000.0,3,479000.0
CL202306788,2023,Córdoba Shopping,Neuquén,22/07/2017,52,RD,,15.3,287000.0,3,293000.0,N,594.0,1,682000.0,1593000.0,1,3906000.0
CL202306076,2023,Canal Digital,Santa Fe,23/04/2021,57,RD,650000.0,11.9,139000.0,6,280.0,0,736.0,3,0.0,869000.0,1,2746000.0
CL202303735,2023,Mendoza Sur,Buenos Aires,06/05/2021,34,monotributo,528000.0,7.8,81000.0,3,165000.0,0,678.0,1,198000.0,552000.0,0,4216000.0
CL202302719,2023,Central,Santa Fe,10/14/2021,41,s/d,209000.0,,117000.0,2,45000.0,0,549.0,2,126000.0,346000.0,0,650000.0
CL202304361,2023,Central,Buenos Aires,2018-06-29,47,Relación de Dependencia,733000.0,13.7,156000.0,4,111000.0,No,,2,385000.0,636000.0,0,5038000.0
CL202304600,2023,Central,Buenos Aires,2020-11-15,58,monotributo,485000.0,,155000.0,3,217000.0,no,585.0,4,233000.0,1033000.0,3,2245000.0
CL202303701,2023,Córdoba Shopping,Tucumán,03/07/2020,31,informal,185000.0,,18000.0,4,37000.0,N,601.0,0,15000.0,226000.0,0,1303000.0
CL202305834,2023,La Plata,Mendoza,27/11/2018,41,relacion de dependencia,,11.2,171000.0,2,87000.0,0,579.0,0,307000.0,356000.0,0,1330000.0
CL202302578,2023,Microcentro,Mendoza,11/08/2021,22,Rel. Dependencia,1147000.0,8.5,217000.0,5,477000.0,no,814.0,0,819000.0,1153000.0,0,6418000.0
CL202304794,2023,Córdoba Shopping,Neuquén,27/08/2018,49,changas,,10.6,117000.0,3,86000.0,No,653.0,0,119000.0,424000.0,1,1242000.0
CL202301939,2023,Palermo,CABA,03/02/2017,39,Informal,207000.0,,32000.0,3,67000.0,0,638.0,0,131000.0,441000.0,0,467000.0
CL202303296,2023,Central,Tucumán,24/11/2019,30,informal,,,268000.0,1,74000.0,1,599.0,3,219000.0,677000.0,0,1036000.0
CL202306617,2023,Mendoza Sur,Salta,2021-08-08,41,monotrib.,444000.0,,49000.0,4,159000.0,No,648.0,1,319000.0,814000.0,0,1594000.0
CL202306106,2023,Palermo,Mendoza,2020-05-15,67,RD,619000.0,18.9,200000.0,2,135000.0,No,622.0,0,514000.0,801000.0,0,3291000.0
CL202301816,2023,Central,Córdoba,20/10/2018,49,Rel. Dependencia,1271000.0,15.1,357000.0,4,476000.0,S,634.0,1,792000.0,1050000.0,0,3510000.0
CL202306178,2023,Palermo,Santa Fe,11/23/2018,52,informal,249000.0,14.4,134000.0,1,74000.0,No,619.0,1,106000.0,379000.0,1,1049000.0
CL202303679,2023,Mendoza Sur,Salta,09/27/2018,54,monotrib.,278000.0,10.9,131000.0,2,90000.0,No,540.0,1,162000.0,594000.0,1,1918000.0
CL202304762,2023,Central,CABA,2020-08-16,57,informal,292000.0,15.2,143000.0,1,128000.0,S,522.0,2,68000.0,352000.0,0,836000.0
CL202300964,2023,Canal Digital,Santa Fe,11/04/2020,46,Rel. Dependencia,,5.2,172000.0,3,119.0,no,670.0,1,236000.0,685000.0,0,4903000.0
CL202304891,2023,Córdoba Shopping,Salta,2021-03-30,30,RD,363000.0,10.5,104000.0,4,127000.0,no,691.0,0,34000.0,737000.0,0,1715000.0
CL202306128,2023,Microcentro,Salta,2018-07-08,44,monotributo,517000.0,6.0,78000.0,3,252000.0,no,678.0,1,253000.0,770000.0,1,2212000.0
CL202305136,2023,Córdoba Shopping,Salta,01/02/2021,18,RD,840000.0,0.0,63000.0,1,269000.0,Sí,727.0,0,667000.0,837000.0,1,3856000.0
CL202306652,2023,Palermo,Santa Fe,2021-01-21,30,RD,880000.0,6.5,101000.0,3,224000.0,0,,1,288000.0,1422000.0,0,2423000.0
CL202306020,2023,Microcentro,Tucumán,04/02/2016,48,relacion de dependencia,443000.0,11.8,128000.0,7,222000.0,no,625.0,1,246000.0,840000.0,3,1401000.0
CL202304100,2023,La Plata,CABA,22/10/2017,56,s/d,415000.0,14.4,139000.0,4,142000.0,N,626.0,1,390000.0,837000.0,1,2677000.0
CL202306544,2023,Central,Santa Fe,2021-11-10,34,changas,125000.0,,29000.0,5,40000.0,N,704.0,1,135000.0,192000.0,0,564000.0
CL202303488,2023,Rosario Norte,Buenos Aires,25/02/2020,61,monotrib.,260000.0,11.6,86000.0,3,116000.0,si,598.0,1,144000.0,346000.0,0,1139000.0
CL202305174,2023,Microcentro,Tucumán,03/03/2017,22,s/d,,,57000.0,1,87000.0,1,,0,88000.0,462000.0,0,1431000.0
CL202302945,2023,Rosario Norte,CABA,11/02/2019,35,monotributo,379000.0,,35000.0,3,53000.0,no,714.0,1,106000.0,669000.0,3,583000.0
CL202301084,2023,La Plata,Salta,2017-05-09,36,Monotributo,866000.0,,125000.0,4,137000.0,Sí,726.0,0,458000.0,1110000.0,0,2760000.0
CL202303563,2023,Canal Digital,Salta,07/11/2016,33,MT,617000.0,6.0,7000.0,2,265.0,No,728.0,0,0.0,1161000.0,0,4238000.0
CL202305192,2023,Palermo,Salta,2021-04-29,47,relacion de dependencia,377000.0,13.0,154000.0,4,113000.0,Sí,631.0,1,293000.0,503000.0,0,1295000.0
CL202303902,2023,Canal Digital,Buenos Aires,08/26/2017,29,monotributo,,,12000.0,3,5.0,no,697.0,1,96000.0,287000.0,0,963000.0
CL202301536,2023,Córdoba Shopping,Neuquén,24/05/2016,45,relacion de dependencia,1117000.0,13.7,252000.0,5,304000.0,N,,0,888000.0,2012000.0,0,7938000.0
CL202302730,2023,Central,CABA,2021-12-01,33,Monotributo,581000.0,5.8,171000.0,5,185000.0,0,615.0,1,262000.0,1235000.0,1,2015000.0
CL202304818,2023,La Plata,CABA,12/18/2016,48,relacion de dependencia,1004000.0,13.6,92000.0,8,265000.0,no,750.0,1,656000.0,816000.0,0,5393000.0
CL202306089,2023,Canal Digital,Buenos Aires,2016-01-23,62,monotributo,346000.0,,13000.0,3,156.0,N,673.0,1,5000.0,427000.0,0,2224000.0
CL202306622,2023,Central,Santa Fe,08/08/2018,69,changas,261000.0,19.8,27000.0,5,83000.0,N,764.0,2,133000.0,502000.0,0,410000.0
CL202302625,2023,Mendoza Sur,Córdoba,03/07/2018,40,relacion de dependencia,,8.8,80000.0,4,190000.0,No,648.0,1,446000.0,701000.0,0,2947000.0
CL202306590,2023,Canal Digital,Santa Fe,25/08/2016,43,relacion de dependencia,,9.7,192000.0,4,454.0,0,728.0,0,667000.0,2674000.0,0,2660000.0
CL202300318,2023,Central,Buenos Aires,06/14/2017,51,Relación de Dependencia,977000.0,13.3,198000.0,9,290000.0,1,651.0,0,290000.0,1107000.0,2,7402000.0
CL202301448,2023,Microcentro,Buenos Aires,2019-06-30,27,RD,758000.0,10.3,170000.0,3,244000.0,no,687.0,0,352000.0,1574000.0,0,3216000.0
CL202305441,2023,Mendoza Sur,Santa Fe,22/07/2016,38,Monotributo,515000.0,4.5,121000.0,2,130000.0,N,708.0,0,391000.0,1099000.0,0,1371000.0
CL202301891,2023,Palermo,Córdoba,22/01/2016,36,Monotributo,321000.0,9.2,114000.0,2,79000.0,1,610.0,1,107000.0,296000.0,1,1715000.0
CL202303567,2023,Palermo,Tucumán,02/09/2017,35,relacion de dependencia,1431000.0,11.5,171000.0,4,370000.0,no,713.0,0,1014000.0,1938000.0,4,7391000.0
CL202301838,2023,Palermo,CABA,15/03/2019,18,s/d,,0.2,12000.0,2,46000.0,no,836.0,3,271000.0,392000.0,0,700000.0
CL202302443,2023,Canal Digital,Salta,31/08/2020,37,monotrib.,170000.0,,107000.0,1,38.0,1,575.0,2,150000.0,302000.0,2,964000.0
CL202301199,2023,Mendoza Sur,Salta,03/02/2018,32,Rel. Dependencia,403000.0,10.1,42000.0,6,176000.0,N,686.0,1,273000.0,395000.0,0,2425000.0
CL202303130,2023,La Plata,Tucumán,2020-05-26,27,relacion de dependencia,,6.1,154000.0,1,22000.0,no,701.0,0,455000.0,1257000.0,1,2672000.0
CL202302025,2023,Canal Digital,Santa Fe,20/04/2016,41,MT,582000.0,,81000.0,4,237.0,No,754.0,0,463000.0,967000.0,0,1682000.0
CL202300536,2023,Microcentro,Neuquén,07/08/2017,36,relacion de dependencia,2710000.0,5.9,241000.0,2,856000.0,No,843.0,1,1369000.0,2914000.0,1,5467000.0
CL202301908,2023,Palermo,CABA,2020-06-24,23,monotrib.,428000.0,,119000.0,4,109000.0,S,652.0,0,215000.0,688000.0,0,1254000.0
CL202302515,2023,Microcentro,Tucumán,10/11/2019,60,relacion de dependencia,408000.0,19.4,202000.0,2,124000.0,S,612.0,2,187000.0,451000.0,1,1070000.0
CL202305286,2023,Central,Buenos Aires,09/01/2019,39,Relación de Dependencia,305000.0,17.4,138000.0,3,93000.0,Sí,586.0,0,178000.0,342000.0,1,1851000.0
CL202302172,2023,Central,Tucumán,28/10/2016,48,Rel. Dependencia,1420000.0,11.2,245000.0,4,505000.0,no,717.0,0,1195000.0,2390000.0,1,4597000.0
CL202306545,2023,Canal Digital,Tucumán,2018-12-05,25,informal,409000.0,0.2,37000.0,5,114.0,No,674.0,1,151000.0,682000.0,1,2133000.0
CL202304885,2023,Córdoba Shopping,CABA,17/02/2017,45,informal,459000.0,12.6,86000.0,3,109000.0,1,656.0,1,221000.0,652000.0,1,1036000.0
CL202304362,2023,Palermo,Mendoza,2019-07-05,49,MT,415000.0,12.9,95000.0,2,161000.0,No,690.0,2,126000.0,542000.0,0,1290000.0
CL202304003,2023,Canal Digital,Salta,2019-03-17,45,Relación de Dependencia,,10.3,132000.0,4,136.0,0,714.0,0,509000.0,931000.0,0,5592000.0
CL202305246,2023,Córdoba Shopping,Buenos Aires,11/08/2021,43,Relación de Dependencia,1881000.0,8.9,21000.0,3,361000.0,0,803.0,1,1716000.0,3391000.0,0,10488000.0
CL202302629,2023,Palermo,Tucumán,30/10/2019,59,Relación de Dependencia,,21.2,94000.0,4,100000.0,No,666.0,1,336000.0,596000.0,0,1489000.0
CL202301616,2023,Palermo,Santa Fe,29/12/2019,34,MT,653000.0,,207000.0,2,23000.0,si,709.0,1,60000.0,600000.0,0,2196000.0
CL202303714,2023,Central,Salta,25/03/2019,59,Monotributo,964000.0,19.0,131000.0,1,133000.0,N,657.0,1,518000.0,1318000.0,0,6622000.0
CL202305169,2023,Canal Digital,Tucumán,2019-09-27,32,changas,261000.0,,42000.0,4,50.0,1,626.0,1,176000.0,412000.0,0,1736000.0
CL202305155,2023,Microcentro,CABA,18/03/2018,40,relacion de dependencia,884000.0,12.7,217000.0,6,494000.0,no,673.0,2,428000.0,726000.0,0,5886000.0
CL202302760,2023,Canal Digital,Buenos Aires,03/11/2021,46,monotributo,,14.0,230000.0,6,186.0,No,629.0,0,227000.0,817000.0,0,3780000.0
CL202305338,2023,Canal Digital,Santa Fe,27/12/2019,49,monotributo,673000.0,15.3,85000.0,4,148.0,no,657.0,1,126000.0,1157000.0,1,3452000.0
CL202305330,2023,La Plata,Santa Fe,09/03/2020,18,Rel. Dependencia,1068000.0,3.7,284000.0,2,339000.0,No,794.0,0,655000.0,967000.0,0,8170000.0
CL202302948,2023,Palermo,Mendoza,02/11/2020,33,RD,498000.0,10.9,135000.0,7,81000.0,No,611.0,1,561000.0,921000.0,0,3540000.0
CL202304987,2023,Microcentro,Tucumán,2019-10-11,43,relacion de dependencia,635000.0,16.9,136000.0,5,77000.0,0,776.0,0,540000.0,1328000.0,0,3636000.0
CL202303980,2023,Rosario Norte,Salta,2021-05-09,48,Monotributo,434000.0,9.2,28000.0,4,94000.0,si,710.0,1,250000.0,928000.0,0,1602000.0
CL202306461,2023,Canal Digital,Córdoba,12/25/2017,34,Rel. Dependencia,1544000.0,7.8,423000.0,6,298.0,0,633.0,4,1401000.0,2722000.0,1,7021000.0
CL202303914,2023,Rosario Norte,Neuquén,2019-04-27,67,relacion de dependencia,513000.0,16.9,201000.0,4,196000.0,0,600.0,0,278000.0,1029000.0,0,1091000.0
CL202301880,2023,Mendoza Sur,Tucumán,22/12/2018,37,Relación de Dependencia,1249000.0,12.3,281000.0,2,380000.0,N,752.0,1,555000.0,2597000.0,0,2125000.0
CL202305490,2023,Central,Tucumán,22/12/2019,49,Rel. Dependencia,1049000.0,18.6,141000.0,4,334000.0,No,775.0,1,761000.0,1018000.0,0,1684000.0
CL202303122,2023,Rosario Norte,Tucumán,2016-04-07,47,Informal,227000.0,13.6,124000.0,1,44000.0,no,501.0,2,111000.0,324000.0,2,1285000.0
CL202304483,2023,Mendoza Sur,Mendoza,05/12/2019,35,RD,463000.0,,201000.0,3,158000.0,S,595.0,2,175000.0,475000.0,2,3353000.0
CL202301974,2023,Córdoba Shopping,CABA,27/12/2019,32,Rel. Dependencia,904000.0,5.3,275000.0,3,209000.0,si,607.0,0,861000.0,1744000.0,0,6476000.0
CL202302762,2023,Mendoza Sur,Córdoba,2019-03-24,50,changas,90000.0,8.6,65000.0,4,32000.0,Sí,513.0,3,55000.0,164000.0,6,460000.0
CL202306597,2023,Canal Digital,Córdoba,17/02/2018,35,relacion de dependencia,1095000.0,9.1,109000.0,5,363.0,0,813.0,1,1257000.0,1449000.0,0,5491000.0
CL202306638,2023,La Plata,Buenos Aires,22/05/2021,67,RD,643000.0,23.1,82000.0,3,89000.0,S,660.0,1,111000.0,810000.0,0,2122000.0
CL202305039,2023,Microcentro,CABA,06/05/2019,20,Relación de Dependencia,1677000.0,3.3,308000.0,5,86000.0,0,659.0,0,805000.0,2439000.0,1,12924000.0
CL202305399,2023,La Plata,Neuquén,2016-04-11,46,s/d,196000.0,7.9,73000.0,3,38000.0,No,675.0,0,33000.0,216000.0,0,1264000.0
CL202306493,2023,Microcentro,Neuquén,2020-08-22,39,Relación de Dependencia,807000.0,13.8,105000.0,4,301000.0,N,756.0,1,462000.0,1632000.0,0,4963000.0
CL202303613,2023,Rosario Norte,Santa Fe,2016-09-26,32,changas,,5.7,49000.0,1,101000.0,0,704.0,0,128000.0,433000.0,1,2126000.0
CL202304892,2023,Palermo,Córdoba,2017-04-04,33,RD,1152000.0,7.1,218000.0,6,306000.0,No,632.0,1,969000.0,1514000.0,1,2675000.0
CL202305693,2023,Canal Digital,Neuquén,05/28/2017,45,changas,137000.0,7.5,21000.0,1,32.0,No,735.0,0,85000.0,286000.0,0,866000.0
CL202305196,2023,Central,Neuquén,2021-07-28,62,monotributo,941000.0,16.6,36000.0,2,369000.0,no,,0,376000.0,1477000.0,1,3409000.0
CL202303001,2023,Mendoza Sur,Córdoba,2017-10-13,33,relacion de dependencia,,10.4,160000.0,3,215000.0,1,704.0,1,779000.0,1692000.0,2,4947000.0
CL202300926,2023,Palermo,Salta,14/12/2017,26,Informal,,,76000.0,3,25000.0,S,534.0,6,14000.0,112000.0,5,503000.0
CL202302624,2023,Rosario Norte,Buenos Aires,13/12/2021,50,RD,764000.0,15.0,171000.0,5,209000.0,0,650.0,1,243000.0,1229000.0,0,1935000.0
CL202303976,2023,Palermo,Córdoba,26/12/2021,18,relacion de dependencia,604000.0,3.3,65000.0,2,294000.0,no,714.0,2,217000.0,780000.0,1,1040000.0
CL202302626,2023,Central,Salta,08/02/2021,70,Rel. Dependencia,1163000.0,22.6,39000.0,4,211000.0,No,778.0,1,786000.0,2221000.0,1,9136000.0
CL202301207,2023,Canal Digital,Neuquén,10/07/2017,54,Relación de Dependencia,496000.0,16.4,54000.0,1,116.0,Sí,689.0,0,395000.0,398000.0,1,3625000.0
CL202300002,2023,Palermo,Mendoza,2020-10-15,30,Rel. Dependencia,987000.0,4.3,86000.0,5,222000.0,No,829.0,0,714000.0,805000.0,0,4881000.0
CL202306094,2023,Central,Mendoza,24/01/2016,46,Informal,307000.0,,171000.0,1,98000.0,1,557.0,1,247000.0,568000.0,1,1642000.0
CL202302101,2023,Canal Digital,Tucumán,17/07/2016,49,RD,528000.0,13.1,129000.0,5,115.0,0,681.0,2,351000.0,1039000.0,0,990000.0
CL202301846,2023,Central,Mendoza,16/12/2021,28,Rel. Dependencia,1275000.0,3.9,156000.0,6,286000.0,No,,0,483000.0,1030000.0,0,2686000.0
CL202302797,2023,Palermo,Mendoza,08/31/2021,40,Rel. Dependencia,1409000.0,14.9,178000.0,5,216000.0,0,,0,961000.0,1166000.0,0,2985000.0
CL202306289,2023,Palermo,Tucumán,2018-12-02,43,informal,129000.0,6.6,66000.0,3,13000.0,Sí,539.0,6,81000.0,186000.0,1,427000.0
CL202302864,2023,Canal Digital,Neuquén,21/05/2017,46,monotributo,664000.0,,132000.0,2,219.0,N,656.0,1,258000.0,616000.0,2,4381000.0
CL202301406,2023,Mendoza Sur,Salta,08/10/2019,47,Monotributo,474000.0,10.3,48000.0,3,149000.0,No,648.0,2,357000.0,987000.0,1,3537000.0
CL202305913,2023,Mendoza Sur,CABA,14/01/2018,61,MT,443000.0,14.4,182000.0,6,99000.0,si,541.0,2,292000.0,904000.0,1,3052000.0
CL202304082,2023,Rosario Norte,CABA,19/03/2017,37,Relación de Dependencia,,8.7,92000.0,5,404000.0,Sí,658.0,1,601000.0,1842000.0,0,5527000.0
CL202306397,2023,La Plata,Neuquén,2016-12-25,36,relacion de dependencia,1326000.0,11.5,276000.0,2,159000.0,si,700.0,1,612000.0,2072000.0,0,6663000.0
CL202302761,2023,Rosario Norte,Córdoba,25/11/2021,39,changas,144000.0,,25000.0,1,50000.0,si,702.0,1,116000.0,289000.0,0,736000.0
CL202304148,2023,Canal Digital,Córdoba,15/10/2021,39,Informal,,,79000.0,2,76.0,Sí,606.0,1,214000.0,183000.0,0,1272000.0
CL202304639,2023,Canal Digital,CABA,17/07/2021,27,monotrib.,477000.0,3.4,187000.0,4,126.0,no,639.0,0,207000.0,394000.0,0,2696000.0
CL202304563,2023,La Plata,Tucumán,13/08/2019,61,relacion de dependencia,527000.0,21.6,133000.0,4,266000.0,N,707.0,2,101000.0,425000.0,0,2227000.0
CL202305513,2023,Mendoza Sur,CABA,09/08/2016,48,monotributo,,6.5,212000.0,4,123000.0,no,615.0,0,556000.0,1170000.0,0,2099000.0
CL202303499,2023,Mendoza Sur,Mendoza,09/09/2020,33,relacion de dependencia,1269000.0,6.8,260000.0,3,380000.0,no,748.0,1,412000.0,1081000.0,0,9879000.0
CL202301194,2023,Canal Digital,Tucumán,30/11/2016,42,Rel. Dependencia,662000.0,14.1,251000.0,1,202.0,no,662.0,2,350000.0,1403000.0,0,3872000.0
CL202304446,2023,Microcentro,Buenos Aires,03/11/2017,35,RD,,4.8,334000.0,5,625000.0,N,673.0,1,907000.0,2731000.0,1,9587000.0
CL202300556,2023,Mendoza Sur,Neuquén,26/11/2016,39,RD,1841000.0,12.3,488000.0,3,928000.0,no,653.0,2,922000.0,3939000.0,0,9473000.0
CL202303185,2023,Central,Santa Fe,26/02/2017,55,Relación de Dependencia,740000.0,14.5,141000.0,3,369000.0,0,651.0,2,483000.0,854000.0,1,1772000.0
CL202306193,2023,Córdoba Shopping,Tucumán,14/03/2017,25,MT,790000.0,3.5,270000.0,3,368000.0,no,599.0,3,589000.0,1166000.0,3,3495000.0
CL202300440,2023,Palermo,Salta,2019-11-25,24,Rel. Dependencia,611000.0,6.0,405000.0,4,208000.0,S,614.0,5,606000.0,1191000.0,1,2927000.0
CL202305222,2023,Rosario Norte,Salta,2017-08-31,25,RD,1997000.0,3.1,529000.0,4,60000.0,No,788.0,1,317000.0,1879000.0,0,4038000.0
CL202306241,2023,Mendoza Sur,Córdoba,06/02/2019,43,s/d,143000.0,7.5,57000.0,1,53000.0,1,604.0,0,106000.0,190000.0,0,821000.0
CL202302971,2023,Canal Digital,Buenos Aires,20/04/2016,43,Informal,545000.0,4.8,99000.0,4,245.0,no,674.0,0,267000.0,656000.0,0,2910000.0
CL202305517,2023,La Plata,Santa Fe,12/01/2020,47,RD,,11.3,213000.0,6,114000.0,1,567.0,2,565000.0,522000.0,2,1077000.0
CL202305556,2023,Palermo,Tucumán,2019-05-17,36,Monotributo,235000.0,5.4,166000.0,2,74000.0,N,559.0,4,137000.0,231000.0,0,612000.0
CL202303967,2023,Palermo,CABA,05/03/2017,37,Rel. Dependencia,1333000.0,10.5,282000.0,5,558000.0,si,695.0,1,1057000.0,2649000.0,0,2848000.0
CL202305928,2023,Palermo,CABA,04/15/2019,44,monotrib.,,8.9,251000.0,3,89000.0,N,,1,548000.0,834000.0,0,4154000.0
CL202302382,2023,Córdoba Shopping,Tucumán,27/06/2016,72,Informal,237000.0,,48000.0,5,48000.0,0,715.0,0,145000.0,210000.0,0,855000.0
CL202306290,2023,Córdoba Shopping,Mendoza,2021-09-12,18,monotrib.,,0.0,196000.0,5,446000.0,No,744.0,0,539000.0,2341000.0,0,5865000.0
CL202306047,2023,Palermo,Neuquén,2021-11-29,20,RD,849000.0,6.8,43000.0,6,291000.0,N,747.0,2,567000.0,1308000.0,0,5642000.0
CL202302842,2023,Microcentro,Mendoza,12/28/2021,38,Rel. Dependencia,1025000.0,7.2,169000.0,5,415000.0,no,630.0,0,1223000.0,1540000.0,0,3993000.0
CL202306510,2023,Microcentro,Córdoba,13/03/2016,44,relacion de dependencia,1096000.0,,188000.0,4,194000.0,Sí,697.0,0,191000.0,2113000.0,1,8372000.0
CL202302857,2023,Microcentro,Córdoba,2019-10-15,45,Rel. Dependencia,814000.0,9.9,216000.0,2,231000.0,0,613.0,2,374000.0,1741000.0,1,2594000.0
CL202305822,2023,Palermo,Santa Fe,03/11/2019,46,Relación de Dependencia,,15.2,162000.0,5,221000.0,S,683.0,1,415000.0,1515000.0,0,4648000.0
CL202304175,2023,Central,Neuquén,02/04/2019,22,relacion de dependencia,,5.2,62000.0,1,104000.0,no,672.0,1,63000.0,508000.0,0,2145000.0
CL202302088,2023,Córdoba Shopping,Mendoza,2016-03-20,45,Rel. Dependencia,,,159000.0,5,141000.0,No,703.0,1,170000.0,1559000.0,1,7298000.0
CL202300525,2023,La Plata,Buenos Aires,16/05/2017,36,informal,,8.9,112000.0,4,13000.0,S,428.0,6,86000.0,97000.0,5,442000.0
CL202304749,2023,Central,Tucumán,24/08/2016,30,monotrib.,709000.0,,119000.0,2,311000.0,No,,2,619000.0,770000.0,0,3908000.0
CL202303920,2023,Rosario Norte,Tucumán,06/10/2019,47,Rel. Dependencia,,10.7,199000.0,5,237000.0,0,567.0,1,527000.0,571000.0,2,4752000.0
CL202306395,2023,Córdoba Shopping,Buenos Aires,2016-09-21,47,Relación de Dependencia,509000.0,14.0,174000.0,4,62000.0,0,719.0,3,174000.0,530000.0,0,2267000.0
CL202301886,2023,Microcentro,Córdoba,2021-12-15,50,relacion de dependencia,,16.8,141000.0,2,132000.0,1,690.0,0,1003000.0,1473000.0,0,5300000.0
CL202306503,2023,Mendoza Sur,Mendoza,2019-12-05,62,relacion de dependencia,885000.0,16.0,50000.0,3,281000.0,S,647.0,0,388000.0,1684000.0,0,6872000.0
CL202300892,2023,Palermo,Salta,03/30/2017,41,monotributo,280000.0,,142000.0,4,49000.0,0,544.0,1,161000.0,258000.0,1,2210000.0
CL202305571,2023,Central,Córdoba,04/16/2017,29,Informal,221000.0,,128000.0,2,37000.0,S,585.0,1,121000.0,284000.0,1,791000.0
CL202301524,2023,Mendoza Sur,Tucumán,06/08/2018,37,Monotributo,344000.0,,42000.0,2,88000.0,S,676.0,0,234000.0,733000.0,0,2481000.0
CL202300909,2023,Córdoba Shopping,Neuquén,06/01/2021,38,Rel. Dependencia,1262000.0,11.2,202000.0,5,644000.0,N,647.0,0,658000.0,1302000.0,0,3693000.0
CL202303570,2023,Canal Digital,Salta,22/04/2016,31,relacion de dependencia,761000.0,7.0,89000.0,1,204.0,No,738.0,1,676000.0,1125000.0,0,5883000.0
CL202304673,2023,Microcentro,Mendoza,23/12/2019,52,Monotributo,335000.0,,69000.0,6,151000.0,no,720.0,0,121000.0,349000.0,0,891000.0
CL202304028,2023,La Plata,Salta,28/05/2019,23,MT,572000.0,,23000.0,4,133000.0,S,797.0,0,259000.0,991000.0,0,1628000.0
CL202301773,2023,Córdoba Shopping,CABA,11/02/2016,33,RD,1281000.0,9.1,271000.0,5,508000.0,Sí,755.0,2,633000.0,2435000.0,1,2985000.0
CL202306401,2023,Rosario Norte,Buenos Aires,02/11/2019,34,s/d,,6.4,19000.0,5,65000.0,No,716.0,0,115000.0,227000.0,0,355000.0
CL202305250,2023,Palermo,Mendoza,2020-05-09,41,relacion de dependencia,654000.0,10.0,82000.0,4,174000.0,1,569.0,1,459000.0,1011000.0,1,3020000.0
CL202304995,2023,Canal Digital,CABA,02/06/2021,33,MT,413000.0,3.0,114000.0,1,123.0,N,677.0,3,396000.0,432000.0,2,2546000.0
CL202304952,2023,Córdoba Shopping,Buenos Aires,01/06/2018,28,Rel. Dependencia,738000.0,6.0,410000.0,3,195000.0,Sí,594.0,3,221000.0,742000.0,0,4251000.0
CL202306096,2023,Palermo,Santa Fe,07/27/2021,46,monotrib.,461000.0,8.6,39000.0,3,62000.0,no,692.0,0,394000.0,625000.0,0,2312000.0
CL202300502,2023,Microcentro,Mendoza,2020-09-21,34,monotributo,587000.0,2.4,146000.0,3,215000.0,0,648.0,0,230000.0,1114000.0,0,2988000.0
CL202306358,2023,Microcentro,Córdoba,04/05/2016,30,Rel. Dependencia,437000.0,11.1,126000.0,3,143000.0,no,669.0,1,120000.0,885000.0,0,1587000.0
CL202302121,2023,Mendoza Sur,Tucumán,01/09/2016,38,relacion de dependencia,1256000.0,10.6,228000.0,6,149000.0,no,708.0,1,652000.0,2244000.0,1,9003000.0
CL202301609,2023,Central,Santa Fe,11/12/2021,51,relacion de dependencia,687000.0,16.3,110000.0,3,208000.0,no,705.0,2,288000.0,1472000.0,1,4691000.0
CL202301348,2023,Canal Digital,Salta,24/03/2021,45,Informal,444000.0,,71000.0,5,236.0,1,754.0,0,250000.0,510000.0,0,2057000.0
CL202303100,2023,Central,Tucumán,04/08/2018,69,Rel. Dependencia,366000.0,24.1,113000.0,8,206000.0,Sí,669.0,1,308000.0,636000.0,2,2201000.0
CL202304382,2023,Rosario Norte,CABA,27/05/2016,44,RD,,10.3,387000.0,5,336000.0,No,598.0,5,788000.0,1735000.0,3,2443000.0
CL202300036,2023,Canal Digital,Salta,2016-09-22,25,RD,1695000.0,4.5,350000.0,2,518.0,si,773.0,2,920000.0,1960000.0,1,4578000.0
CL202302359,2023,Microcentro,Córdoba,02/19/2017,59,monotrib.,790000.0,,142000.0,2,225000.0,no,636.0,3,609000.0,679000.0,1,5928000.0
CL202306392,2023,Mendoza Sur,Córdoba,18/07/2021,50,Relación de Dependencia,713000.0,11.2,102000.0,3,251000.0,No,623.0,0,473000.0,1470000.0,0,3271000.0
CL202302802,2023,Córdoba Shopping,Santa Fe,20/07/2017,61,changas,90000.0,,59000.0,3,11000.0,1,542.0,0,38000.0,85000.0,2,473000.0
CL202303640,2023,Canal Digital,Córdoba,04/05/2020,55,RD,804000.0,17.6,172000.0,7,230.0,0,747.0,0,217000.0,1551000.0,1,4731000.0
CL202304365,2023,Central,Santa Fe,05/05/2016,53,Monotributo,366000.0,11.1,58000.0,2,118000.0,N,666.0,1,340000.0,464000.0,1,2246000.0
CL202305373,2023,Central,Salta,18/08/2019,18,monotrib.,440000.0,,96000.0,2,82000.0,No,697.0,1,10000.0,753000.0,0,901000.0
CL202306012,2023,Rosario Norte,CABA,25/11/2017,54,monotrib.,524000.0,14.3,167000.0,2,130000.0,0,556.0,1,238000.0,632000.0,0,1717000.0
CL202306727,2023,Microcentro,CABA,04/11/2017,51,Informal,,12.5,42000.0,3,61000.0,No,643.0,2,110000.0,376000.0,0,485000.0
CL202300907,2023,La Plata,Córdoba,2021-12-15,69,s/d,204000.0,16.5,85000.0,3,75000.0,Sí,605.0,2,232000.0,313000.0,0,1577000.0
CL202300990,2023,Canal Digital,Salta,2016-12-31,33,relacion de dependencia,1337000.0,5.6,210000.0,4,487.0,0,771.0,0,1015000.0,1453000.0,0,7084000.0
CL202305860,2023,Central,Santa Fe,13/11/2016,30,Monotributo,196000.0,,83000.0,3,66000.0,si,599.0,3,146000.0,232000.0,2,869000.0
CL202300741,2023,Mendoza Sur,Tucumán,07/10/2021,49,RD,1098000.0,9.8,64000.0,3,515000.0,No,617.0,0,698000.0,2336000.0,1,5393000.0
CL202304597,2023,Córdoba Shopping,Salta,14/03/2021,39,Relación de Dependencia,849000.0,8.3,375000.0,4,424000.0,si,666.0,0,575000.0,1615000.0,1,6633000.0
CL202300167,2023,Mendoza Sur,CABA,2021-10-08,30,relacion de dependencia,559000.0,5.8,158000.0,4,227000.0,si,676.0,0,188000.0,494000.0,1,3734000.0
CL202302161,2023,Canal Digital,CABA,23/08/2018,28,Informal,143000.0,3.5,51000.0,5,72.0,1,628.0,4,58000.0,228000.0,1,607000.0
CL202300013,2023,Palermo,Neuquén,23/05/2021,52,monotributo,,,141000.0,4,292000.0,no,722.0,1,658000.0,1554000.0,0,1980000.0
CL202306338,2023,Mendoza Sur,Santa Fe,19/02/2018,51,Rel. Dependencia,756000.0,11.2,81000.0,4,393000.0,0,754.0,1,410000.0,646000.0,1,3785000.0
CL202301472,2023,Palermo,Salta,16/12/2018,41,Rel. Dependencia,,13.0,115000.0,9,297000.0,N,656.0,2,252000.0,2207000.0,0,6236000.0
CL202302241,2023,Canal Digital,Mendoza,22/09/2021,46,RD,,10.4,98000.0,5,336.0,si,720.0,0,633000.0,754000.0,1,3129000.0
CL202303508,2023,Central,Salta,2018-12-28,26,Monotributo,467000.0,,149000.0,2,189000.0,no,650.0,0,604000.0,648000.0,0,3414000.0
CL202306558,2023,Palermo,Santa Fe,20/03/2019,27,Relación de Dependencia,1545000.0,3.9,287000.0,8,693000.0,0,817.0,0,1085000.0,1665000.0,0,7791000.0
CL202301563,2023,Central,Salta,06/02/2020,38,relacion de dependencia,,8.8,106000.0,4,100000.0,1,712.0,0,282000.0,1030000.0,0,3158000.0
CL202304336,2023,La Plata,Salta,24/11/2020,41,Informal,237000.0,6.3,120000.0,4,84000.0,Sí,593.0,4,166000.0,499000.0,1,758000.0
CL202301155,2023,Mendoza Sur,Salta,23/04/2016,36,Rel. Dependencia,824000.0,10.8,425000.0,3,247000.0,Sí,563.0,1,419000.0,1758000.0,0,4199000.0
CL202306531,2023,Córdoba Shopping,Buenos Aires,21/04/2020,48,monotrib.,452000.0,,189000.0,2,239000.0,si,628.0,0,172000.0,468000.0,0,1580000.0
CL202305217,2023,Canal Digital,Mendoza,17/07/2019,25,relacion de dependencia,,4.8,230000.0,4,167.0,si,634.0,5,278000.0,463000.0,0,2925000.0
CL202304098,2023,La Plata,Mendoza,2021-02-16,45,RD,2101000.0,8.5,773000.0,3,512000.0,si,616.0,1,909000.0,4377000.0,0,7713000.0
CL202300524,2023,La Plata,CABA,15/10/2016,45,Monotributo,186000.0,,61000.0,5,66000.0,si,546.0,5,187000.0,203000.0,1,1358000.0
CL202302243,2023,Palermo,Córdoba,24/04/2019,35,RD,372000.0,2.5,78000.0,3,145000.0,Sí,623.0,0,235000.0,761000.0,0,1504000.0
CL202300105,2023,Córdoba Shopping,Buenos Aires,18/09/2019,34,informal,168000.0,,107000.0,4,80000.0,1,498.0,1,136000.0,177000.0,2,1196000.0
CL202301727,2023,Córdoba Shopping,Buenos Aires,05/09/2019,64,Informal,,13.4,82000.0,9,44000.0,0,637.0,1,129000.0,502000.0,1,1478000.0
CL202304646,2023,Córdoba Shopping,Salta,01/12/2020,18,changas,92000.0,,33000.0,3,49000.0,si,582.0,4,56000.0,82000.0,0,281000.0
CL202303192,2023,Rosario Norte,Santa Fe,12/10/2016,18,Relación de Dependencia,2485000.0,5.6,377000.0,6,211000.0,si,723.0,1,1599000.0,4396000.0,0,18326000.0
CL202304146,2023,Palermo,Neuquén,2017-04-30,33,Rel. Dependencia,865000.0,10.5,176000.0,2,117000.0,no,803.0,2,279000.0,1545000.0,1,4097000.0
CL202301521,2023,Microcentro,Neuquén,17/08/2020,44,monotributo,622000.0,,144000.0,4,354000.0,1,677.0,1,190000.0,851000.0,1,4004000.0
CL202303736,2023,La Plata,Mendoza,10/30/2018,34,RD,,9.1,73000.0,4,252000.0,no,739.0,0,373000.0,1416000.0,1,4673000.0
CL202304325,2023,Córdoba Shopping,Santa Fe,01/14/2018,37,Relación de Dependencia,1214000.0,5.3,151000.0,2,498000.0,No,663.0,0,138000.0,2327000.0,1,5697000.0
CL202303847,2023,Microcentro,Santa Fe,14/04/2016,31,relacion de dependencia,,10.7,127000.0,3,259000.0,N,674.0,0,641000.0,2229000.0,1,4319000.0
CL202306668,2023,Canal Digital,Córdoba,05/03/2016,25,RD,417000.0,7.8,109000.0,2,177.0,no,711.0,1,218000.0,364000.0,1,1940000.0
CL202305888,2023,Córdoba Shopping,Buenos Aires,23/11/2019,44,Relación de Dependencia,543000.0,11.1,115000.0,4,230000.0,Sí,676.0,0,196000.0,905000.0,1,3675000.0
CL202300257,2023,Rosario Norte,Mendoza,13/04/2020,51,relacion de dependencia,,18.5,144000.0,4,162000.0,no,683.0,1,70000.0,1016000.0,0,2228000.0
CL202303895,2023,La Plata,Buenos Aires,08/10/2019,18,relacion de dependencia,1697000.0,0.0,98000.0,6,756000.0,no,655.0,0,883000.0,2477000.0,0,8430000.0
CL202306532,2023,Microcentro,Santa Fe,02/12/2020,24,Rel. Dependencia,699000.0,1.3,190000.0,3,176000.0,N,642.0,0,0.0,903000.0,0,1650000.0
CL202300703,2023,Canal Digital,Salta,2016-05-17,37,relacion de dependencia,510000.0,7.2,259000.0,5,184.0,1,615.0,0,504000.0,871000.0,0,880000.0
CL202301026,2023,Mendoza Sur,Neuquén,11/10/2017,36,relacion de dependencia,665000.0,12.8,86000.0,5,119000.0,1,650.0,0,556000.0,798000.0,0,5059000.0
CL202302585,2023,Microcentro,Santa Fe,04/01/2018,40,MT,580000.0,5.8,57000.0,2,189000.0,No,579.0,1,171000.0,709000.0,1,3382000.0
CL202302061,2023,Central,Buenos Aires,2020-06-15,50,MT,579000.0,7.6,49000.0,1,71000.0,Sí,742.0,0,321000.0,1046000.0,1,3454000.0
CL202303676,2023,Mendoza Sur,Tucumán,16/08/2021,42,s/d,320000.0,10.6,188000.0,1,104000.0,1,534.0,3,200000.0,379000.0,2,1028000.0
CL202304410,2023,Mendoza Sur,Tucumán,24/05/2021,40,Rel. Dependencia,833000.0,12.9,439000.0,5,189000.0,N,641.0,1,303000.0,1717000.0,0,5559000.0
CL202305195,2023,Córdoba Shopping,Mendoza,17/02/2021,30,MT,361000.0,7.3,130000.0,3,112000.0,1,593.0,1,103000.0,622000.0,1,940000.0
CL202302068,2023,Mendoza Sur,Mendoza,15/11/2018,39,Monotributo,348000.0,,31000.0,5,87000.0,0,600.0,1,241000.0,365000.0,0,2337000.0
CL202302832,2023,Canal Digital,Neuquén,24/03/2017,38,Relación de Dependencia,,12.8,84000.0,4,522.0,N,848.0,1,601000.0,1359000.0,1,5708000.0
CL202302933,2023,Rosario Norte,Mendoza,02/08/2021,18,Relación de Dependencia,892000.0,0.0,83000.0,6,491000.0,no,670.0,1,335000.0,1782000.0,0,3500000.0
CL202300185,2023,La Plata,Córdoba,04/17/2017,35,Rel. Dependencia,679000.0,5.9,85000.0,4,153000.0,S,,0,636000.0,991000.0,0,2245000.0
CL202304371,2023,La Plata,Santa Fe,03/09/2021,59,s/d,90000.0,7.9,64000.0,2,17000.0,0,,3,49000.0,130000.0,1,374000.0
CL202300411,2023,Canal Digital,Salta,2019-03-08,51,Rel. Dependencia,925000.0,11.4,301000.0,8,210.0,N,638.0,0,876000.0,1417000.0,1,2579000.0
CL202304452,2023,Central,Buenos Aires,24/09/2017,51,relacion de dependencia,1389000.0,14.7,191000.0,3,565000.0,no,816.0,3,1065000.0,2035000.0,0,7117000.0
CL202300324,2023,Central,Salta,23/07/2019,25,RD,,9.7,79000.0,5,110000.0,1,709.0,1,186000.0,1021000.0,0,2989000.0
CL202306662,2023,Canal Digital,Tucumán,2017-10-20,35,Rel. Dependencia,1738000.0,10.2,312000.0,4,730.0,N,736.0,2,663000.0,2051000.0,0,2724000.0
CL202301002,2023,Palermo,Salta,08/19/2020,39,relacion de dependencia,1080000.0,13.4,82000.0,1,230000.0,1,,2,486000.0,1645000.0,0,3248000.0
CL202303242,2023,Córdoba Shopping,Córdoba,14/10/2017,40,Informal,115000.0,7.7,28000.0,3,38000.0,0,651.0,0,68000.0,111000.0,0,498000.0
CL202303881,2023,Palermo,Buenos Aires,01/11/2020,51,RD,1513000.0,17.3,418000.0,3,788000.0,0,702.0,0,1131000.0,2443000.0,0,5925000.0
CL202300177,2023,Mendoza Sur,Tucumán,15/03/2018,24,MT,400000.0,,61000.0,4,33000.0,0,629.0,0,272000.0,822000.0,0,1382000.0
CL202305665,2023,Microcentro,Buenos Aires,2020-09-01,50,Informal,468000.0,8.2,27000.0,5,186000.0,S,677.0,2,203000.0,783000.0,1,2691000.0
CL202303683,2023,Central,Santa Fe,2018-01-20,44,Rel. Dependencia,1545000.0,16.2,400000.0,5,529000.0,no,635.0,1,709000.0,1369000.0,0,10971000.0
CL202302631,2023,Central,Buenos Aires,27/12/2020,59,RD,241000.0,17.0,116000.0,3,59000.0,S,643.0,1,171000.0,318000.0,0,1650000.0
CL202305495,2023,Rosario Norte,Córdoba,2017-12-07,19,changas,302000.0,1.2,139000.0,2,49000.0,1,629.0,2,259000.0,530000.0,0,2010000.0
CL202300905,2023,Microcentro,Santa Fe,08/21/2016,44,Monotributo,562000.0,3.9,135000.0,3,300000.0,no,731.0,0,367000.0,1235000.0,1,1328000.0
CL202301895,2023,Palermo,Neuquén,2020-08-17,43,relacion de dependencia,336000.0,13.9,140000.0,2,5000.0,No,542.0,3,267000.0,589000.0,2,847000.0
CL202302129,2023,Rosario Norte,Neuquén,2019-02-26,51,Rel. Dependencia,1715000.0,19.0,249000.0,2,817000.0,N,800.0,1,652000.0,1772000.0,0,13547000.0
CL202305632 ,2023,Central,CABA,11/02/2018,48,Relación de Dependencia,,,308000.0,7,553000.0,No,658.0,0,923000.0,1635000.0,0,2810000.0
CL202305932,2023,Canal Digital,Córdoba,21/02/2017,40,RD,631000.0,8.8,198000.0,2,309.0,no,536.0,1,399000.0,598000.0,0,2171000.0
CL202305687,2023,La Plata,CABA,26/11/2018,47,Rel. Dependencia,552000.0,13.3,252000.0,4,150000.0,0,582.0,0,232000.0,660000.0,1,1912000.0
CL202301356,2023,Central,Santa Fe,2016-11-03,38,Informal,357000.0,6.1,133000.0,5,187000.0,No,660.0,2,141000.0,322000.0,1,2753000.0
CL202301806,2023,Córdoba Shopping,Tucumán,2017-07-30,37,Relación de Dependencia,1489000.0,6.7,244000.0,4,323000.0,0,733.0,0,486000.0,2174000.0,2,4923000.0
CL202303087,2023,Microcentro,CABA,2021-02-02,73,Monotributo,451000.0,,112000.0,4,128000.0,No,662.0,1,0.0,435000.0,0,1377000.0
CL202300391,2023,Canal Digital,CABA,26/09/2017,34,Rel. Dependencia,,10.2,199000.0,6,150.0,no,724.0,0,947000.0,2496000.0,0,9007000.0
CL202305438,2023,Central,Santa Fe,30/05/2017,43,Relación de Dependencia,,12.2,207000.0,8,121000.0,No,569.0,0,603000.0,911000.0,1,1032000.0
CL202300668,2023,Microcentro,CABA,2020-05-04,50,relacion de dependencia,553000.0,9.2,309000.0,6,107000.0,S,547.0,2,218000.0,1073000.0,4,3520000.0
CL202301850,2023,Palermo,Mendoza,08/06/2016,38,MT,,4.4,121000.0,7,93000.0,No,663.0,1,137000.0,365000.0,0,1289000.0
CL202300845,2023,Microcentro,Buenos Aires,2019-02-02,32,RD,662000.0,10.5,308000.0,2,160000.0,0,623.0,0,455000.0,759000.0,2,3956000.0
CL202303840,2023,Palermo,Santa Fe,06/06/2020,31,RD,1263000.0,6.8,179000.0,8,379000.0,1,722.0,1,981000.0,1074000.0,0,5764000.0
CL202304984,2023,Mendoza Sur,Córdoba,08/10/2021,40,Informal,,,23000.0,3,103000.0,1,670.0,0,155000.0,561000.0,0,1050000.0
CL202301074,2023,La Plata,Tucumán,09/11/2016,67,relacion de dependencia,610000.0,16.6,262000.0,7,201000.0,si,588.0,1,160000.0,1052000.0,2,4863000.0
CL202301023,2023,La Plata,Buenos Aires,23/05/2021,60,informal,154000.0,11.5,28000.0,5,32000.0,N,,1,33000.0,274000.0,0,577000.0
CL202304184,2023,Mendoza Sur,Salta,01/28/2017,29,s/d,155000.0,,86000.0,3,38000.0,si,525.0,2,83000.0,140000.0,1,778000.0
CL202305167,2023,La Plata,Neuquén,04/12/2020,18,relacion de dependencia,213000.0,5.5,137000.0,1,73000.0,1,529.0,4,99000.0,171000.0,1,413000.0
CL202301696,2023,Microcentro,Mendoza,01/11/2016,48,s/d,205000.0,7.1,28000.0,3,79000.0,si,723.0,0,77000.0,440000.0,1,1293000.0
CL202300348,2023,Canal Digital,Neuquén,12/19/2020,38,RD,780000.0,9.3,271000.0,7,247.0,no,637.0,1,584000.0,977000.0,0,5954000.0
CL202306058,2023,La Plata,Córdoba,23/02/2020,48,monotrib.,446000.0,11.5,233000.0,4,134000.0,si,606.0,0,303000.0,891000.0,0,1674000.0
CL202305001,2023,Central,Tucumán,17/08/2016,30,Monotributo,558000.0,,189000.0,4,46000.0,si,682.0,1,455000.0,1180000.0,0,3837000.0
CL202304343,2023,Córdoba Shopping,Neuquén,22/06/2016,40,relacion de dependencia,576000.0,8.7,161000.0,4,137000.0,Sí,609.0,2,156000.0,906000.0,0,1704000.0
CL202301469,2023,Canal Digital,Córdoba,27/07/2018,59,Relación de Dependencia,1068000.0,16.7,280000.0,3,203.0,No,673.0,1,826000.0,1501000.0,2,1916000.0
CL202303003,2023,La Plata,CABA,08/07/2017,34,RD,865000.0,12.1,29000.0,5,139000.0,N,806.0,0,571000.0,1386000.0,0,3400000.0
CL202301876,2023,Mendoza Sur,CABA,16/09/2021,38,RD,551000.0,9.5,163000.0,4,160000.0,1,577.0,2,194000.0,1147000.0,0,4338000.0
CL202302049,2023,Córdoba Shopping,Tucumán,09/15/2020,40,changas,153000.0,4.1,65000.0,4,44000.0,no,,0,124000.0,157000.0,0,287000.0
CL202303981,2023,Microcentro,Neuquén,10/17/2021,27,Relación de Dependencia,421000.0,5.9,171000.0,3,126000.0,0,612.0,1,284000.0,489000.0,1,2501000.0
CL202302327,2023,Canal Digital,Córdoba,21/06/2017,56,Rel. Dependencia,1270000.0,13.8,136000.0,3,294.0,No,825.0,0,321000.0,2343000.0,0,6555000.0
CL202303422,2023,Microcentro,Córdoba,15/04/2019,37,MT,385000.0,7.2,57000.0,6,106000.0,No,684.0,1,180000.0,686000.0,0,856000.0
CL202301271,2023,Canal Digital,Buenos Aires,11/03/2020,51,s/d,823000.0,10.1,181000.0,6,86.0,0,696.0,1,182000.0,846000.0,0,2739000.0
CL202303304,2023,La Plata,Salta,01/06/2017,61,monotributo,366000.0,,121000.0,5,153000.0,No,628.0,0,112000.0,804000.0,2,1077000.0
CL202305877,2023,La Plata,Mendoza,17/02/2019,37,monotributo,,,119000.0,7,151000.0,no,742.0,1,285000.0,624000.0,0,1398000.0
CL202302644,2023,Córdoba Shopping,Buenos Aires,11/16/2016,35,changas,100000.0,,67000.0,5,19000.0,S,581.0,3,59000.0,91000.0,0,460000.0
CL202301018,2023,Canal Digital,Mendoza,18/06/2017,44,relacion de dependencia,1117000.0,11.9,166000.0,7,347.0,N,760.0,0,961000.0,1511000.0,0,4902000.0
CL202304505,2023,Central,Salta,01/11/2020,29,relacion de dependencia,435000.0,9.1,110000.0,6,49000.0,si,649.0,0,270000.0,493000.0,0,1784000.0
CL202301575,2023,Palermo,Neuquén,2020-08-27,44,monotributo,,,107000.0,4,289000.0,no,832.0,0,237000.0,899000.0,0,6508000.0
CL202300435,2023,La Plata,Santa Fe,12/08/2016,54,Relación de Dependencia,1077000.0,17.5,158000.0,4,207000.0,no,709.0,1,258000.0,1530000.0,0,3340000.0
CL202301012,2023,Central,Neuquén,05/17/2016,18,changas,,0.0,62000.0,3,138000.0,No,,0,161000.0,643000.0,0,541000.0
CL202306136,2023,Canal Digital,Santa Fe,21/05/2017,19,informal,199000.0,,80000.0,4,27.0,S,552.0,4,108000.0,176000.0,0,1085000.0
CL202306713,2023,La Plata,Mendoza,14/05/2020,52,changas,,7.8,80000.0,3,56000.0,N,681.0,0,43000.0,161000.0,1,534000.0
CL202306221,2023,Rosario Norte,Salta,16/04/2018,52,relacion de dependencia,478000.0,14.9,223000.0,3,188000.0,si,610.0,2,316000.0,556000.0,3,3623000.0
CL202303614,2023,Mendoza Sur,Tucumán,27/08/2017,60,RD,670000.0,20.3,122000.0,4,263000.0,No,765.0,1,707000.0,827000.0,0,1119000.0
CL202305999,2023,La Plata,CABA,14/04/2017,65,Rel. Dependencia,1234000.0,20.6,177000.0,2,627000.0,0,662.0,0,854000.0,1328000.0,0,8594000.0
CL202300436,2023,Córdoba Shopping,Salta,09/09/2016,42,Relación de Dependencia,434000.0,9.5,141000.0,1,132000.0,0,595.0,1,157000.0,547000.0,0,3237000.0
CL202305398,2023,Rosario Norte,Buenos Aires,2021-01-03,33,Monotributo,208000.0,7.2,155000.0,1,50000.0,si,521.0,3,144000.0,390000.0,2,660000.0
CL202304344,2023,Rosario Norte,Tucumán,04/02/2016,42,MT,382000.0,7.1,179000.0,3,86000.0,S,584.0,3,79000.0,621000.0,0,661000.0
CL202302678,2023,Palermo,Mendoza,04/16/2018,69,Monotributo,753000.0,18.5,496000.0,4,366000.0,N,569.0,4,283000.0,740000.0,1,2494000.0
CL202304294,2023,Córdoba Shopping,Buenos Aires,2019-04-26,56,Informal,,,49000.0,2,73000.0,no,591.0,3,174000.0,263000.0,0,422000.0
CL202303231,2023,Mendoza Sur,Salta,2020-05-21,66,changas,182000.0,,74000.0,5,51000.0,0,558.0,2,47000.0,180000.0,1,1451000.0
CL202302414,2023,Rosario Norte,Mendoza,04/11/2017,40,Rel. Dependencia,909000.0,11.9,238000.0,7,300000.0,0,718.0,0,648000.0,1180000.0,1,2640000.0
CL202306457,2023,Palermo,Córdoba,08/11/2019,45,Rel. Dependencia,699000.0,14.5,370000.0,4,248000.0,Sí,561.0,1,159000.0,1149000.0,0,5222000.0
CL202306291,2023,La Plata,CABA,11/08/2016,52,monotrib.,,,128000.0,3,38000.0,1,596.0,1,266000.0,189000.0,0,382000.0
CL202302866,2023,Palermo,Salta,26/10/2019,23,Monotributo,337000.0,3.8,69000.0,1,9000.0,No,663.0,0,132000.0,623000.0,0,1064000.0
CL202303462,2023,Central,Tucumán,2020-04-11,52,RD,891000.0,16.6,172000.0,2,358000.0,no,675.0,4,544000.0,1053000.0,0,3447000.0
CL202303239,2023,Córdoba Shopping,Tucumán,08/05/2018,50,informal,298000.0,7.8,184000.0,4,88000.0,1,595.0,1,137000.0,581000.0,2,1465000.0
CL202302357 ,2023,Canal Digital,Neuquén,05/30/2017,28,changas,90000.0,3.3,55000.0,3,29.0,si,610.0,2,0.0,185000.0,1,324000.0
CL202300639,2023,Rosario Norte,Córdoba,18/04/2021,46,monotrib.,,,423000.0,2,232000.0,no,,1,451000.0,773000.0,2,1820000.0
CL202302889,2023,Mendoza Sur,Mendoza,18/11/2017,18,Rel. Dependencia,1811000.0,4.1,329000.0,3,237000.0,no,810.0,1,1082000.0,2954000.0,0,9981000.0
CL202302905,2023,Córdoba Shopping,Mendoza,2019-12-03,66,changas,90000.0,,56000.0,4,28000.0,1,598.0,4,51000.0,125000.0,1,193000.0
CL202303804,2023,Palermo,CABA,2017-08-19,59,relacion de dependencia,569000.0,14.3,236000.0,3,267000.0,Sí,572.0,0,247000.0,739000.0,2,2696000.0
CL202305493,2023,Rosario Norte,CABA,02/08/2020,49,s/d,135000.0,11.5,36000.0,2,69000.0,1,,1,103000.0,193000.0,0,507000.0
CL202303584,2023,Central,CABA,31/12/2019,34,MT,364000.0,,175000.0,4,75000.0,S,572.0,3,150000.0,755000.0,1,1364000.0
CL202305275,2023,La Plata,Buenos Aires,12/01/2017,18,Rel. Dependencia,481000.0,3.3,67000.0,3,148000.0,si,673.0,1,398000.0,803000.0,0,1839000.0
CL202304629,2023,Microcentro,Salta,09/09/2017,55,relacion de dependencia,965000.0,15.1,214000.0,7,389000.0,no,729.0,3,509000.0,1685000.0,0,6755000.0
CL202304993,2023,Canal Digital,Tucumán,09/10/2020,31,relacion de dependencia,389000.0,10.4,143000.0,3,83.0,0,589.0,3,157000.0,547000.0,0,1646000.0
CL202305848,2023,Canal Digital,Córdoba,19/10/2020,28,RD,984000.0,7.6,140000.0,1,107.0,N,,0,351000.0,2043000.0,0,3692000.0
CL202304722,2023,Rosario Norte,Santa Fe,2017-09-18,34,Informal,203000.0,5.7,58000.0,3,85000.0,No,723.0,4,173000.0,295000.0,0,764000.0
CL202305535,2023,Canal Digital,Mendoza,11/26/2021,26,Relación de Dependencia,299000.0,,137000.0,6,49.0,S,621.0,0,157000.0,298000.0,2,2190000.0
CL202305924,2023,La Plata,Córdoba,06/08/2018,52,changas,,14.1,43000.0,1,44000.0,Sí,664.0,1,91000.0,255000.0,0,489000.0
CL202300732,2023,Córdoba Shopping,Salta,2020-02-14,24,informal,302000.0,0.0,40000.0,2,95000.0,Sí,678.0,3,190000.0,444000.0,0,1005000.0
CL202300876,2023,Central,Buenos Aires,06/08/2020,72,s/d,222000.0,17.3,82000.0,1,59000.0,Sí,668.0,3,138000.0,353000.0,0,1059000.0
CL202304893,2023,Rosario Norte,Salta,22/12/2017,57,monotrib.,392000.0,,132000.0,3,231000.0,Sí,612.0,0,88000.0,335000.0,0,3054000.0
CL202306790,2023,Central,Mendoza,13/04/2018,40,MT,889000.0,9.0,125000.0,1,453000.0,S,736.0,0,581000.0,1632000.0,2,6932000.0
CL202300009,2023,Mendoza Sur,CABA,13/02/2016,44,changas,393000.0,,131000.0,3,120000.0,0,605.0,5,224000.0,812000.0,2,2267000.0
CL202304390,2023,Canal Digital,Córdoba,2019-10-10,53,RD,,15.8,285000.0,2,526.0,N,621.0,0,1122000.0,2210000.0,0,9522000.0
CL202306163,2023,Palermo,Mendoza,12/12/2021,45,relacion de dependencia,1481000.0,9.7,306000.0,3,418000.0,N,673.0,2,1182000.0,2661000.0,0,2998000.0
CL202302899,2023,Central,Mendoza,06/09/2019,43,RD,446000.0,8.4,148000.0,2,139000.0,Sí,,1,482000.0,587000.0,0,2807000.0
CL202305712,2023,Córdoba Shopping,CABA,01/13/2018,52,changas,,11.1,57000.0,3,60000.0,S,,3,95000.0,286000.0,1,789000.0
CL202304061,2023,Rosario Norte,Santa Fe,09/09/2018,52,Relación de Dependencia,,19.3,76000.0,6,123000.0,S,737.0,0,426000.0,364000.0,0,2950000.0
CL202303385,2023,Córdoba Shopping,Santa Fe,2018-04-28,44,relacion de dependencia,547000.0,10.8,230000.0,5,65000.0,No,586.0,3,177000.0,1039000.0,1,1801000.0
CL202303274,2023,Canal Digital,CABA,09/05/2019,51,Rel. Dependencia,1725000.0,15.3,217000.0,3,406.0,No,810.0,0,436000.0,1630000.0,0,6507000.0
CL202300699,2023,Central,Salta,16/06/2018,45,changas,193000.0,11.0,100000.0,7,83000.0,1,590.0,0,56000.0,213000.0,2,1077000.0
CL202304624,2023,Canal Digital,CABA,17/08/2019,39,changas,126000.0,4.9,62000.0,3,29.0,S,580.0,2,0.0,103000.0,2,292000.0
CL202304466,2023,Mendoza Sur,Santa Fe,29/04/2020,45,Relación de Dependencia,576000.0,,85000.0,1,68000.0,no,656.0,0,289000.0,878000.0,1,1895000.0
CL202303846,2023,Palermo,Tucumán,17/05/2017,45,changas,144000.0,,118000.0,2,62000.0,si,526.0,2,91000.0,124000.0,4,795000.0
CL202306672,2023,La Plata,Tucumán,07/06/2016,35,s/d,344000.0,10.0,89000.0,2,72000.0,Sí,676.0,1,117000.0,333000.0,1,2376000.0
CL202304698,2023,Microcentro,Neuquén,12/09/2018,40,monotrib.,379000.0,,89000.0,3,175000.0,0,644.0,0,140000.0,819000.0,0,2927000.0
CL202306435,2023,Central,Córdoba,27/05/2020,46,Informal,90000.0,12.2,43000.0,3,22000.0,1,627.0,2,48000.0,176000.0,2,604000.0
CL202306610,2023,Microcentro,Tucumán,26/08/2017,34,s/d,,5.3,61000.0,3,19000.0,si,672.0,3,75000.0,153000.0,2,485000.0
CL202302466,2023,Mendoza Sur,Neuquén,29/01/2019,18,Informal,138000.0,0.0,46000.0,5,34000.0,0,676.0,0,76000.0,250000.0,0,426000.0
CL202304491,2023,Palermo,Tucumán,04/05/2017,36,Rel. Dependencia,350000.0,9.8,251000.0,5,60000.0,1,559.0,5,128000.0,703000.0,2,2657000.0
CL202303285,2023,Microcentro,Mendoza,2020-04-19,61,Relación de Dependencia,859000.0,17.0,269000.0,1,277000.0,N,646.0,0,237000.0,1399000.0,1,1335000.0
CL202301046,2023,La Plata,Salta,17/10/2021,44,relacion de dependencia,1066000.0,13.8,132000.0,4,491000.0,N,669.0,0,272000.0,2292000.0,0,1725000.0
CL202306238,2023,Canal Digital,Córdoba,10/15/2017,49,Rel. Dependencia,577000.0,15.1,120000.0,3,127.0,0,669.0,0,514000.0,469000.0,1,2566000.0
CL202301639,2023,Palermo,Mendoza,2017-11-28,43,Rel. Dependencia,,10.7,132000.0,4,108000.0,0,615.0,0,0.0,584000.0,1,2351000.0
CL202305358,2023,Canal Digital,Santa Fe,31/12/2018,47,Relación de Dependencia,1906000.0,7.4,135000.0,2,731.0,no,844.0,1,461000.0,1712000.0,2,7223000.0
CL202305671,2023,Rosario Norte,Mendoza,2018-07-16,48,monotributo,302000.0,7.1,146000.0,1,92000.0,si,590.0,2,88000.0,598000.0,0,1902000.0
CL202302543,2023,Palermo,Tucumán,2016-02-14,25,monotrib.,652000.0,3.4,141000.0,3,205000.0,no,769.0,2,429000.0,1093000.0,1,2952000.0
CL202300655,2023,Córdoba Shopping,Santa Fe,2020-03-16,43,Relación de Dependencia,346000.0,16.0,135000.0,5,27000.0,si,632.0,2,0.0,370000.0,1,1675000.0
CL202300382,2023,Palermo,Salta,2016-11-01,62,Informal,,17.5,86000.0,5,85000.0,0,739.0,2,244000.0,260000.0,0,1779000.0
CL202304981,2023,Central,Córdoba,2017-07-09,31,Relación de Dependencia,705000.0,7.5,196000.0,5,371000.0,No,738.0,1,644000.0,1219000.0,0,5030000.0
CL202302296,2023,Microcentro,Buenos Aires,12/11/2021,43,MT,,,131000.0,4,140000.0,no,621.0,0,265000.0,451000.0,3,1802000.0
CL202300517,2023,Central,Buenos Aires,16/10/2017,39,Informal,307000.0,11.9,125000.0,2,85000.0,S,648.0,0,205000.0,640000.0,1,1396000.0
CL202306006,2023,Rosario Norte,CABA,24/02/2016,43,Monotributo,405000.0,12.1,28000.0,5,83000.0,N,630.0,1,321000.0,865000.0,1,2097000.0
CL202305458,2023,Rosario Norte,Tucumán,07/11/2019,37,Rel. Dependencia,314000.0,12.1,115000.0,3,138000.0,0,583.0,0,198000.0,604000.0,1,648000.0
CL202303405,2023,Palermo,Santa Fe,13/02/2020,53,MT,860000.0,15.2,351000.0,2,5000.0,No,618.0,0,266000.0,976000.0,0,3715000.0
CL202302729,2023,La Plata,CABA,22/01/2021,32,RD,,5.1,189000.0,5,302000.0,Sí,680.0,1,517000.0,1264000.0,1,3669000.0
CL202305871,2023,Microcentro,Santa Fe,03/07/2019,18,Rel. Dependencia,656000.0,7.5,163000.0,4,149000.0,Sí,635.0,2,148000.0,1020000.0,0,5221000.0
CL202301481,2023,Córdoba Shopping,Mendoza,03/25/2018,44,informal,,8.9,38000.0,2,76000.0,N,691.0,1,122000.0,356000.0,0,798000.0
CL202302531,2023,Mendoza Sur,Salta,2016-08-09,65,Rel. Dependencia,626000.0,,163000.0,4,118000.0,No,772.0,0,255000.0,637000.0,0,2201000.0
CL202304400,2023,Central,Neuquén,2016-03-30,62,informal,237000.0,,162000.0,1,50000.0,S,569.0,3,116000.0,369000.0,0,634000.0
CL202305711,2023,Córdoba Shopping,CABA,09/02/2016,58,changas,318000.0,15.0,142000.0,5,138000.0,si,,1,235000.0,492000.0,0,1039000.0
CL202302844,2023,Palermo,Buenos Aires,02/14/2016,22,relacion de dependencia,961000.0,6.4,152000.0,4,280000.0,no,,0,738000.0,1640000.0,1,1447000.0
CL202305639,2023,Córdoba Shopping,Santa Fe,2017-10-29,55,Relación de Dependencia,1030000.0,17.3,227000.0,4,506000.0,Sí,737.0,1,736000.0,1095000.0,0,3866000.0
CL202305303,2023,Microcentro,Córdoba,03/09/2018,39,MT,523000.0,,269000.0,3,165000.0,no,616.0,0,209000.0,1138000.0,1,1997000.0
CL202305261,2023,Palermo,Buenos Aires,08/03/2021,45,Relación de Dependencia,515000.0,9.2,124000.0,3,209000.0,N,689.0,0,350000.0,1112000.0,1,2765000.0
CL202302426,2023,Microcentro,Mendoza,08/06/2020,45,relacion de dependencia,,10.1,69000.0,10,72000.0,No,,2,125000.0,647000.0,1,3418000.0
CL202304937,2023,Córdoba Shopping,Mendoza,2020-12-22,38,Monotributo,210000.0,,24000.0,1,70000.0,N,724.0,1,133000.0,186000.0,1,1243000.0
CL202303317,2023,Microcentro,Salta,22/01/2017,43,Monotributo,,13.9,61000.0,3,98000.0,no,617.0,3,33000.0,320000.0,0,345000.0
CL202301160,2023,Palermo,Córdoba,07/09/2021,40,monotributo,244000.0,5.4,33000.0,2,77000.0,N,674.0,0,165000.0,259000.0,1,918000.0
CL202303628,2023,Córdoba Shopping,CABA,2016-04-12,30,informal,472000.0,0.0,121000.0,4,247000.0,No,716.0,0,7000.0,675000.0,0,2127000.0
CL202304131,2023,Rosario Norte,Neuquén,2016-03-05,26,informal,280000.0,0.0,33000.0,2,118000.0,1,691.0,1,242000.0,337000.0,0,2075000.0
CL202300636,2023,Córdoba Shopping,Córdoba,09/04/2021,32,s/d,235000.0,3.5,78000.0,5,76000.0,S,648.0,4,109000.0,248000.0,2,723000.0
CL202302050,2023,Córdoba Shopping,Córdoba,24/09/2021,39,MT,,7.0,107000.0,2,42000.0,si,,1,179000.0,473000.0,1,1991000.0
CL202304515,2023,Mendoza Sur,Neuquén,2017-08-01,36,informal,,3.1,71000.0,2,78000.0,N,,0,70000.0,307000.0,2,1424000.0
CL202306584,2023,Palermo,Buenos Aires,22/06/2019,25,informal,203000.0,,90000.0,4,41000.0,Sí,593.0,1,92000.0,217000.0,0,668000.0
CL202302277,2023,Microcentro,Salta,2018-10-11,29,RD,698000.0,5.4,133000.0,4,215000.0,No,716.0,0,475000.0,1292000.0,0,1214000.0
CL202301666,2023,Canal Digital,Neuquén,10/01/2018,31,MT,457000.0,0.7,48000.0,4,97.0,No,713.0,1,232000.0,988000.0,0,980000.0
CL202303604,2023,Canal Digital,Neuquén,2016-01-07,38,s/d,,6.9,76000.0,3,13.0,Sí,619.0,3,60000.0,401000.0,0,915000.0
CL202305678,2023,Microcentro,Neuquén,20/10/2019,62,Rel. Dependencia,1944000.0,15.9,285000.0,5,812000.0,No,755.0,1,908000.0,3054000.0,1,13804000.0
CL202300441,2023,Mendoza Sur,Santa Fe,12/02/2017,25,RD,705000.0,4.2,260000.0,3,233000.0,1,630.0,1,65000.0,1489000.0,1,4219000.0
CL202301330,2023,Canal Digital,CABA,08/07/2020,28,Monotributo,1059000.0,0.1,210000.0,1,245.0,N,723.0,0,767000.0,1230000.0,0,3223000.0
CL202303351,2023,Córdoba Shopping,Buenos Aires,07/08/2020,40,Relación de Dependencia,1023000.0,5.7,130000.0,6,113000.0,N,777.0,0,476000.0,1886000.0,1,4277000.0
CL202302159,2023,La Plata,Córdoba,27/12/2020,54,Relación de Dependencia,,11.7,174000.0,6,234000.0,no,,0,739000.0,2151000.0,0,5175000.0
CL202305694,2023,Central,Neuquén,24/11/2021,64,relacion de dependencia,427000.0,18.4,131000.0,2,70000.0,Sí,637.0,2,282000.0,649000.0,0,2282000.0
CL202306320,2023,Microcentro,Mendoza,01/10/2019,23,MT,,2.3,152000.0,3,150000.0,Sí,585.0,3,154000.0,365000.0,0,1195000.0
CL202303738,2023,Mendoza Sur,Tucumán,02/06/2018,28,RD,826000.0,3.7,112000.0,3,337000.0,no,698.0,4,192000.0,676000.0,0,4294000.0
CL202304385,2023,Palermo,Salta,17/09/2018,21,monotrib.,457000.0,3.6,137000.0,2,163000.0,No,,0,355000.0,590000.0,0,808000.0
CL202300439,2023,Microcentro,Tucumán,31/01/2021,32,changas,320000.0,6.3,80000.0,3,72000.0,N,691.0,1,149000.0,418000.0,2,2164000.0
CL202300939,2023,Canal Digital,CABA,07/05/2018,33,monotrib.,223000.0,,64000.0,1,45.0,si,598.0,1,84000.0,272000.0,0,890000.0
CL202300097,2023,Central,Santa Fe,31/07/2017,49,RD,705000.0,13.3,176000.0,7,266000.0,no,699.0,2,466000.0,1278000.0,0,5404000.0
CL202301445,2023,Córdoba Shopping,CABA,2017-02-09,33,changas,178000.0,8.7,45000.0,4,49000.0,no,696.0,0,130000.0,161000.0,1,1314000.0
CL202306535,2023,Palermo,Tucumán,2019-06-25,52,MT,492000.0,11.2,45000.0,4,237000.0,0,789.0,3,339000.0,490000.0,1,3628000.0
CL202302455,2023,La Plata,Buenos Aires,02/03/2018,34,RD,1278000.0,6.0,444000.0,2,356000.0,Sí,502.0,0,1345000.0,2065000.0,0,9523000.0
CL202301956,2023,Central,Córdoba,2016-04-24,40,monotributo,325000.0,13.9,174000.0,4,148000.0,Sí,583.0,1,227000.0,501000.0,0,1675000.0
CL202301417,2023,Central,CABA,03/03/2020,18,Informal,353000.0,2.4,172000.0,4,145000.0,Sí,619.0,2,293000.0,611000.0,0,1115000.0
CL202301442,2023,Rosario Norte,Salta,11/08/2016,48,Rel. Dependencia,801000.0,13.4,377000.0,6,368000.0,no,615.0,0,30000.0,1026000.0,0,2717000.0
CL202304406,2023,Microcentro,Salta,06/04/2017,19,s/d,241000.0,0.0,122000.0,2,64000.0,0,624.0,2,146000.0,286000.0,2,1168000.0
CL202303705,2023,Córdoba Shopping,Córdoba,06/02/2016,18,Rel. Dependencia,1110000.0,3.3,141000.0,4,235000.0,Sí,667.0,0,298000.0,1452000.0,2,8615000.0
CL202303024,2023,Central,Salta,25/04/2020,30,Monotributo,,6.1,147000.0,2,223000.0,N,611.0,1,209000.0,451000.0,0,3635000.0
CL202305732,2023,Rosario Norte,Buenos Aires,08/11/2018,48,relacion de dependencia,912000.0,16.3,347000.0,5,193000.0,0,601.0,1,298000.0,760000.0,0,2495000.0
CL202303787,2023,Rosario Norte,Córdoba,03/05/2019,48,Informal,,15.6,44000.0,5,41000.0,S,670.0,1,150000.0,761000.0,0,1762000.0
CL202305894,2023,La Plata,Neuquén,06/11/2016,29,Relación de Dependencia,1078000.0,,59000.0,4,588000.0,0,,2,846000.0,1279000.0,0,4620000.0
CL202306146,2023,La Plata,Santa Fe,01/08/2018,63,changas,220000.0,,88000.0,6,117000.0,no,543.0,0,142000.0,462000.0,1,760000.0
CL202303105,2023,Rosario Norte,Mendoza,05/01/2018,33,MT,,,219000.0,7,319000.0,1,644.0,0,253000.0,1458000.0,2,3405000.0
CL202305826,2023,Mendoza Sur,Salta,12/09/2016,34,RD,1854000.0,7.8,565000.0,3,677000.0,no,736.0,0,560000.0,2969000.0,0,6507000.0
CL202305414,2023,Rosario Norte,Córdoba,2018-12-13,50,Informal,242000.0,12.9,94000.0,2,109000.0,si,658.0,1,122000.0,501000.0,1,533000.0
CL202302851,2023,Mendoza Sur,Neuquén,30/06/2021,47,Informal,303000.0,11.7,34000.0,2,113000.0,No,676.0,0,155000.0,509000.0,0,1118000.0
CL202301879,2023,Rosario Norte,CABA,03/14/2020,32,s/d,166000.0,4.3,49000.0,3,33000.0,Sí,597.0,2,71000.0,228000.0,1,802000.0
CL202304962,2023,Rosario Norte,CABA,30/01/2019,27,Relación de Dependencia,,6.5,49000.0,3,469000.0,N,661.0,2,712000.0,1773000.0,0,4741000.0
CL202304539,2023,Central,Neuquén,26/05/2017,26,Rel. Dependencia,551000.0,4.0,221000.0,2,199000.0,Sí,590.0,3,240000.0,619000.0,0,923000.0
CL202301900,2023,Canal Digital,Buenos Aires,10/10/2016,64,s/d,,16.7,188000.0,1,101.0,no,607.0,4,207000.0,463000.0,1,711000.0
CL202300877,2023,Central,Mendoza,2020-10-12,46,RD,813000.0,14.7,152000.0,5,253000.0,No,657.0,0,590000.0,1378000.0,0,1798000.0
CL202304846,2023,Palermo,Córdoba,07/30/2017,33,relacion de dependencia,945000.0,6.4,201000.0,6,459000.0,no,644.0,1,621000.0,909000.0,0,4653000.0
CL202303865,2023,Palermo,Neuquén,11/27/2018,18,Monotributo,707000.0,0.0,272000.0,1,244000.0,si,663.0,1,295000.0,654000.0,0,1354000.0
CL202300044,2023,Central,Santa Fe,25/04/2017,18,Rel. Dependencia,714000.0,7.9,171000.0,2,202000.0,1,624.0,0,420000.0,1018000.0,0,5357000.0
CL202300858,2023,Mendoza Sur,Mendoza,21/12/2016,28,s/d,307000.0,0.0,134000.0,2,23000.0,1,535.0,0,233000.0,324000.0,1,2303000.0
CL202301234,2023,Microcentro,Neuquén,2021-11-02,43,Relación de Dependencia,450000.0,10.4,104000.0,4,135000.0,N,663.0,0,174000.0,851000.0,1,985000.0
CL202304607,2023,Córdoba Shopping,Córdoba,17/05/2020,42,RD,1186000.0,9.3,209000.0,7,489000.0,No,695.0,1,753000.0,1405000.0,1,3563000.0
CL202300629,2023,Canal Digital,Mendoza,04/11/2017,49,changas,,,40000.0,3,29.0,1,551.0,3,77000.0,154000.0,0,727000.0
CL202304730,2023,Córdoba Shopping,CABA,03/23/2016,51,Monotributo,,10.6,163000.0,3,90000.0,no,,1,56000.0,454000.0,2,1138000.0
CL202301343,2023,Central,CABA,09/12/2021,24,relacion de dependencia,1161000.0,,233000.0,6,280000.0,0,791.0,0,1044000.0,2374000.0,0,3942000.0
CL202306135,2023,La Plata,Mendoza,2021-05-31,62,Relación de Dependencia,,12.9,294000.0,5,73000.0,0,700.0,1,522000.0,2250000.0,0,4124000.0
CL202306315,2023,Córdoba Shopping,Buenos Aires,28/06/2016,69,monotrib.,358000.0,,138000.0,4,107000.0,S,,4,247000.0,331000.0,1,1495000.0
CL202301455,2023,Palermo,Buenos Aires,06/05/2016,43,Relación de Dependencia,632000.0,17.3,52000.0,2,224000.0,S,788.0,2,415000.0,1103000.0,0,1558000.0
CL202302819,2023,Palermo,Tucumán,18/12/2020,18,Rel. Dependencia,,0.0,117000.0,5,43000.0,No,721.0,3,172000.0,867000.0,0,2832000.0
CL202303808,2023,Palermo,Santa Fe,2018-04-19,52,Monotributo,301000.0,,61000.0,2,77000.0,no,650.0,2,219000.0,549000.0,0,595000.0
CL202305638,2023,La Plata,CABA,2019-09-04,54,monotrib.,476000.0,,142000.0,2,204000.0,No,609.0,0,184000.0,524000.0,0,2311000.0
CL202301250,2023,Rosario Norte,Santa Fe,05/12/2017,30,Relación de Dependencia,1413000.0,4.3,227000.0,4,301000.0,N,,0,519000.0,2249000.0,0,8517000.0
CL202306100,2023,Córdoba Shopping,Salta,12/03/2021,58,Rel. Dependencia,970000.0,19.5,150000.0,4,378000.0,1,788.0,0,1117000.0,1983000.0,1,7253000.0
CL202304139,2023,Mendoza Sur,Córdoba,2018-09-20,46,monotrib.,394000.0,9.2,123000.0,3,62000.0,si,608.0,1,194000.0,685000.0,3,1325000.0
CL202304951,2023,Canal Digital,CABA,19/04/2016,53,monotrib.,705000.0,12.1,95000.0,3,367.0,no,696.0,2,344000.0,1364000.0,0,2660000.0
CL202305187,2023,Central,Santa Fe,16/03/2019,52,monotributo,902000.0,13.5,85000.0,1,390000.0,no,631.0,1,331000.0,803000.0,0,7179000.0
CL202302272,2023,Rosario Norte,CABA,07/10/2019,50,monotributo,265000.0,12.6,113000.0,4,132000.0,S,534.0,2,149000.0,398000.0,1,502000.0
CL202300288,2023,La Plata,Santa Fe,20/10/2020,47,Relación de Dependencia,1389000.0,8.6,306000.0,5,523000.0,0,693.0,0,365000.0,2205000.0,1,6907000.0
CL202303264,2023,La Plata,Buenos Aires,2017-09-11,34,Rel. Dependencia,497000.0,6.8,150000.0,2,260000.0,1,629.0,0,103000.0,688000.0,0,1848000.0
CL202305582,2023,Canal Digital,Córdoba,17/08/2019,32,Rel. Dependencia,1184000.0,5.0,152000.0,5,642.0,N,671.0,2,348000.0,2176000.0,0,4955000.0
CL202305962,2023,Microcentro,CABA,02/21/2019,35,informal,551000.0,7.3,137000.0,7,249000.0,no,649.0,2,4000.0,602000.0,1,3933000.0
CL202300573,2023,Córdoba Shopping,Buenos Aires,08/11/2020,55,relacion de dependencia,,15.7,140000.0,2,356000.0,No,642.0,0,454000.0,564000.0,0,2843000.0
CL202305440,2023,Central,Santa Fe,2016-12-05,61,s/d,141000.0,14.7,29000.0,1,35000.0,S,734.0,1,18000.0,138000.0,1,476000.0
CL202306707,2023,Canal Digital,Buenos Aires,16/06/2018,36,relacion de dependencia,1017000.0,8.4,212000.0,3,286.0,0,760.0,0,773000.0,1146000.0,1,3731000.0
CL202303898,2023,Palermo,Salta,22/11/2018,65,changas,96000.0,21.1,51000.0,4,41000.0,0,535.0,3,37000.0,163000.0,1,694000.0
CL202303469,2023,Córdoba Shopping,Tucumán,28/06/2019,38,Informal,393000.0,4.6,213000.0,1,102000.0,No,577.0,2,253000.0,328000.0,1,782000.0
CL202300595,2023,Central,Mendoza,02/10/2016,43,Informal,141000.0,10.3,56000.0,3,61000.0,0,607.0,1,76000.0,182000.0,0,717000.0
CL202300489,2023,Palermo,CABA,06/28/2020,38,relacion de dependencia,489000.0,13.9,168000.0,6,93000.0,si,614.0,2,357000.0,550000.0,0,3436000.0
CL202300841,2023,Rosario Norte,CABA,03/03/2018,53,monotributo,590000.0,,98000.0,3,176000.0,0,770.0,0,308000.0,1033000.0,0,2701000.0
CL202301790,2023,La Plata,Tucumán,17/05/2017,25,monotrib.,510000.0,6.9,101000.0,2,253000.0,0,683.0,1,269000.0,631000.0,0,3839000.0
CL202301310,2023,Canal Digital,Tucumán,04/07/2018,59,monotributo,,,149000.0,3,83.0,S,,5,74000.0,308000.0,0,1221000.0
CL202300094,2023,Córdoba Shopping,Córdoba,03/11/2020,48,Rel. Dependencia,419000.0,15.3,78000.0,2,57000.0,0,676.0,0,218000.0,565000.0,0,1429000.0
CL202302378,2023,Central,Buenos Aires,11/04/2020,54,Rel. Dependencia,1015000.0,15.3,246000.0,4,314000.0,0,722.0,1,689000.0,824000.0,0,6546000.0
CL202305700,2023,Microcentro,CABA,26/01/2016,45,Monotributo,460000.0,9.8,98000.0,3,130000.0,N,647.0,0,185000.0,697000.0,1,1120000.0
CL202301779,2023,Central,Córdoba,2017-12-26,44,RD,695000.0,13.0,212000.0,2,183000.0,Sí,655.0,0,492000.0,661000.0,0,2793000.0
CL202302219,2023,Córdoba Shopping,Santa Fe,05/27/2016,57,MT,791000.0,13.7,127000.0,3,181000.0,Sí,759.0,0,444000.0,1172000.0,0,3411000.0
CL202301263,2023,Microcentro,Neuquén,30/05/2020,51,Relación de Dependencia,932000.0,13.1,184000.0,3,165000.0,Sí,770.0,1,340000.0,960000.0,0,5724000.0
CL202303577,2023,Mendoza Sur,Córdoba,2016-08-26,53,Rel. Dependencia,2032000.0,14.8,270000.0,5,481000.0,0,789.0,0,783000.0,2370000.0,0,9874000.0
CL202305263,2023,Canal Digital,Salta,13/02/2016,74,relacion de dependencia,,20.5,206000.0,4,78.0,1,697.0,1,539000.0,1017000.0,0,2605000.0
CL202301986,2023,Microcentro,Salta,04/14/2016,42,monotrib.,,9.0,133000.0,3,95000.0,Sí,558.0,0,277000.0,382000.0,2,1836000.0
CL202302368,2023,Mendoza Sur,Córdoba,2016-03-29,51,Relación de Dependencia,,10.7,164000.0,3,182000.0,S,638.0,1,598000.0,878000.0,0,2217000.0
CL202301421,2023,Rosario Norte,Buenos Aires,12/13/2018,40,RD,1201000.0,10.5,60000.0,6,226000.0,No,767.0,0,748000.0,2290000.0,1,6409000.0
CL202302632,2023,La Plata,Buenos Aires,2016-07-27,54,changas,,14.4,225000.0,5,103000.0,no,601.0,0,435000.0,766000.0,1,4189000.0
CL202301433,2023,Palermo,Salta,07/06/2019,50,relacion de dependencia,729000.0,13.5,206000.0,4,303000.0,No,682.0,2,706000.0,1076000.0,0,4366000.0
CL202306166,2023,Córdoba Shopping,Tucumán,08/27/2018,37,relacion de dependencia,654000.0,8.1,116000.0,2,140000.0,no,,0,208000.0,801000.0,0,5042000.0
CL202301585,2023,La Plata,Mendoza,08/09/2018,59,Rel. Dependencia,1032000.0,19.4,172000.0,4,400000.0,No,798.0,0,586000.0,2257000.0,1,2714000.0
CL202304250,2023,Central,Tucumán,01/04/2020,39,Rel. Dependencia,360000.0,13.7,199000.0,5,122000.0,N,623.0,4,292000.0,780000.0,3,946000.0
CL202304720,2023,Microcentro,Córdoba,13/12/2017,33,Rel. Dependencia,1438000.0,3.3,586000.0,6,689000.0,si,656.0,1,727000.0,3060000.0,2,6603000.0
CL202305952,2023,Microcentro,Santa Fe,12/02/2017,42,Monotributo,197000.0,8.5,104000.0,4,41000.0,1,572.0,4,214000.0,243000.0,0,1297000.0
CL202300987,2023,Microcentro,Neuquén,01/11/2020,43,monotrib.,,7.4,101000.0,5,78000.0,No,602.0,1,199000.0,611000.0,0,1821000.0
CL202301874,2023,La Plata,Santa Fe,22/02/2019,48,Rel. Dependencia,356000.0,11.2,259000.0,5,160000.0,si,500.0,3,131000.0,349000.0,4,2160000.0
CL202304808,2023,Rosario Norte,Buenos Aires,12/27/2018,40,RD,893000.0,9.9,118000.0,2,48000.0,si,739.0,0,551000.0,1094000.0,0,3115000.0
CL202305829,2023,Córdoba Shopping,CABA,22/08/2017,71,monotrib.,,,221000.0,3,122000.0,S,605.0,3,407000.0,738000.0,0,820000.0
CL202306509,2023,Microcentro,Neuquén,24/02/2016,34,informal,,8.3,105000.0,5,115000.0,S,656.0,2,141000.0,586000.0,1,865000.0
CL202300415,2023,Central,Tucumán,04/06/2019,45,relacion de dependencia,425000.0,14.4,206000.0,3,110000.0,si,622.0,1,269000.0,354000.0,0,1514000.0
CL202303354,2023,Rosario Norte,Buenos Aires,22/03/2019,30,informal,403000.0,,49000.0,3,144000.0,1,721.0,3,241000.0,382000.0,0,2703000.0
CL202300229,2023,La Plata,CABA,14/12/2016,62,MT,507000.0,,56000.0,3,103000.0,1,720.0,2,0.0,659000.0,1,2981000.0
CL202305892,2023,Microcentro,Santa Fe,2018-03-26,45,relacion de dependencia,,9.9,108000.0,5,222000.0,N,,2,700000.0,1637000.0,0,6772000.0
CL202306633,2023,Rosario Norte,Mendoza,24/04/2016,59,Monotributo,354000.0,14.7,48000.0,4,100000.0,No,728.0,0,113000.0,482000.0,1,2757000.0
CL202305095,2023,Microcentro,Salta,2021-06-17,44,Rel. Dependencia,465000.0,12.2,68000.0,2,182000.0,No,754.0,1,215000.0,661000.0,1,2955000.0
CL202305056,2023,Microcentro,Tucumán,2016-09-07,33,monotributo,631000.0,,200000.0,3,144000.0,0,643.0,1,340000.0,886000.0,0,1821000.0
CL202304080,2023,Córdoba Shopping,Córdoba,23/10/2017,51,Relación de Dependencia,2061000.0,11.6,139000.0,5,641000.0,N,757.0,0,346000.0,2159000.0,0,10530000.0
CL202304884,2023,La Plata,CABA,2016-08-07,18,relacion de dependencia,1406000.0,2.7,124000.0,3,483000.0,0,675.0,0,650000.0,1908000.0,0,5340000.0
CL202302399,2023,Mendoza Sur,Mendoza,16/01/2021,49,Relación de Dependencia,531000.0,13.7,136000.0,4,49000.0,N,618.0,1,379000.0,568000.0,0,825000.0
CL202301289,2023,Microcentro,Salta,12/06/2018,43,changas,167000.0,,105000.0,3,19000.0,Sí,485.0,1,34000.0,248000.0,2,1150000.0
CL202304989,2023,La Plata,Santa Fe,07/16/2017,37,Rel. Dependencia,593000.0,10.9,74000.0,2,144000.0,1,719.0,1,421000.0,1121000.0,1,1921000.0
CL202306313,2023,Rosario Norte,Salta,02/07/2017,43,Informal,215000.0,8.9,138000.0,4,98000.0,Sí,585.0,6,52000.0,243000.0,1,1693000.0
CL202302955,2023,Microcentro,CABA,19/06/2021,36,Rel. Dependencia,555000.0,8.9,61000.0,4,260000.0,no,702.0,1,528000.0,487000.0,0,1116000.0
CL202304566,2023,Central,CABA,21/01/2021,61,monotributo,,21.1,39000.0,4,211000.0,No,682.0,2,211000.0,836000.0,0,1102000.0
CL202300672,2023,Palermo,Santa Fe,07/05/2021,18,s/d,234000.0,2.9,110000.0,2,37000.0,Sí,611.0,0,144000.0,387000.0,3,1238000.0
CL202304799,2023,Canal Digital,CABA,06/12/2016,44,RD,1672000.0,13.9,237000.0,5,271.0,N,680.0,0,181000.0,2518000.0,0,4383000.0
CL202306376,2023,Central,Buenos Aires,01/27/2021,22,Relación de Dependencia,833000.0,5.7,151000.0,4,170000.0,no,618.0,1,369000.0,1392000.0,0,2707000.0
CL202302749,2023,Palermo,Buenos Aires,24/05/2018,69,Relación de Dependencia,673000.0,22.4,229000.0,2,78000.0,No,621.0,0,545000.0,540000.0,0,1775000.0
CL202302839,2023,Mendoza Sur,Salta,27/07/2021,55,Relación de Dependencia,142000.0,20.5,77000.0,7,55000.0,si,531.0,2,72000.0,162000.0,0,808000.0
CL202302123,2023,Palermo,Buenos Aires,16/06/2019,35,s/d,146000.0,6.4,99000.0,2,62000.0,1,514.0,5,52000.0,182000.0,1,951000.0
CL202305434,2023,La Plata,Neuquén,03/12/2018,56,relacion de dependencia,706000.0,16.2,166000.0,3,5000.0,N,679.0,2,161000.0,786000.0,1,5526000.0
CL202305922,2023,La Plata,Buenos Aires,10/03/2019,45,Rel. Dependencia,,12.2,82000.0,2,73000.0,N,709.0,1,575000.0,662000.0,1,2459000.0
CL202305348,2023,Rosario Norte,Tucumán,26/01/2016,40,monotributo,309000.0,,145000.0,3,89000.0,No,612.0,0,63000.0,312000.0,0,1385000.0
CL202301549,2023,Mendoza Sur,Buenos Aires,12/06/2018,47,relacion de dependencia,1451000.0,14.7,178000.0,6,232000.0,S,720.0,0,1069000.0,1740000.0,1,5298000.0
CL202301606,2023,Central,Mendoza,12/14/2021,44,Informal,175000.0,10.5,57000.0,4,49000.0,S,684.0,0,103000.0,247000.0,0,1156000.0
CL202300195,2023,Palermo,Santa Fe,2019-01-07,52,Relación de Dependencia,839000.0,15.8,137000.0,4,323000.0,No,,1,523000.0,1715000.0,0,6191000.0
CL202302812,2023,Central,Buenos Aires,24/09/2017,49,Informal,162000.0,12.1,57000.0,5,71000.0,No,,2,163000.0,186000.0,0,901000.0
CL202300463,2023,Palermo,Córdoba,2018-12-31,68,RD,589000.0,20.7,150000.0,4,188000.0,No,,2,298000.0,859000.0,0,2862000.0
CL202301798,2023,Mendoza Sur,Neuquén,2020-04-15,25,monotrib.,278000.0,,89000.0,1,95000.0,Sí,607.0,1,225000.0,268000.0,0,537000.0
CL202304164,2023,Palermo,Neuquén,2021-05-01,42,monotrib.,466000.0,,173000.0,4,117000.0,S,662.0,0,114000.0,753000.0,0,1989000.0
CL202305783,2023,Córdoba Shopping,Córdoba,31/12/2017,51,Monotributo,637000.0,,281000.0,1,208000.0,0,616.0,2,464000.0,1229000.0,0,2775000.0
CL202301577,2023,La Plata,Salta,07/01/2019,21,s/d,,0.0,152000.0,1,180000.0,N,648.0,0,197000.0,962000.0,0,3798000.0
CL202305380,2023,La Plata,Santa Fe,29/01/2021,67,MT,317000.0,17.4,12000.0,2,80000.0,no,764.0,0,51000.0,334000.0,0,2374000.0
CL202305231,2023,Canal Digital,Córdoba,11/07/2017,36,s/d,157000.0,4.6,78000.0,1,50.0,Sí,,3,108000.0,266000.0,1,1244000.0
CL202304482,2023,Rosario Norte,CABA,2020-02-24,68,s/d,279000.0,14.7,55000.0,2,56000.0,No,639.0,0,190000.0,601000.0,4,1935000.0
CL202303489,2023,Rosario Norte,Tucumán,05/07/2016,48,changas,,13.5,166000.0,3,86000.0,S,561.0,2,179000.0,638000.0,1,981000.0
CL202304262,2023,La Plata,Buenos Aires,28/07/2017,26,Monotributo,398000.0,0.0,118000.0,3,129000.0,no,685.0,0,409000.0,797000.0,0,2232000.0
CL202304255,2023,La Plata,CABA,10/10/2021,78,monotributo,619000.0,,95000.0,3,162000.0,0,663.0,0,555000.0,974000.0,1,2831000.0
CL202305420,2023,Rosario Norte,Buenos Aires,15/03/2020,30,informal,90000.0,0.1,80000.0,4,16000.0,si,395.0,5,77000.0,132000.0,3,684000.0
CL202305033,2023,Rosario Norte,Neuquén,15/09/2019,32,monotrib.,282000.0,2.6,57000.0,1,126000.0,no,690.0,0,64000.0,558000.0,0,1612000.0
CL202300296,2023,Córdoba Shopping,Neuquén,17/12/2019,40,relacion de dependencia,,12.9,289000.0,4,217000.0,No,726.0,1,483000.0,1791000.0,0,3085000.0
CL202303928,2023,Palermo,Tucumán,09/04/2021,31,Relación de Dependencia,,12.1,67000.0,4,122000.0,N,709.0,1,217000.0,878000.0,0,1361000.0
CL202305395,2023,Palermo,Córdoba,01/20/2017,29,relacion de dependencia,876000.0,,353000.0,3,337000.0,no,662.0,3,432000.0,1149000.0,0,3805000.0
CL202303940,2023,Canal Digital,Neuquén,22/07/2018,36,Monotributo,230000.0,,124000.0,4,62.0,1,481.0,0,114000.0,263000.0,2,816000.0
CL202306694,2023,Rosario Norte,Neuquén,2016-02-13,59,Rel. Dependencia,830000.0,18.9,174000.0,3,193000.0,si,689.0,0,643000.0,1525000.0,0,3597000.0
CL202301989,2023,Rosario Norte,Salta,21/03/2020,28,Rel. Dependencia,541000.0,8.2,101000.0,4,121000.0,N,674.0,5,316000.0,857000.0,0,1627000.0
CL202305938,2023,Córdoba Shopping,CABA,08/31/2018,33,Monotributo,486000.0,,220000.0,1,37000.0,1,598.0,2,361000.0,621000.0,2,2679000.0
CL202304585,2023,Microcentro,Tucumán,05/08/2019,51,Relación de Dependencia,732000.0,18.1,446000.0,2,180000.0,0,566.0,0,663000.0,902000.0,2,4492000.0
CL202306079,2023,Mendoza Sur,CABA,2018-07-15,46,changas,189000.0,8.3,76000.0,4,58000.0,no,607.0,1,109000.0,273000.0,1,1435000.0
CL202300605,2023,Palermo,Buenos Aires,31/08/2017,50,changas,273000.0,14.9,63000.0,3,70000.0,N,700.0,2,19000.0,416000.0,1,1025000.0
CL202301168,2023,Palermo,Salta,22/07/2021,35,RD,,9.0,115000.0,7,407000.0,N,722.0,0,240000.0,1373000.0,0,2421000.0
CL202306001,2023,Córdoba Shopping,Tucumán,04/06/2017,35,monotributo,323000.0,7.6,189000.0,1,81000.0,S,547.0,2,107000.0,456000.0,0,838000.0
CL202301630,2023,Mendoza Sur,Mendoza,28/08/2019,39,Monotributo,808000.0,12.6,175000.0,1,466000.0,0,699.0,1,476000.0,1636000.0,1,6424000.0
CL202300111,2023,Microcentro,Mendoza,11/21/2017,24,relacion de dependencia,,5.9,222000.0,3,109000.0,1,609.0,3,243000.0,770000.0,0,2918000.0
CL202300901,2023,Rosario Norte,Neuquén,2021-09-11,33,s/d,262000.0,2.9,103000.0,2,19000.0,si,632.0,3,206000.0,395000.0,1,1380000.0
CL202300515,2023,Mendoza Sur,Buenos Aires,09/07/2016,44,Monotributo,333000.0,8.6,56000.0,2,102000.0,0,719.0,1,16000.0,363000.0,1,2091000.0
CL202305895,2023,Canal Digital,Neuquén,07/04/2021,18,Monotributo,405000.0,0.0,212000.0,5,119.0,S,573.0,3,269000.0,393000.0,2,1378000.0
CL202301511,2023,Central,Salta,12/29/2019,55,Rel. Dependencia,475000.0,14.4,79000.0,3,225000.0,no,,0,243000.0,781000.0,0,3758000.0
CL202301709,2023,Mendoza Sur,Santa Fe,12/02/2019,36,monotrib.,472000.0,3.1,131000.0,5,209000.0,no,699.0,1,331000.0,977000.0,0,3665000.0
CL202303643,2023,Córdoba Shopping,Buenos Aires,07/03/2016,48,changas,184000.0,11.3,48000.0,2,60000.0,si,637.0,2,0.0,268000.0,1,656000.0
CL202305043,2023,Canal Digital,Salta,14/09/2021,35,Informal,,,51000.0,4,152.0,Sí,631.0,0,231000.0,272000.0,1,1097000.0
CL202303727,2023,Córdoba Shopping,Córdoba,15/06/2019,35,relacion de dependencia,928000.0,7.5,123000.0,3,184000.0,No,596.0,2,434000.0,1836000.0,1,4377000.0
CL202302883,2023,Córdoba Shopping,Salta,27/09/2017,38,Rel. Dependencia,1327000.0,5.5,156000.0,4,554000.0,No,747.0,1,894000.0,2635000.0,0,9605000.0
CL202305898,2023,Córdoba Shopping,Córdoba,20/06/2019,44,Informal,625000.0,6.3,90000.0,2,194000.0,no,688.0,1,313000.0,1041000.0,0,4759000.0
CL202301117,2023,Mendoza Sur,Neuquén,2021-08-20,40,relacion de dependencia,,10.7,89000.0,3,94000.0,N,714.0,0,294000.0,507000.0,1,2460000.0
CL202302923,2023,Mendoza Sur,Córdoba,14/05/2020,47,relacion de dependencia,1200000.0,10.7,94000.0,1,266000.0,N,789.0,0,870000.0,1707000.0,1,5815000.0
CL202304733,2023,Palermo,Mendoza,23/12/2018,36,monotrib.,,7.2,64000.0,2,159000.0,0,671.0,1,57000.0,451000.0,0,1261000.0
CL202304165,2023,Microcentro,Córdoba,22/06/2020,45,monotrib.,475000.0,12.3,62000.0,5,182000.0,0,,1,269000.0,972000.0,0,3119000.0
CL202304190,2023,Canal Digital,Buenos Aires,07/24/2018,31,informal,174000.0,6.2,55000.0,6,22.0,S,658.0,1,56000.0,173000.0,0,708000.0
CL202301218,2023,La Plata,Santa Fe,22/09/2017,36,Relación de Dependencia,443000.0,10.1,76000.0,8,123000.0,no,712.0,3,500000.0,595000.0,0,2153000.0
CL202302685,2023,Canal Digital,Tucumán,03/04/2018,24,RD,877000.0,5.0,156000.0,4,98.0,no,717.0,0,350000.0,973000.0,0,1569000.0
CL202303621,2023,Palermo,Neuquén,05/06/2017,32,Informal,396000.0,8.2,115000.0,2,81000.0,no,592.0,4,293000.0,377000.0,4,2416000.0
CL202300226,2023,Microcentro,Buenos Aires,17/07/2017,18,MT,,0.0,122000.0,2,129000.0,si,,1,300000.0,862000.0,0,1709000.0
CL202305020,2023,Córdoba Shopping,CABA,2018-02-12,36,relacion de dependencia,1370000.0,8.6,276000.0,2,603000.0,No,697.0,0,868000.0,2504000.0,0,6506000.0
CL202303338,2023,Microcentro,Mendoza,2019-10-19,23,Rel. Dependencia,420000.0,3.3,94000.0,3,159000.0,si,620.0,0,230000.0,773000.0,0,1549000.0
CL202305528,2023,Canal Digital,CABA,17/08/2021,18,MT,227000.0,1.3,70000.0,2,40.0,no,584.0,4,155000.0,318000.0,0,934000.0
CL202301741,2023,Canal Digital,Neuquén,2021-08-19,33,MT,338000.0,5.7,183000.0,5,67.0,no,,1,207000.0,432000.0,1,1771000.0
CL202305812,2023,Canal Digital,Mendoza,01/08/2019,41,relacion de dependencia,700000.0,,292000.0,6,125.0,1,648.0,0,396000.0,730000.0,1,4035000.0
CL202300614,2023,Mendoza Sur,Mendoza,18/07/2018,36,Informal,186000.0,,61000.0,3,44000.0,no,,1,76000.0,253000.0,0,749000.0
CL202302355,2023,Córdoba Shopping,Neuquén,20/05/2019,36,informal,,,46000.0,3,113000.0,S,631.0,2,57000.0,444000.0,0,1593000.0
CL202300518,2023,Palermo,Neuquén,26/06/2018,42,Relación de Dependencia,1194000.0,12.8,185000.0,5,316000.0,1,705.0,1,504000.0,2554000.0,0,4893000.0
CL202306369,2023,Microcentro,Mendoza,20/10/2016,33,RD,2045000.0,10.1,295000.0,5,664000.0,0,719.0,2,747000.0,2748000.0,1,12586000.0
CL202305598,2023,Central,CABA,20/12/2017,45,RD,528000.0,14.3,109000.0,3,154000.0,0,,0,264000.0,1006000.0,0,1213000.0
CL202302658,2023,La Plata,Neuquén,04/12/2017,29,Relación de Dependencia,692000.0,4.9,52000.0,4,235000.0,0,688.0,2,115000.0,633000.0,1,1169000.0
CL202304090,2023,Córdoba Shopping,Salta,2018-08-02,42,Relación de Dependencia,,7.6,46000.0,7,31000.0,No,612.0,2,100000.0,316000.0,0,1492000.0
CL202302351 ,2023,Microcentro,Santa Fe,03/10/2018,40,Monotributo,408000.0,6.8,87000.0,1,182000.0,No,658.0,2,0.0,344000.0,0,1642000.0
CL202304132,2023,Central,Córdoba,16/02/2019,33,Monotributo,,3.4,147000.0,2,131000.0,No,635.0,1,413000.0,851000.0,2,692000.0
CL202304746,2023,Canal Digital,CABA,08/01/2016,44,MT,348000.0,12.8,34000.0,3,69.0,0,730.0,1,275000.0,664000.0,0,2520000.0
CL202302202,2023,Microcentro,Córdoba,10/14/2021,43,Monotributo,582000.0,6.5,184000.0,1,119000.0,no,740.0,2,336000.0,1043000.0,0,2918000.0
CL202303740,2023,Microcentro,Neuquén,31/10/2020,67,Rel. Dependencia,530000.0,18.5,306000.0,4,93000.0,1,596.0,2,460000.0,1155000.0,0,2605000.0
CL202301587,2023,Mendoza Sur,Córdoba,16/12/2019,35,Relación de Dependencia,,8.2,266000.0,7,245000.0,1,598.0,2,88000.0,1479000.0,0,1702000.0
CL202303749,2023,Mendoza Sur,Neuquén,26/08/2020,55,Monotributo,,,247000.0,2,34000.0,Sí,574.0,6,265000.0,340000.0,1,2051000.0
CL202303845,2023,Córdoba Shopping,Mendoza,2020-11-27,26,informal,187000.0,3.3,16000.0,2,38000.0,Sí,,0,24000.0,270000.0,0,1069000.0
CL202306062,2023,Córdoba Shopping,CABA,2020-08-05,53,Relación de Dependencia,847000.0,15.8,233000.0,3,135000.0,0,744.0,1,311000.0,882000.0,0,3235000.0
CL202301506,2023,Córdoba Shopping,Salta,01/02/2018,40,monotrib.,352000.0,7.2,134000.0,1,108000.0,si,634.0,2,177000.0,538000.0,1,679000.0
CL202300750,2023,Microcentro,CABA,2017-11-15,36,Rel. Dependencia,295000.0,8.9,86000.0,6,63000.0,si,663.0,1,129000.0,328000.0,2,741000.0
CL202306433,2023,Córdoba Shopping,Buenos Aires,08/01/2017,47,Rel. Dependencia,,13.5,274000.0,7,205000.0,No,644.0,0,251000.0,821000.0,1,4022000.0
CL202306219,2023,Córdoba Shopping,CABA,03/01/2020,54,monotrib.,350000.0,14.0,119000.0,2,73000.0,si,618.0,0,340000.0,732000.0,0,2477000.0
CL202301366,2023,Córdoba Shopping,Buenos Aires,22/06/2019,29,relacion de dependencia,637000.0,9.6,96000.0,4,202000.0,N,702.0,0,320000.0,1002000.0,0,4804000.0
CL202306596,2023,Central,Córdoba,20/10/2017,23,informal,195000.0,,138000.0,5,64000.0,S,510.0,5,57000.0,312000.0,3,835000.0
CL202300557,2023,Palermo,Buenos Aires,25/02/2020,46,Rel. Dependencia,1488000.0,12.9,493000.0,4,590000.0,N,701.0,3,1342000.0,1492000.0,1,5799000.0
CL202301095,2023,Mendoza Sur,Santa Fe,24/08/2016,37,Rel. Dependencia,549000.0,10.8,68000.0,4,83000.0,No,784.0,1,176000.0,493000.0,1,2703000.0
CL202303292,2023,Canal Digital,Salta,2016-01-17,46,Relación de Dependencia,760000.0,10.4,138000.0,3,116.0,no,735.0,1,71000.0,1160000.0,0,2321000.0
CL202303544,2023,Córdoba Shopping,CABA,09/13/2018,41,Relación de Dependencia,,11.6,235000.0,5,646000.0,no,774.0,0,1010000.0,1833000.0,0,8238000.0
CL202302939,2023,Rosario Norte,Santa Fe,2021-03-04,52,monotributo,380000.0,13.6,37000.0,4,140000.0,0,753.0,0,325000.0,583000.0,0,1831000.0
CL202305122,2023,Canal Digital,Neuquén,11/24/2016,46,monotrib.,967000.0,5.0,207000.0,3,318.0,S,654.0,2,322000.0,1515000.0,2,6766000.0
CL202301802,2023,La Plata,Neuquén,02/18/2021,30,Rel. Dependencia,784000.0,6.6,85000.0,2,223000.0,0,668.0,2,752000.0,662000.0,0,4179000.0
CL202300082,2023,Mendoza Sur,Santa Fe,06/16/2017,67,Rel. Dependencia,1360000.0,23.2,219000.0,9,550000.0,Sí,712.0,1,991000.0,2627000.0,0,9075000.0
CL202303794,2023,Canal Digital,Tucumán,05/01/2017,61,RD,,19.2,93000.0,4,247.0,N,722.0,3,271000.0,1349000.0,1,5023000.0
CL202304208,2023,Palermo,Tucumán,24/01/2019,78,Informal,113000.0,,41000.0,3,37000.0,S,,3,78000.0,100000.0,0,546000.0
CL202301351,2023,Palermo,Santa Fe,15/04/2020,44,Monotributo,,9.3,112000.0,5,70000.0,S,665.0,0,434000.0,688000.0,0,3268000.0
CL202306567,2023,Central,Buenos Aires,2018-06-10,25,changas,264000.0,3.4,74000.0,1,75000.0,S,615.0,3,25000.0,475000.0,0,1156000.0
CL202301501,2023,La Plata,Tucumán,27/09/2020,62,relacion de dependencia,886000.0,18.5,209000.0,5,276000.0,no,659.0,0,511000.0,1109000.0,1,3491000.0
CL202305623,2023,Central,CABA,2017-07-01,50,s/d,197000.0,,109000.0,1,65000.0,Sí,513.0,2,144000.0,265000.0,4,629000.0
CL202301437,2023,La Plata,Buenos Aires,2018-01-04,40,monotributo,392000.0,7.5,204000.0,2,74000.0,si,,1,195000.0,423000.0,1,1487000.0
CL202303945,2023,La Plata,Córdoba,05/02/2020,27,RD,840000.0,5.0,324000.0,2,298000.0,No,710.0,3,493000.0,1452000.0,0,2259000.0
CL202303480,2023,Palermo,Mendoza,15/07/2017,54,Monotributo,,,78000.0,5,48000.0,N,595.0,1,88000.0,150000.0,0,391000.0
CL202305520,2023,La Plata,Córdoba,27/11/2018,58,informal,254000.0,,39000.0,2,100000.0,0,711.0,0,168000.0,371000.0,2,891000.0
CL202305794,2023,Mendoza Sur,Santa Fe,03/11/2020,28,monotributo,355000.0,4.1,258000.0,4,127000.0,S,489.0,1,198000.0,305000.0,6,1296000.0
CL202305561,2023,Palermo,Santa Fe,2016-01-12,44,RD,,13.5,152000.0,2,272000.0,0,631.0,1,242000.0,1218000.0,0,5184000.0
CL202300984,2023,Córdoba Shopping,Tucumán,2019-01-10,22,RD,1069000.0,7.8,197000.0,5,241000.0,no,803.0,0,962000.0,1359000.0,0,2125000.0
CL202303760,2023,Mendoza Sur,Mendoza,07/04/2016,49,relacion de dependencia,369000.0,10.4,214000.0,6,149000.0,1,594.0,2,178000.0,530000.0,5,2225000.0
CL202300953,2023,Microcentro,Neuquén,04/08/2019,48,Relación de Dependencia,,15.0,84000.0,5,47000.0,Sí,591.0,1,49000.0,389000.0,1,1017000.0
CL202305212,2023,La Plata,Tucumán,06/16/2018,30,Relación de Dependencia,,2.9,45000.0,5,395000.0,0,789.0,1,589000.0,1742000.0,0,9483000.0
CL202300494,2023,Canal Digital,Tucumán,22/12/2018,18,relacion de dependencia,,7.8,110000.0,6,281.0,1,627.0,1,229000.0,936000.0,0,3863000.0
CL202302953,2023,Córdoba Shopping,Mendoza,05/08/2017,55,changas,,11.8,77000.0,3,100000.0,No,637.0,2,153000.0,286000.0,0,527000.0
CL202306639,2023,Canal Digital,Mendoza,24/08/2017,53,Monotributo,634000.0,13.6,157000.0,2,121.0,no,,2,301000.0,820000.0,0,3166000.0
CL202300243,2023,Córdoba Shopping,Buenos Aires,10/24/2019,35,monotrib.,242000.0,7.0,110000.0,2,104000.0,si,590.0,1,127000.0,439000.0,0,521000.0
CL202304609,2023,Microcentro,Tucumán,2020-01-26,18,Rel. Dependencia,536000.0,3.7,59000.0,3,230000.0,no,666.0,0,105000.0,511000.0,0,3226000.0
CL202305382,2023,Mendoza Sur,Buenos Aires,03/02/2016,36,Monotributo,253000.0,,103000.0,3,168000.0,S,607.0,4,200000.0,376000.0,0,1175000.0
CL202303040,2023,Central,Mendoza,30/05/2016,39,Relación de Dependencia,1179000.0,7.7,88000.0,5,252000.0,No,717.0,2,704000.0,2407000.0,0,1951000.0
CL202301301,2023,Rosario Norte,Salta,24/09/2020,49,Relación de Dependencia,,11.8,42000.0,3,80000.0,1,712.0,0,150000.0,564000.0,0,2302000.0
CL202304489,2023,Córdoba Shopping,Santa Fe,31/07/2017,50,s/d,147000.0,11.9,47000.0,1,32000.0,No,601.0,0,74000.0,216000.0,1,291000.0
CL202305483,2023,Canal Digital,Mendoza,10/06/2020,27,monotributo,196000.0,1.8,123000.0,5,50.0,1,534.0,3,133000.0,259000.0,1,306000.0
CL202303406,2023,Rosario Norte,CABA,2021-11-01,29,relacion de dependencia,,12.2,364000.0,3,133000.0,S,628.0,0,512000.0,1575000.0,2,3926000.0
CL202306272,2023,Rosario Norte,Córdoba,18/05/2021,45,informal,,4.3,100000.0,2,51000.0,No,479.0,4,81000.0,150000.0,3,945000.0
CL202305886,2023,Rosario Norte,Neuquén,28/06/2021,34,Relación de Dependencia,680000.0,9.5,153000.0,2,151000.0,0,685.0,0,302000.0,736000.0,0,4857000.0
CL202303067,2023,Microcentro,Buenos Aires,10/09/2021,49,Rel. Dependencia,504000.0,8.9,112000.0,2,166000.0,si,684.0,1,100000.0,1014000.0,1,3053000.0
CL202305344,2023,Rosario Norte,Tucumán,11/02/2019,39,RD,754000.0,6.6,90000.0,2,78000.0,S,628.0,1,162000.0,1491000.0,0,2559000.0
CL202304166,2023,Mendoza Sur,Tucumán,30/06/2021,45,Rel. Dependencia,,14.1,296000.0,2,176000.0,si,615.0,0,99000.0,1046000.0,1,3866000.0
CL202305695,2023,Rosario Norte,Santa Fe,10/13/2020,65,Relación de Dependencia,,,240000.0,3,1266000.0,si,721.0,1,2124000.0,4443000.0,0,19576000.0
CL202304418,2023,La Plata,Tucumán,09/08/2019,46,monotrib.,538000.0,12.9,168000.0,3,95000.0,no,745.0,1,176000.0,766000.0,0,4025000.0
CL202304254,2023,Mendoza Sur,Neuquén,19/05/2020,19,Rel. Dependencia,813000.0,1.9,209000.0,5,147000.0,S,643.0,1,415000.0,1277000.0,0,4774000.0
CL202306110,2023,Central,Santa Fe,02/27/2016,28,relacion de dependencia,883000.0,3.1,52000.0,6,326000.0,no,699.0,2,534000.0,1387000.0,0,4242000.0
CL202301169,2023,Rosario Norte,Córdoba,2021-03-11,42,RD,501000.0,15.0,39000.0,4,103000.0,N,715.0,1,322000.0,600000.0,0,3755000.0
CL202301644,2023,Central,CABA,11/03/2016,33,Informal,283000.0,6.0,47000.0,2,57000.0,0,640.0,0,168000.0,505000.0,0,739000.0
CL202306471,2023,Canal Digital,Córdoba,14/03/2018,53,Relación de Dependencia,,14.5,661000.0,3,355.0,1,588.0,2,480000.0,2300000.0,2,7721000.0
CL202306492,2023,Mendoza Sur,Mendoza,18/02/2021,33,RD,,2.1,9000.0,7,287000.0,0,,1,474000.0,1360000.0,1,6522000.0
CL202303987,2023,Microcentro,Mendoza,2017-09-03,34,Informal,90000.0,,68000.0,5,37000.0,si,526.0,4,83000.0,107000.0,2,534000.0
CL202305949,2023,La Plata,Santa Fe,30/11/2021,49,MT,408000.0,11.5,128000.0,2,203000.0,0,658.0,2,220000.0,347000.0,0,877000.0
CL202304296,2023,Mendoza Sur,Neuquén,01/07/2020,51,s/d,,7.2,145000.0,2,88000.0,1,644.0,3,245000.0,406000.0,0,1382000.0
CL202304780,2023,Rosario Norte,Neuquén,04/15/2018,58,Monotributo,,,223000.0,2,240000.0,1,582.0,0,201000.0,668000.0,4,1642000.0
CL202303836,2023,Rosario Norte,CABA,2018-09-17,45,s/d,164000.0,,53000.0,2,32000.0,S,646.0,3,131000.0,239000.0,3,1278000.0
CL202304890,2023,Palermo,Neuquén,23/09/2019,30,monotributo,700000.0,,96000.0,3,299000.0,N,721.0,0,449000.0,885000.0,1,4541000.0
CL202301759,2023,La Plata,Salta,12/01/2016,42,Rel. Dependencia,830000.0,11.5,386000.0,1,151000.0,S,627.0,2,624000.0,1591000.0,0,5140000.0
CL202306432,2023,Mendoza Sur,Buenos Aires,31/08/2017,40,Monotributo,,,61000.0,1,39000.0,0,601.0,2,84000.0,268000.0,0,271000.0
CL202305133,2023,Canal Digital,Buenos Aires,25/01/2018,18,changas,269000.0,,131000.0,4,132.0,S,567.0,1,128000.0,482000.0,2,1180000.0
CL202303518,2023,Microcentro,Córdoba,29/10/2021,52,s/d,232000.0,12.2,18000.0,1,56000.0,N,713.0,0,135000.0,220000.0,2,1481000.0
CL202302944,2023,Rosario Norte,Neuquén,07/20/2021,28,Informal,288000.0,,134000.0,2,122000.0,Sí,511.0,3,182000.0,268000.0,0,517000.0
CL202302482,2023,Canal Digital,Neuquén,22/07/2017,29,RD,569000.0,6.1,123000.0,2,197.0,no,611.0,0,497000.0,1055000.0,0,3454000.0
CL202301075,2023,Córdoba Shopping,Neuquén,22/02/2016,65,Informal,223000.0,,104000.0,2,47000.0,1,547.0,1,111000.0,319000.0,0,1293000.0
CL202306643,2023,Canal Digital,Santa Fe,25/03/2021,36,Relación de Dependencia,,8.1,343000.0,8,296.0,S,596.0,4,556000.0,1960000.0,0,7254000.0
CL202304094,2023,Córdoba Shopping,Neuquén,22/06/2018,66,Relación de Dependencia,521000.0,19.9,309000.0,5,107000.0,si,514.0,3,238000.0,680000.0,0,3357000.0
CL202305608,2023,Microcentro,Salta,13/09/2020,23,Monotributo,286000.0,0.0,79000.0,2,143000.0,Sí,,1,126000.0,307000.0,0,711000.0
CL202305146,2023,Córdoba Shopping,Córdoba,04/09/2016,50,monotributo,267000.0,12.0,31000.0,2,79000.0,No,737.0,2,193000.0,490000.0,0,1384000.0
CL202302444,2023,Central,Santa Fe,08/06/2017,62,Relación de Dependencia,,16.7,34000.0,5,140000.0,0,721.0,0,306000.0,1202000.0,0,4200000.0
CL202304552,2023,Central,Salta,2020-07-22,49,Monotributo,,12.4,92000.0,4,10000.0,No,599.0,0,83000.0,424000.0,1,1854000.0
CL202302910,2023,Mendoza Sur,Salta,05/14/2019,23,Monotributo,214000.0,0.0,102000.0,1,139000.0,no,663.0,1,114000.0,199000.0,0,1016000.0
CL202302929,2023,Canal Digital,Tucumán,25/01/2017,50,RD,720000.0,13.7,138000.0,2,270.0,N,707.0,0,369000.0,1152000.0,0,2319000.0
CL202300108,2023,Microcentro,Buenos Aires,26/12/2017,25,monotrib.,386000.0,2.8,69000.0,2,170000.0,1,707.0,1,266000.0,535000.0,0,2982000.0
CL202302312,2023,Rosario Norte,Tucumán,18/01/2016,70,Monotributo,326000.0,,38000.0,4,89000.0,N,696.0,0,261000.0,329000.0,0,1804000.0
CL202301535,2023,Córdoba Shopping,Mendoza,05/06/2019,28,MT,321000.0,,84000.0,4,106000.0,N,615.0,2,325000.0,621000.0,0,964000.0
CL202304357,2023,Canal Digital,Buenos Aires,08/09/2018,54,Rel. Dependencia,524000.0,10.9,242000.0,4,167.0,1,631.0,1,150000.0,514000.0,1,2049000.0
CL202301463,2023,Rosario Norte,Salta,2018-09-05,45,Informal,139000.0,,49000.0,3,65000.0,si,608.0,0,44000.0,194000.0,2,383000.0
CL202305564,2023,Mendoza Sur,CABA,06/08/2016,41,Relación de Dependencia,447000.0,12.8,96000.0,5,127000.0,Sí,682.0,1,364000.0,742000.0,1,2677000.0
CL202306152,2023,Central,Córdoba,14/05/2016,54,changas,178000.0,,86000.0,3,22000.0,1,639.0,2,70000.0,383000.0,1,1106000.0
CL202301142,2023,Canal Digital,CABA,04/09/2020,49,MT,,,98000.0,2,93.0,si,648.0,0,22000.0,215000.0,0,1180000.0
CL202302122,2023,Microcentro,Buenos Aires,2017-12-16,41,relacion de dependencia,1019000.0,9.5,334000.0,5,314000.0,No,665.0,0,844000.0,883000.0,0,3327000.0
CL202301958,2023,Palermo,Neuquén,07/31/2020,47,Relación de Dependencia,430000.0,14.4,338000.0,5,57000.0,S,526.0,2,303000.0,692000.0,2,1320000.0
CL202302548,2023,Rosario Norte,Buenos Aires,31/01/2017,39,Relación de Dependencia,380000.0,9.3,250000.0,3,141000.0,Sí,549.0,2,278000.0,578000.0,2,690000.0
CL202301905,2023,Mendoza Sur,Mendoza,25/09/2021,51,Relación de Dependencia,450000.0,11.8,84000.0,6,81000.0,S,647.0,2,71000.0,778000.0,1,2721000.0
CL202304305,2023,Córdoba Shopping,Córdoba,10/10/2019,40,MT,182000.0,,71000.0,3,18000.0,S,593.0,4,123000.0,179000.0,1,1196000.0
CL202305833,2023,Mendoza Sur,Buenos Aires,2018-11-02,21,MT,494000.0,,112000.0,3,103000.0,No,691.0,0,258000.0,937000.0,0,3109000.0
CL202302483,2023,La Plata,Salta,22/04/2016,34,Rel. Dependencia,966000.0,5.0,226000.0,6,332000.0,N,681.0,0,471000.0,1453000.0,0,5358000.0
CL202306312,2023,Córdoba Shopping,Tucumán,2020-10-24,36,MT,263000.0,4.7,44000.0,2,30000.0,No,663.0,0,178000.0,359000.0,0,1025000.0
CL202302468,2023,Palermo,Santa Fe,02/01/2018,68,Relación de Dependencia,1407000.0,20.8,235000.0,4,383000.0,no,711.0,1,1355000.0,3051000.0,0,5549000.0
CL202300687,2023,Central,Salta,2018-11-02,39,changas,,,197000.0,3,152000.0,si,,1,130000.0,510000.0,0,1364000.0
CL202304716,2023,Mendoza Sur,Tucumán,11/08/2020,37,Relación de Dependencia,739000.0,13.6,334000.0,3,366000.0,1,617.0,1,287000.0,708000.0,1,2129000.0
CL202301178,2023,Mendoza Sur,Mendoza,2017-01-01,77,Rel. Dependencia,1015000.0,23.4,150000.0,6,439000.0,S,758.0,1,783000.0,1212000.0,1,5221000.0
CL202302782,2023,Rosario Norte,Santa Fe,2017-06-30,35,Monotributo,823000.0,7.9,224000.0,3,210000.0,0,723.0,0,432000.0,705000.0,0,1965000.0
CL202301818,2023,Mendoza Sur,Córdoba,09/03/2020,39,MT,,7.1,103000.0,4,111000.0,Sí,588.0,3,184000.0,460000.0,1,790000.0
CL202302260,2023,Microcentro,Salta,2020-01-05,39,MT,811000.0,,240000.0,5,93000.0,N,655.0,2,458000.0,1379000.0,1,1684000.0
CL202300332,2023,Central,CABA,13/12/2020,43,Relación de Dependencia,849000.0,13.9,349000.0,2,143000.0,si,,1,677000.0,1597000.0,0,6333000.0
CL202304845,2023,Rosario Norte,Mendoza,07/12/2018,41,relacion de dependencia,513000.0,13.4,179000.0,3,194000.0,No,634.0,0,239000.0,1119000.0,1,2543000.0
CL202302952,2023,Mendoza Sur,Tucumán,16/07/2016,18,relacion de dependencia,940000.0,2.1,207000.0,4,347000.0,S,615.0,0,488000.0,807000.0,1,7061000.0
CL202300674,2023,La Plata,Neuquén,29/10/2016,32,Informal,721000.0,,111000.0,4,206000.0,no,782.0,2,288000.0,1183000.0,0,1498000.0
CL202305909,2023,Palermo,CABA,26/02/2016,35,RD,,9.0,235000.0,3,475000.0,N,809.0,0,898000.0,2087000.0,0,6083000.0
CL202303145,2023,Rosario Norte,Santa Fe,2017-08-31,65,Rel. Dependencia,510000.0,22.3,231000.0,4,175000.0,No,631.0,1,331000.0,899000.0,1,2758000.0
CL202300194,2023,Mendoza Sur,Tucumán,08/01/2017,18,Rel. Dependencia,459000.0,0.5,82000.0,3,96000.0,0,692.0,0,304000.0,983000.0,0,1446000.0
CL202303776,2023,Mendoza Sur,Salta,18/07/2018,55,Relación de Dependencia,,19.5,124000.0,4,469000.0,No,763.0,0,704000.0,1883000.0,0,6783000.0
CL202302589,2023,Rosario Norte,Neuquén,17/03/2021,41,monotrib.,244000.0,10.7,48000.0,1,112000.0,0,681.0,3,33000.0,390000.0,0,1082000.0
CL202306742,2023,Rosario Norte,CABA,2019-06-20,37,Rel. Dependencia,276000.0,7.5,91000.0,7,97000.0,Sí,598.0,1,195000.0,601000.0,0,1624000.0
CL202303220,2023,Central,CABA,01/20/2021,20,MT,,,116000.0,2,110000.0,si,730.0,0,340000.0,375000.0,0,1550000.0
CL202302323,2023,Palermo,Córdoba,2019-12-21,39,relacion de dependencia,1800000.0,11.1,343000.0,5,495000.0,0,850.0,0,547000.0,1570000.0,0,8906000.0
CL202300656,2023,La Plata,CABA,19/01/2017,20,monotributo,,0.0,407000.0,7,232000.0,S,584.0,3,771000.0,722000.0,0,5153000.0
CL202303398,2023,Microcentro,Buenos Aires,30/07/2016,24,informal,322000.0,1.8,47000.0,1,133000.0,No,740.0,0,122000.0,395000.0,0,1793000.0
CL202305050,2023,Palermo,Mendoza,13/06/2018,37,Rel. Dependencia,556000.0,,82000.0,1,48000.0,no,722.0,0,291000.0,1065000.0,0,1702000.0
CL202303512,2023,Canal Digital,Mendoza,30/06/2019,66,MT,1531000.0,,141000.0,2,351.0,no,706.0,2,780000.0,2537000.0,0,10341000.0
CL202300026,2023,Córdoba Shopping,Neuquén,2020-12-03,36,Rel. Dependencia,851000.0,12.4,122000.0,5,325000.0,0,633.0,1,741000.0,1551000.0,0,3354000.0
CL202300944,2023,Córdoba Shopping,Salta,04/03/2021,35,informal,392000.0,7.6,158000.0,2,115000.0,no,646.0,1,318000.0,564000.0,1,2910000.0
CL202300334,2023,Mendoza Sur,Santa Fe,12/05/2020,51,changas,392000.0,10.6,42000.0,3,138000.0,0,817.0,0,257000.0,362000.0,0,2746000.0
CL202304964,2023,Córdoba Shopping,Córdoba,20/07/2019,34,Rel. Dependencia,,13.7,43000.0,8,211000.0,no,692.0,3,300000.0,711000.0,0,1680000.0
CL202303732,2023,Mendoza Sur,Córdoba,18/05/2018,19,relacion de dependencia,700000.0,4.5,203000.0,6,198000.0,0,774.0,0,572000.0,1200000.0,0,5377000.0
CL202301226,2023,Central,Santa Fe,2021-01-29,52,relacion de dependencia,,14.3,283000.0,2,316000.0,No,681.0,0,618000.0,1454000.0,0,1922000.0
CL202301400,2023,Central,CABA,10/25/2017,39,relacion de dependencia,376000.0,12.9,67000.0,7,126000.0,S,644.0,0,265000.0,544000.0,0,1075000.0
CL202305980,2023,Mendoza Sur,Mendoza,23/11/2021,23,Rel. Dependencia,593000.0,3.6,255000.0,7,168000.0,0,601.0,2,280000.0,1157000.0,2,4062000.0
CL202303312,2023,Córdoba Shopping,Buenos Aires,12/12/2017,51,MT,344000.0,10.8,148000.0,2,148000.0,No,629.0,2,304000.0,402000.0,1,1954000.0
CL202303247,2023,Palermo,Neuquén,29/07/2021,23,informal,312000.0,5.6,65000.0,4,141000.0,Sí,692.0,1,21000.0,258000.0,1,963000.0
CL202306129,2023,Córdoba Shopping,Buenos Aires,17/04/2019,41,Relación de Dependencia,856000.0,9.8,239000.0,1,502000.0,Sí,629.0,1,749000.0,1110000.0,0,4797000.0
CL202305519,2023,Palermo,Neuquén,28/11/2019,23,Monotributo,416000.0,4.6,228000.0,6,108000.0,1,569.0,3,42000.0,792000.0,3,1679000.0
CL202305971,2023,Córdoba Shopping,Buenos Aires,07/02/2018,39,monotrib.,,9.9,265000.0,1,72000.0,si,627.0,1,261000.0,479000.0,3,2256000.0
CL202306588,2023,Córdoba Shopping,Buenos Aires,08/05/2020,59,RD,1342000.0,16.7,282000.0,3,334000.0,1,658.0,3,879000.0,2906000.0,0,3658000.0
CL202305807,2023,Rosario Norte,Salta,15/01/2019,45,RD,431000.0,9.8,60000.0,6,105000.0,no,752.0,1,391000.0,423000.0,0,1292000.0
CL202306204,2023,Palermo,Neuquén,11/01/2021,34,Relación de Dependencia,,11.1,44000.0,4,417000.0,N,,0,634000.0,2532000.0,0,7731000.0
CL202303860,2023,Córdoba Shopping,Salta,2018-08-21,38,Monotributo,637000.0,10.2,134000.0,4,146000.0,no,716.0,1,499000.0,761000.0,0,2315000.0
CL202302227,2023,Córdoba Shopping,Salta,08/02/2020,65,monotrib.,,22.6,104000.0,2,141000.0,si,614.0,2,146000.0,490000.0,3,1969000.0
CL202300620,2023,Córdoba Shopping,CABA,20/09/2019,18,relacion de dependencia,1608000.0,0.2,237000.0,4,803000.0,No,736.0,2,194000.0,2592000.0,0,11935000.0
CL202302529,2023,Palermo,Santa Fe,2021-02-08,39,MT,229000.0,6.6,133000.0,3,72000.0,N,571.0,0,4000.0,380000.0,2,390000.0
CL202303386,2023,Rosario Norte,Salta,22/09/2017,27,Monotributo,,,172000.0,4,109000.0,1,489.0,1,83000.0,515000.0,0,465000.0
CL202304556,2023,Mendoza Sur,Mendoza,29/08/2018,37,Monotributo,,,122000.0,1,249000.0,No,689.0,0,358000.0,861000.0,0,1571000.0
CL202302734,2023,Canal Digital,Tucumán,24/05/2017,55,informal,212000.0,,59000.0,4,24.0,N,603.0,0,100000.0,253000.0,0,395000.0
CL202303360,2023,Central,Neuquén,2017-12-18,32,relacion de dependencia,365000.0,13.1,101000.0,4,90000.0,0,659.0,3,192000.0,468000.0,0,2772000.0
CL202302901,2023,Córdoba Shopping,Mendoza,16/09/2021,43,RD,,14.6,303000.0,3,234000.0,no,641.0,2,398000.0,1179000.0,0,1976000.0
CL202303020,2023,Central,Buenos Aires,20/07/2016,31,Relación de Dependencia,693000.0,9.0,58000.0,3,100000.0,no,733.0,1,329000.0,940000.0,0,4096000.0
CL202302909,2023,Rosario Norte,CABA,2017-11-04,58,Informal,190000.0,15.6,157000.0,3,75000.0,S,508.0,3,100000.0,250000.0,3,1168000.0
CL202300359,2023,Central,Tucumán,11/15/2018,54,monotributo,600000.0,10.3,74000.0,3,289000.0,0,682.0,3,302000.0,1269000.0,0,2500000.0
CL202305745,2023,Central,Buenos Aires,07/02/2020,39,relacion de dependencia,355000.0,9.7,66000.0,4,78000.0,Sí,657.0,0,255000.0,734000.0,1,1184000.0
CL202301708,2023,Microcentro,Mendoza,17/02/2021,18,informal,170000.0,0.0,136000.0,4,97000.0,1,520.0,4,74000.0,190000.0,4,939000.0
CL202305790,2023,Mendoza Sur,Tucumán,05/26/2017,51,changas,523000.0,,90000.0,4,210000.0,No,650.0,0,306000.0,961000.0,0,2158000.0
CL202302696,2023,Central,CABA,2017-06-19,41,Monotributo,219000.0,,142000.0,4,67000.0,Sí,585.0,1,129000.0,423000.0,0,856000.0
CL202303442,2023,Palermo,CABA,22/03/2019,42,informal,448000.0,,142000.0,5,149000.0,no,,2,126000.0,632000.0,0,945000.0
CL202305475,2023,Mendoza Sur,Tucumán,13/05/2016,38,relacion de dependencia,1119000.0,10.0,173000.0,6,168000.0,si,712.0,1,1279000.0,2164000.0,0,5057000.0
CL202305691,2023,Mendoza Sur,Neuquén,2019-04-19,36,monotributo,328000.0,,42000.0,1,102000.0,no,738.0,0,212000.0,325000.0,0,1552000.0
CL202303258,2023,Palermo,Salta,18/12/2018,46,Rel. Dependencia,803000.0,14.8,146000.0,5,5000.0,no,721.0,1,474000.0,1546000.0,0,1895000.0
CL202300523,2023,Córdoba Shopping,Salta,27/02/2019,43,relacion de dependencia,,11.4,137000.0,4,116000.0,1,654.0,0,477000.0,973000.0,1,2849000.0
CL202305843,2023,Mendoza Sur,Santa Fe,2018-02-16,53,s/d,94000.0,10.2,24000.0,3,53000.0,S,641.0,2,47000.0,157000.0,0,309000.0
CL202300972,2023,Rosario Norte,Tucumán,12/11/2018,38,MT,,,59000.0,3,160000.0,No,699.0,0,213000.0,494000.0,0,2830000.0
CL202305688,2023,Microcentro,Santa Fe,10/10/2021,63,Relación de Dependencia,,19.8,107000.0,8,81000.0,1,526.0,2,54000.0,320000.0,1,2000000.0
CL202301617,2023,Palermo,Neuquén,02/11/2020,44,Rel. Dependencia,1525000.0,11.0,310000.0,5,1031000.0,1,,0,773000.0,2731000.0,0,3895000.0
CL202304870,2023,Mendoza Sur,Salta,03/03/2019,50,Relación de Dependencia,798000.0,13.4,298000.0,5,296000.0,Sí,638.0,1,314000.0,1506000.0,1,4385000.0
CL202305210,2023,Canal Digital,Neuquén,2017-01-22,28,Rel. Dependencia,310000.0,7.1,85000.0,4,5.0,0,671.0,1,220000.0,317000.0,0,1141000.0
CL202302785,2023,Microcentro,CABA,08/07/2016,40,monotrib.,316000.0,6.5,161000.0,4,138000.0,no,585.0,0,114000.0,421000.0,0,764000.0
CL202306292,2023,Rosario Norte,Salta,29/12/2016,40,monotributo,582000.0,8.8,107000.0,2,231000.0,1,653.0,2,400000.0,1268000.0,0,3853000.0
CL202300212,2023,Rosario Norte,Buenos Aires,27/01/2019,45,Rel. Dependencia,329000.0,14.6,60000.0,3,105000.0,1,643.0,0,211000.0,326000.0,0,906000.0
CL202303689,2023,Córdoba Shopping,Buenos Aires,03/03/2020,33,RD,451000.0,5.8,138000.0,3,192000.0,N,,1,75000.0,430000.0,0,2833000.0
CL202301915,2023,Canal Digital,Buenos Aires,17/09/2017,50,Relación de Dependencia,890000.0,14.6,344000.0,4,189.0,no,646.0,0,620000.0,1868000.0,0,2074000.0
CL202301717,2023,La Plata,Buenos Aires,07/01/2018,25,monotributo,366000.0,2.3,187000.0,2,163000.0,no,521.0,2,0.0,478000.0,0,824000.0
CL202304404,2023,Córdoba Shopping,Buenos Aires,2020-02-01,72,changas,203000.0,21.5,65000.0,2,102000.0,0,677.0,2,88000.0,275000.0,0,1252000.0
CL202304313,2023,Palermo,Buenos Aires,11/07/2016,47,relacion de dependencia,2043000.0,17.1,274000.0,2,822000.0,N,677.0,3,1399000.0,2381000.0,0,10357000.0
CL202303854,2023,Palermo,Santa Fe,02/08/2021,60,Rel. Dependencia,1638000.0,19.9,135000.0,6,415000.0,0,726.0,1,1760000.0,2425000.0,0,3261000.0
CL202300999,2023,Rosario Norte,Córdoba,19/05/2021,33,MT,405000.0,3.8,143000.0,4,116000.0,No,497.0,1,226000.0,666000.0,3,1048000.0
CL202302257,2023,Rosario Norte,Córdoba,2019-08-16,40,Informal,447000.0,8.2,87000.0,2,115000.0,0,776.0,2,105000.0,383000.0,1,2438000.0
CL202303918,2023,Central,Neuquén,16/01/2019,39,monotrib.,676000.0,,79000.0,1,260000.0,N,691.0,0,211000.0,1475000.0,0,2693000.0
CL202301760,2023,Mendoza Sur,Santa Fe,2021-05-05,30,monotributo,,3.9,95000.0,1,623000.0,no,823.0,2,309000.0,1911000.0,0,9747000.0
CL202305484,2023,La Plata,Neuquén,2017-10-28,43,monotrib.,226000.0,7.6,106000.0,6,93000.0,S,,3,133000.0,342000.0,1,1071000.0
CL202300063,2023,Rosario Norte,Santa Fe,05/02/2020,36,monotrib.,377000.0,3.9,80000.0,3,104000.0,N,716.0,1,99000.0,588000.0,0,1549000.0
CL202303832,2023,La Plata,CABA,02/07/2016,40,Relación de Dependencia,1367000.0,9.9,214000.0,1,421000.0,No,742.0,0,836000.0,2795000.0,0,9993000.0
CL202303427,2023,Microcentro,CABA,17/08/2018,27,monotributo,240000.0,,50000.0,4,16000.0,S,675.0,1,242000.0,385000.0,1,1043000.0
CL202302278,2023,Córdoba Shopping,Buenos Aires,01/05/2019,46,Rel. Dependencia,651000.0,18.4,192000.0,4,109000.0,Sí,716.0,0,204000.0,1421000.0,0,1279000.0
CL202300196,2023,Central,Córdoba,27/12/2016,34,Relación de Dependencia,593000.0,8.8,182000.0,5,108000.0,1,618.0,3,391000.0,790000.0,0,1041000.0
CL202306738,2023,Canal Digital,CABA,09/07/2019,41,Informal,231000.0,,159000.0,4,51.0,Sí,549.0,3,130000.0,451000.0,4,1061000.0
CL202304864,2023,Microcentro,Salta,28/04/2016,47,RD,745000.0,12.2,233000.0,4,245000.0,No,665.0,1,490000.0,942000.0,0,3010000.0
CL202302413,2023,Central,Tucumán,05/12/2019,30,monotrib.,827000.0,0.0,247000.0,2,365000.0,no,733.0,2,601000.0,692000.0,0,1283000.0
CL202304836,2023,Rosario Norte,Santa Fe,17/06/2017,35,monotrib.,468000.0,,153000.0,2,86000.0,N,637.0,2,409000.0,995000.0,0,2985000.0
CL202300552,2023,Rosario Norte,Córdoba,2021-06-18,38,Monotributo,,7.9,96000.0,1,175000.0,S,637.0,0,325000.0,557000.0,0,3207000.0
CL202305546,2023,Palermo,Mendoza,03/05/2016,66,Rel. Dependencia,2340000.0,17.0,216000.0,8,568000.0,No,769.0,0,554000.0,3009000.0,1,8005000.0
CL202304433,2023,Palermo,Salta,02/07/2019,50,Relación de Dependencia,878000.0,16.8,229000.0,6,251000.0,0,771.0,1,231000.0,1156000.0,0,3697000.0
CL202303314,2023,La Plata,Tucumán,2018-11-05,31,s/d,201000.0,,26000.0,5,76000.0,si,667.0,1,199000.0,186000.0,0,1202000.0
CL202301215,2023,Rosario Norte,Tucumán,15/04/2018,28,MT,538000.0,1.3,91000.0,4,188000.0,0,663.0,0,89000.0,1144000.0,1,3448000.0
CL202301171,2023,Central,CABA,01/10/2021,48,RD,677000.0,13.9,67000.0,8,143000.0,no,723.0,1,224000.0,1352000.0,1,5236000.0
CL202305225,2023,Mendoza Sur,Santa Fe,11/01/2021,31,Rel. Dependencia,729000.0,8.5,125000.0,6,334000.0,0,704.0,1,238000.0,832000.0,0,2499000.0
CL202300049,2023,Canal Digital,Mendoza,03/01/2019,47,relacion de dependencia,685000.0,14.9,341000.0,5,202.0,no,561.0,0,467000.0,1391000.0,2,3163000.0
CL202301175,2023,Rosario Norte,CABA,29/11/2019,60,informal,192000.0,11.5,102000.0,7,49000.0,1,551.0,1,49000.0,395000.0,0,601000.0
